id,price
287176,1214449.4441666666
64597,521849.659
332336,1085342.5816825398
13567,502290.4731143446
25431,656831.0526
34755,673436.4678956756
64598,778270.2386886447
123333,285189.998
123334,674532.3333333331
123370,649900.0
127584,628560.039
170931,1367385.0594436505
176518,365093.7641077921
176519,446960.7855477858
176614,1378192.75
176682,1495407.2734285712
176683,1280619.8890529356
176709,3093084.368
176710,1753216.432862504
176711,1798181.8095031744
181564,1294801.0908242424
188774,2371653.349333333
200458,140678.176
202283,556600.0104333332
215976,285189.998
216034,674532.3333333331
216131,3300000.014
238608,366334.1967062937
260548,267703.1053444444
287177,1253221.6225111112
287791,1294801.0908242424
328317,516919.99666666664
331595,321874.3597402597
331599,321874.3597402597
332329,1085342.5816825398
332332,1226627.38095238
332334,1085342.5816825398
332338,1085342.5816825398
332344,1085342.5816825398
332792,891045.3456304476
332793,665070.1919999999
332969,3300000.014
379979,246514.782
381876,650307.3333333333
381877,683246.5476190477
406377,407240.0451260684
413294,1330826.3696523814
419038,784279.8134188035
478694,1294801.0908242424
491079,556600.0104333332
491202,1200000.0
491204,1048207.7209881622
491206,1249740.0
558433,498972.0485238095
558651,1249740.0
558652,1048207.7209881622
558656,1200000.0
558826,1259032.8878789674
696935,351115.02101098903
696936,351115.02101098903
743189,365996.48945476185
899389,442014.54017196945
956259,916969.3341450216
960232,1294801.0908242424
192912,234101.44995881597
238224,166255.59640802836
127418,183041.01931752707
476380,142139.3106050976
476373,136389.6481061448
121889,215742.26203280975
442705,99710.13528063722
570477,109012.74923932702
190415,100433.54685187744
960153,219999.74193548388
192962,208212.1537826516
272373,117977.12550933512
331484,82949.61224105237
516425,189365.6555836537
331246,96176.33452631913
238012,210911.84882349818
331721,138620.33536360128
200737,148741.35146182956
32111,64171.91325119327
30820,149852.1330917349
34661,100433.54685187744
175362,221807.356511509
315860,177890.42964746067
491172,220278.3207767722
418089,339831.1454928229
196008,226996.18374885022
176486,120591.57516994407
381656,163173.51662894004
190847,112022.25995697806
36013,135444.386709702
346688,159778.0167571876
64118,149123.1944890578
227528,153975.4451406866
25373,152345.63530141106
475869,112596.61097584655
379963,102997.18206806181
309712,86981.19773147945
315620,144335.04613015256
121442,134621.49346666667
525382,213698.43015534716
413535,283206.8632738854
180667,210179.72
29763,160581.32140603932
256021,220001.2
595719,214607.42652144763
18323,222674.08830799203
32095,185253.44035268284
238584,227612.13307122645
286929,230676.0569517898
230254,206189.14035185668
18751,264919.3396213423
331615,123569.67211046918
261052,180280.20248538416
11237,199398.0872270567
331489,142279.81521289932
61262,205000.0
107474,185589.53503791912
418083,258097.146
216015,264482.13822626177
44636,187147.4346279603
13981,165899.10863848694
272759,142352.1595142119
34633,109485.36302634064
180704,125773.80568831168
558641,146874.29370790278
558593,288186.01763827994
107332,151936.5849577723
227307,178941.5947368421
287043,121429.42052327222
405980,133704.39343804674
516453,208049.5808057608
195762,99361.53859770924
960190,189991.07171864586
122532,127156.86563809523
217192,158827.0606331224
261106,120592.5671074954
190799,189000.23461209936
35956,142279.81521289932
331478,170939.09847058824
34595,161869.65053655652
418454,96576.61573135317
516343,142279.81521289932
303486,108439.92198488061
161225,210453.90912198913
475900,93873.38041327533
44587,249839.0
413848,189980.36290893075
413885,120634.38284355316
381641,169676.47803417718
958106,242184.19724042623
516296,141883.9559482379
406722,180302.21703109078
13982,294356.6174493872
238579,184140.56544188084
309643,190606.64921212103
346283,87029.09351097218
195699,107591.59793493271
332058,189663.90984120348
36168,212923.61522935802
543594,163691.04040100632
558644,200726.901584328
516334,67614.70161003286
293563,100447.38418354759
116016,108268.35103190027
468052,208049.5808057608
419007,264919.3396213423
312018,268292.612
44652,247819.8729852529
255992,190953.23436602837
11233,105971.12736138441
346778,126195.3819218146
25399,286738.2440952381
61250,90317.73743637731
200694,134999.1666666667
178561,162717.20937171177
272829,219236.5198686097
558349,157677.4702431521
309706,114879.05104034895
1432,76654.23342910419
127093,116485.84226190476
195793,117388.14846869565
217191,106388.5420040946
558333,230000.0
595735,188460.98847081797
227919,208212.1537826516
11368,131393.91154029997
107336,156540.8719630908
29657,96576.61573135317
381394,100433.54685187744
331155,95036.47092961645
216053,213698.43015534716
229747,122000.08126635046
558394,215200.2430952381
1572,234101.44995881597
238163,196125.47825919572
381707,112022.25995697806
346775,121240.02755189256
63896,267479.323970276
515689,380920.8916355104
309640,144493.3
476386,142139.3106050976
331441,67614.70161003286
76878,134432.7067093615
558378,158353.2118452382
25407,190036.223695052
36107,169676.47803417718
192845,127556.41028123692
127180,142279.81521289932
161480,140554.64202283608
346155,139889.08608181818
1459,85735.16547619048
34731,217907.00126262632
315650,106388.5420040946
272319,196005.68894411135
331255,121430.68044531973
133206,265009.69621761603
161258,181072.7503428571
232452,134763.53880733796
312029,225649.65129562595
200691,123169.45830122099
315687,195252.84292216468
956316,160264.61962402303
442637,164474.2883722944
494238,100445.98960683431
346206,260566.62671241828
516432,169953.06278217942
311943,228095.96599999996
381539,188766.4570973479
217430,168497.22227551063
899436,208212.1537826516
332433,143749.661931936
331262,96176.33452631913
195705,107591.59793493271
468114,228781.01376866898
558416,106388.5420040946
491008,140554.64202283608
200624,139889.08608181818
230566,141532.41978129832
234266,239986.50252873564
260702,149309.5512941778
180681,161125.78651577095
478455,288186.01763827994
475853,78868.5442715021
161228,351984.56642712856
61253,79973.28977966945
44625,323827.3333333334
25109,86981.19773147945
123338,157104.58498210888
331261,96176.33452631913
405972,175636.78592472983
25323,189300.31040302047
957495,220882.51096548935
491052,178451.55266666668
180800,158000.17150471976
284716,176631.16057276062
332420,137594.93402660533
260686,142720.96466338538
25110,64171.91325119327
48685,132833.98335987914
176618,340009.04256865825
286927,100007.35216347722
1442,133205.27560000002
183009,777982.0610666667
525171,63434.55143499643
190471,105493.42746665172
32085,150717.93698637118
475868,142578.8528727374
328271,87029.09351097218
418608,153107.99771717444
476377,142139.3106050976
35786,223737.33414871793
478179,158115.65098612683
293913,380763.80179999984
284395,123635.97917790577
418570,143785.68647331093
593553,285032.4664
328647,139854.04883320018
30917,94757.62460206372
328619,179996.51593246203
176514,158000.18003510716
595624,141020.9585217747
176479,99361.53859770924
413873,154305.33280852684
176592,136360.00855079744
34742,117587.39526567543
346335,128782.61509489846
32042,163913.93567682628
309830,195075.001
346130,157571.54945133385
13669,141883.9559482379
695685,116493.7419768483
899385,145866.53756345884
234222,160581.32140603932
11455,169178.64719443105
570442,100763.87818553681
293707,71538.25504761905
406654,226996.18374885022
234209,223262.38958162014
332082,214255.6481235414
216085,234935.29199999996
284377,93873.38041327533
956217,204872.57654576536
48708,149053.4517
332241,254052.32136231888
524779,215120.02733505797
381403,98000.99847144863
180743,109474.72736261398
31031,152261.59293236278
595606,96106.87205105381
312061,171856.43974902848
331367,127309.11022317386
133242,167292.47319708898
188583,135118.49006939726
515702,266601.27617667353
570433,129428.04123809523
558317,208503.98977079822
899407,131393.91154029997
331448,113567.704
293677,147996.46266135524
332092,237250.26535714284
200999,144706.35948216135
315877,184140.56544188084
743131,129839.4571831385
287432,419046.94832382596
44640,234508.79498095234
272215,127281.03857142857
418145,308037.2772854774
44638,233867.88369391885
127465,403454.4967015023
332139,261418.86428507863
539949,295629.7933333334
406214,164293.78071515154
541881,174539.39321904763
474996,135764.32537204117
960091,97559.7701
406213,122000.08126635046
133241,246180.67028571424
696871,96829.42215039987
346832,147152.1042105263
121406,156347.874589869
260689,142761.34816176118
516443,174009.174317135
202229,129524.97857142857
405888,462298.2368571429
18514,96576.61573135317
237998,136340.49841615473
293689,142275.9500369214
64529,207938.29825577085
525199,85001.94068769916
293402,275210.74
293561,78375.18223443223
127069,82330.69296692421
287297,288186.01763827994
25017,163913.93567682628
418894,194018.7134295361
381737,137563.7390162895
380117,182072.86195334533
418907,243346.24857009877
956899,200480.11904760785
48692,215000.0
418147,374064.4373027956
44340,122075.87532467532
309634,163913.93567682628
176469,162804.86533333332
300805,251076.54
525440,137987.68703734176
418958,197338.21677055277
25375,301333.49299999996
406345,128888.04731205675
405890,211281.8788432917
200951,301989.86
331386,205229.38736231884
331248,119938.32195081138
346294,148741.35146182956
418471,183255.0803592181
475919,91516.68836242094
284307,96829.42215039987
44570,196833.5819658822
309758,207938.29825577085
332287,299861.10885954107
418735,114843.8666060606
332095,137840.07444684274
332040,157295.8508702567
132860,83991.7709649674
960094,107242.25348461539
406299,156358.78936958642
309686,64284.799004883986
1028,1166859.8525
1242,93995.03730646367
1245,94093.07938763603
1248,83791.75351161062
1249,76003.44962041467
1250,118798.65026035623
1251,106519.81681813578
1252,94989.04436535732
1253,167450.98502277432
1254,178538.5379463412
1256,167342.7940027838
1257,103717.78719298246
1258,104942.68909235211
1263,96615.35922402597
1271,91565.56672457184
1311,92550.37442443748
1312,105151.71801874193
1313,105151.71801874193
1314,105151.71801874193
1317,90637.28245544301
1319,73191.078184148
1320,73191.078184148
1322,97460.52871281833
1328,74394.00275494764
1329,74394.00275494764
1336,97230.01704094329
1339,119192.6225006937
1340,108748.27634285712
1342,81076.24062508869
1386,149123.1944890578
1387,114652.40111111113
1389,135885.24123333336
1391,142410.05490196077
1392,140554.64202283608
1393,129995.52999857163
1394,84471.12497366875
1395,68187.93310288974
1396,170473.341100781
1398,100445.98960683431
1399,231719.79761845645
1400,142656.81131809918
1403,135028.68333333335
1405,225410.80410331604
1410,145888.11802158016
1412,117439.12260088265
1414,230676.0569517898
1418,242523.89
1429,236152.85809235208
1431,57343.95576136019
1434,141125.73226666666
1435,141539.8013333333
1437,97320.29278262574
1439,116360.29156532357
1441,141125.73226666666
1443,95608.06797862516
1446,156119.20053462742
1449,102657.01162456223
1450,70284.3745809524
1455,119451.35181121145
1456,197907.20669860658
1457,127734.4212527583
1460,148741.35146182956
1462,132875.1927303187
1465,102997.18206806181
1468,155999.75855378472
1469,106388.5420040946
1470,118507.303787737
1475,87029.09351097218
1476,94809.6762749777
1477,144826.2077115905
1561,239984.69414297296
1562,189991.07171864586
1563,251900.20131087548
1566,207938.29825577085
1568,184012.0387352096
1569,300013.0392048009
1573,166774.1208626996
1575,171822.0
1578,265111.0172735761
1584,160581.32140603932
1585,265009.69621761603
1592,262907.8438313619
1593,732463.357142857
1594,358465.1305993591
1599,265196.3774853801
1602,214711.49383835707
1604,147715.7000935384
1608,251612.4592867133
1609,397747.26984126994
1610,251612.4592867133
1613,265290.9066666667
1615,137047.3510767449
1616,213532.2781204476
1617,139854.04883320018
1628,224431.076218315
1642,169178.64719443105
1674,235000.0
1677,283979.95624903974
1679,385103.95167263405
1680,317208.6591034781
1682,330172.74687301595
1687,408180.89841269836
1688,200000.0
1689,140497.51805347673
1690,420000.0
1693,544840.6869881711
1720,360000.0
1722,568639.4681467965
1732,427073.83879365074
1733,442465.0150793651
11090,56000.81290322581
11091,119454.69314285714
11107,136735.70404559356
11119,85324.10254155402
11120,87455.808
11148,344279.8272455321
11149,79000.30625
11155,124591.40604299543
11218,64695.33281575386
11219,98976.9
11222,101024.31731375093
11225,124510.16400352295
11227,124510.16400352295
11228,199398.0872270567
11229,135668.6078901273
11230,230000.0
11231,102269.42538387913
11234,229956.0
11235,118782.72114374436
11238,116538.98280146523
11249,80167.54593913585
11257,109358.70601373626
11259,104382.35622688425
11260,78204.35599206344
11262,118439.6132785193
11264,98819.66422033246
11318,85181.21962956004
11370,153000.0
11371,138503.56388355937
11372,208049.5808057608
11373,335834.198
11374,165000.04687710124
11375,183393.91453297436
11376,174009.174317135
11379,208505.83058895616
11386,139761.29164724165
11387,228781.01376866898
11388,108491.89452973961
11390,135167.6474284435
11392,173626.5090105789
11393,173626.5090105789
11396,167083.43934269404
11518,225355.53353412013
11519,379165.5804878863
11520,450675.5292581622
11524,349963.55381422787
11585,609047.482756133
13306,70001.73230474358
13316,153654.132336331
13322,94047.98289012737
13323,114131.00451627355
13329,103842.7940018112
13455,74544.06769154823
13456,105000.0
13458,77989.37881098158
13460,77989.37881098158
13461,79484.21485346244
13462,74348.27498352183
13464,71784.8004848485
13467,97981.90535399859
13469,76061.93102137075
13472,76061.93102137075
13474,76061.93102137075
13476,77989.37881098158
13478,62009.79249574563
13480,77989.37881098158
13482,68005.175
13483,76061.93102137075
13485,102218.28806843936
13487,123263.7894777201
13488,123263.7894777201
13489,140000.1216306958
13490,121150.72012473815
13491,123263.7894777201
13492,123327.69742852711
13495,110208.71053716466
13496,124201.784870416
13497,185819.88354873846
13508,78316.77702488157
13510,153761.77715098037
13512,153761.77715098037
13513,153761.77715098037
13517,174730.4703113489
13519,166820.87579365078
13521,123318.35197749837
13522,108634.86701837636
13523,108634.86701837636
13524,123318.35197749837
13525,108634.86701837636
13527,108634.86701837636
13528,123318.35197749837
13529,108634.86701837636
13531,123318.35197749837
13532,123318.35197749837
13534,108634.86701837636
13537,77449.77407726865
13549,345045.57711167686
13550,74366.91868148682
13551,76188.10167695941
13553,94290.45450874258
13555,77317.14003788448
13560,113962.91092731828
13563,131638.65558252746
13590,92552.79940295954
13652,76267.11690399557
13662,136588.47845473047
13672,135832.29390816798
13674,208000.0
13678,99985.3394375709
13680,301775.46207045903
13694,165374.76170267942
13711,188047.75784737724
13712,125516.58111479427
13713,195653.1991152636
13714,125516.58111479427
13718,125516.58111479427
13720,188288.0413818389
13726,142279.81521289932
13727,142279.81521289932
13728,142279.81521289932
13738,68439.7306056166
13739,119613.21984126983
13741,119910.992
13742,125549.35097389141
13743,125549.35097389141
13825,90234.07496111884
13826,98767.8233319857
13827,193152.59047619047
13828,135444.386709702
13941,169676.47803417718
13947,183041.01931752707
13950,214585.24760993067
13956,246976.45405425056
13961,199980.0
13974,271638.59986703994
13975,139914.24142575386
13976,172781.00127013575
13977,172781.00127013575
13980,172781.00127013575
13983,172781.00127013575
13985,172781.00127013575
13986,172781.00127013575
13989,172781.00127013575
13999,160146.4760353398
14000,188817.63357413287
14007,226519.5668811354
14130,293221.69773075165
14131,269858.7390174906
14132,217840.68820389704
14139,270222.46780213463
14144,289995.5945020336
14145,610035.3639053685
14149,336588.0699155845
14158,278167.2835282881
14159,239936.14311844506
14160,190710.83872821103
14162,184982.66227018126
14249,533500.1265933233
14251,200552.60811017072
17944,388249.28474999993
18216,97208.27140889737
18225,251300.23540803144
18227,97854.74308998646
18228,161349.87424170502
18229,283093.4376305733
18230,150025.20028292233
18234,127724.40333333334
18240,182003.384062447
18261,482236.8737891589
18263,205792.9129854698
18273,989825.3086666667
18274,160697.46141991345
18275,296543.13972035184
18277,172690.65310926075
18280,116410.09771158046
18281,96664.9696846022
18282,70767.92814680007
18284,94999.28571428571
18285,120377.49308444881
18286,135273.58391648973
18287,84951.66051395467
18288,80110.3694220738
18289,90078.44818068194
18290,64534.948368650796
18291,84951.66051395467
18292,84951.66051395467
18293,84951.66051395467
18294,80110.3694220738
18310,207435.61631089897
18311,205768.14316172714
18312,116410.09771158046
18313,203201.114
18322,98852.52973417277
18324,192250.64066666664
18327,85324.10254155402
18509,140367.66927119938
18527,156721.9394440121
18533,81585.22153761104
18537,195007.82703407938
18561,159991.95397121352
18562,98767.8233319857
18569,79070.55391341988
18570,83435.0045813492
18572,158827.0606331224
18574,129839.4571831385
18575,132875.1927303187
18696,131349.884142938
18702,223262.38958162014
18704,149382.29575666634
18708,223955.29471278074
18712,132833.98335987914
18713,160581.32140603932
18717,215000.0
18718,215000.0
18747,239986.50252873564
18750,235506.76833976834
18753,223428.5340506129
18754,165258.84451157594
18755,153209.12652357866
18779,222379.1637679308
18780,214711.49383835707
18781,149600.47948406718
18854,325209.7434670232
18856,359551.2471450119
18858,324940.24988968275
18866,186048.48967973495
18867,155839.22865484408
24546,59067.41667909372
24557,104263.0922420846
24568,127409.08
24578,94058.96432196931
24696,58222.20402067967
24715,85361.57488789441
24716,110075.25570849306
24718,136995.21331904762
24720,114097.7824734334
24721,114097.7824734334
24722,119567.83035506678
24723,114097.7824734334
24725,114097.7824734334
24726,114097.7824734334
24727,119567.83035506678
24728,71281.8296483572
24729,119567.83035506678
24730,114097.7824734334
24732,119567.83035506678
24733,114097.7824734334
24734,119567.83035506678
24735,114097.7824734334
24736,179619.72392356687
24737,114097.7824734334
24738,119567.83035506678
24739,119567.83035506678
24741,104355.84210526316
24742,94927.22632638084
24744,130000.0
24747,115003.44353512881
24748,100595.85671825398
24749,106159.72378846651
24750,106592.2483488733
24751,200082.7781401274
24794,93742.88870810322
24803,107829.4805077669
24809,102640.65450375665
24881,128495.81011614557
24882,82828.72702336479
24884,59479.1862254136
24885,79989.67724158069
24887,77711.92358678565
24888,103648.69363227177
24895,82379.26572817701
24931,94966.2877926921
24932,139795.05286960083
24996,101998.31084656084
25000,131241.45242048785
25005,209856.53632505174
25006,161154.37583715253
25009,163913.93567682628
25010,89968.65469553508
25011,163913.93567682628
25012,163913.93567682628
25015,163913.93567682628
25016,163913.93567682628
25019,163913.93567682628
25021,101481.766416095
25022,70073.4874025974
25025,165000.0
25026,186223.9235334714
25028,241912.144
25052,99830.13704220783
25054,117475.1111112462
25069,67900.0427228794
25071,179693.02157912738
25073,187070.2979047619
25076,133615.4567
25079,128022.59175430537
25080,94434.58380148481
25081,129913.05624695975
25082,64284.799004883986
25086,142279.81521289932
25087,99719.20285714285
25088,142279.81521289932
25105,213295.015
25106,129961.67737752167
25107,158000.18003510716
25114,109910.40499111061
25116,132435.1510050803
25156,102797.617
25192,177125.4483648754
25297,122278.28531864622
25298,132979.25833333333
25309,185432.33406976625
25312,213698.43015534716
25313,207938.29825577085
25314,155401.39659098285
25319,198999.79487179487
25320,165000.04687710124
25321,172037.45890226698
25324,141555.78101659808
25327,190766.94066277044
25332,140757.5392281545
25334,169258.76282543197
25355,157961.9106620719
25356,289410.96089002996
25359,180571.50521276408
25360,188531.57517016315
25361,136360.00855079744
25369,251193.53246823352
25371,181197.74582962345
25381,138267.27239412183
25382,145454.02413644144
25396,169166.10669749213
25397,197582.1528588368
25401,158887.3601018871
25403,190317.8755114167
25405,233068.69264794057
25409,175349.33967809702
25410,183392.2946767022
25435,262741.91978280543
25452,96547.43103713686
25453,340009.04256865825
25455,128103.18257088447
25456,110802.67243738225
25536,207177.9247834637
25541,270997.56371246575
25542,228724.506825668
25544,183944.3847534092
25551,278855.7307692308
25570,271178.2458021753
25572,355411.31333333335
25573,288371.29820051003
25577,270002.4982103611
25578,270002.4982103611
25581,327827.6890461783
25588,230000.19418126423
25591,214951.37600553042
25596,258184.36476443
25605,164779.21321702944
25661,263973.798
25668,271494.948540107
25670,200867.95330810538
29603,97208.27140889737
29605,97854.74308998646
29620,94999.28571428571
29621,77449.77407726865
29622,77449.77407726865
29638,85324.10254155402
29666,195007.82703407938
29667,168687.5642857143
29686,123388.85234048753
29687,123388.85234048753
29689,169219.65514699518
29690,114309.55358948397
29695,98767.8233319857
29703,129839.4571831385
29704,158827.0606331224
29755,223262.38958162014
29759,215000.0
29765,223955.29471278074
29776,239986.50252873564
29778,264919.3396213423
29779,235506.76833976834
29780,248001.4
29781,264919.3396213423
29782,153209.12652357866
29824,325209.7434670232
29826,359551.2471450119
29829,324940.24988968275
29832,1055906.5637973133
30542,130864.28158095237
30550,93638.44429408554
30551,107617.6496144619
30552,70405.72880781502
30553,79938.20277804362
30661,80530.0323962578
30667,88028.20736842105
30670,130864.28158095237
30671,87108.11277175133
30672,93764.75545731033
30679,183187.89197676626
30689,73191.078184148
30690,73191.078184148
30691,73191.078184148
30692,73191.078184148
30694,73191.078184148
30696,73191.078184148
30699,71540.14042456918
30779,81974.10097793702
30786,98693.51226317202
30788,230000.0
30789,200225.36
30791,107405.40500989686
30793,161125.78651577095
30794,127998.0
30795,141883.9559482379
30796,210179.72
30798,190687.34066666666
30800,127556.41028123692
30806,227623.12206233767
30809,92476.66105582388
30817,100027.35361948753
30818,138388.02159605152
30821,142279.81521289932
30822,89788.93821378621
30825,149852.1330917349
30831,158000.17150471976
30833,102997.18206806181
30834,106388.5420040946
30835,112660.0525290634
30836,134552.18245153062
30849,201203.79575843667
30850,126698.57972084195
30851,207463.8914141414
30918,101591.3064710039
31010,184980.1777777778
31011,254614.6566166593
31012,288186.01763827994
31013,254614.6566166593
31015,149810.45072490667
31016,288186.01763827994
31017,254614.6566166593
31018,254614.6566166593
31020,254614.6566166593
31024,264968.4228922577
31026,254614.6566166593
31027,254614.6566166593
31036,184270.82124305595
31042,200726.901584328
31075,151477.230963139
31127,229962.8360381705
31128,185476.76804140533
31129,374992.836996337
31136,259133.2025740025
31137,344884.2611111111
31140,250006.83491424756
31143,228935.82584082586
31144,199428.7082065198
31145,374992.836996337
31184,375011.05550676613
31187,443588.7396833333
31189,462314.77831190475
31192,375011.05550676613
31195,374951.05550676613
31798,272554.49078571436
31913,85361.57488789441
31920,114097.7824734334
31921,114097.7824734334
31922,119567.83035506678
31923,119567.83035506678
31925,114097.7824734334
31926,119567.83035506678
31927,119567.83035506678
31928,119567.83035506678
31929,119567.83035506678
31930,114097.7824734334
31931,114097.7824734334
31932,119567.83035506678
31934,119567.83035506678
31935,119567.83035506678
31936,114097.7824734334
31937,114097.7824734334
31938,114097.7824734334
31939,179619.72392356687
31940,106592.2483488733
31941,120232.68866666665
31942,106159.72378846651
31944,115003.44353512881
31945,94927.22632638084
31946,104355.84210526316
31947,125593.04015111925
31957,114883.1059938462
31961,95055.97334734266
31970,79989.67724158069
31972,59479.1862254136
31978,107668.85217250136
31990,85636.34131517418
31991,83379.76985845077
32031,193487.51342953608
32032,140213.7892901221
32033,129952.2717952381
32034,163913.93567682628
32035,163913.93567682628
32036,163913.93567682628
32037,163913.93567682628
32044,163913.93567682628
32045,89968.65469553508
32047,110170.60280475512
32051,165000.0
32052,159712.67148095244
32055,128718.0415471892
32057,140115.10040986005
32059,165000.0
32079,99361.53859770924
32084,90393.03691175317
32087,64284.799004883986
32094,142279.81521289932
32102,140856.4799866799
32106,109910.40499111061
32108,86981.19773147945
32110,158000.17622594984
32239,134458.41137918
32243,185432.33406976625
32245,207938.29825577085
32248,213698.43015534716
32255,169258.76282543197
32256,193607.22921320694
32262,198999.79487179487
32263,141555.78101659808
32265,141321.12008300872
32278,276305.13330886664
32279,178206.06061213373
32286,167255.54930211336
32289,162100.4759988056
32297,134159.62999722108
32299,160587.78161063563
32300,136606.0819070836
32301,195075.001
32304,233068.69264794057
32305,183392.2946767022
32336,340009.04256865825
32337,148945.8553160168
32394,257096.52345046855
32396,183944.3847534092
32398,201121.82598774493
32408,376179.2597518956
32419,327827.6890461783
32422,230000.19418126423
32423,214951.37600553042
32478,271494.948540107
32490,713052.4666666668
32496,724301.028
34339,137482.10804463743
34456,105000.0
34470,146842.39161556654
34472,108117.0392739116
34488,116768.41095238096
34489,92573.36970692434
34492,110356.33980671834
34495,116075.2114255411
34503,79484.21485346244
34505,79484.21485346244
34506,97981.90535399859
34508,67534.65227055804
34510,123263.7894777201
34511,92849.2117142857
34512,140000.1216306958
34513,123263.7894777201
34516,123263.7894777201
34517,123263.7894777201
34523,76188.10167695941
34525,74366.91868148682
34528,345045.57711167686
34542,77317.14003788448
34546,94290.45450874258
34579,136588.47845473047
34591,166754.3858306146
34596,141883.9559482379
34601,91577.9972972973
34619,125516.58111479427
34620,125516.58111479427
34622,125516.58111479427
34654,189708.56728107986
34665,208000.0
34669,99985.3394375709
34670,142279.81521289932
34671,142279.81521289932
34672,142279.81521289932
34675,125549.35097389141
34676,68439.7306056166
34677,125549.35097389141
34678,119910.992
34679,193152.59047619047
34680,98767.8233319857
34716,169676.47803417718
34718,183041.01931752707
34722,214585.24760993067
34732,224224.84444166938
34735,135572.54462820513
34743,139914.24142575386
34766,246976.45405425056
34771,199980.0
34775,160146.4760353398
34776,188817.63357413287
34797,408497.1972949197
34800,269858.7390174906
34801,217840.68820389704
34809,289995.5945020336
34811,361081.7282964183
34818,199000.0
34828,278167.2835282881
34829,184982.66227018126
34830,239936.14311844506
34831,190710.83872821103
34840,657358.8095238102
34849,609777.4645354648
34850,1049497.790857143
34851,200552.60811017072
34858,933050.0
35743,79484.21485346244
35746,97981.90535399859
35747,67534.65227055804
35749,79484.21485346244
35750,79484.21485346244
35752,92849.2117142857
35754,123327.69742852711
35755,153520.80353884716
35756,123263.7894777201
35757,123263.7894777201
35758,123263.7894777201
35760,140000.1216306958
35771,358365.534095238
35781,77449.77407726865
35789,74366.91868148682
35791,76188.10167695941
35792,94290.45450874258
35793,345045.57711167686
35794,105107.81613788521
35796,77317.14003788448
35876,100433.54685187744
35878,136588.47845473047
35885,99985.3394375709
35888,141883.9559482379
35889,208000.0
35935,125516.58111479427
35954,142279.81521289932
35957,142279.81521289932
35966,125549.35097389141
35967,119910.992
35969,68439.7306056166
36014,193152.59047619047
36015,98767.8233319857
36112,214585.24760993067
36115,199980.0
36159,139914.24142575386
36170,188817.63357413287
36171,160146.4760353398
36357,293221.69773075165
36358,269858.7390174906
36359,217840.68820389704
36371,289995.5945020336
36382,199000.0
36383,190710.83872821103
36385,278167.2835282881
36386,239936.14311844506
43875,89754.121772575
43877,74609.06181080863
43878,74609.06181080863
43930,64966.33044444443
43931,64966.33044444443
43932,56332.030666666666
43933,93231.75697177806
43934,93231.75697177806
43935,56332.030666666666
43936,102503.87834357235
43938,216945.60933333336
43939,56332.030666666666
43940,56332.030666666666
43942,88512.32214730505
44026,79000.30625
44042,127756.09775855574
44047,104963.06985774945
44048,88922.71103908357
44061,86865.6340720652
44062,86865.6340720652
44072,69670.29333333333
44077,103638.4114472532
44078,152829.9496396453
44079,119834.82281299279
44080,91479.12457142856
44082,96269.11800797521
44083,99018.44699110235
44086,140293.1222857143
44087,105435.53593331593
44088,118949.49417930061
44091,79023.93925
44093,84265.84843438913
44100,77449.77407726865
44102,77449.77407726865
44106,95000.0
44107,86690.88045881293
44108,91382.19095813697
44137,76035.44497169672
44139,102053.85075847906
44141,91932.95807902819
44144,86915.89917128885
44145,100074.67987710926
44195,107893.03206361298
44196,107950.69155263204
44197,90493.24585510942
44216,101998.31084656084
44218,107480.3133900319
44246,101481.766416095
44251,103400.92325731718
44252,170473.341100781
44255,130000.0
44258,206475.57765375957
44262,128281.6
44264,728832.468
44268,182419.1341795998
44269,210255.71861471856
44273,105971.12736138441
44309,101397.21073663703
44311,148013.02317602708
44313,143488.1061904762
44314,139062.3621031746
44321,100101.68208519412
44337,123024.43139047618
44338,96106.2805584187
44341,122075.87532467532
44346,107893.03206361298
44348,149904.82572961695
44349,113683.22676190476
44352,96106.87205105381
44353,199378.95278260869
44354,143131.15843931228
44355,96106.87205105381
44356,133823.7
44369,728832.468
44370,131348.69381428574
44379,118507.303787737
44380,101020.26331375093
44381,102729.40069581078
44382,107845.61903163372
44384,144981.80060734664
44443,133167.6284113559
44566,145082.5349083139
44571,185632.10717460015
44574,184573.50008570947
44578,184573.50008570947
44605,221500.40333404896
44606,128041.22442796483
44627,185113.6777764673
44634,214607.42652144763
44635,233867.88369391885
44637,233867.88369391885
44641,233867.88369391885
44642,249153.01936055953
44643,176392.4149013778
44644,239204.00541269846
44645,215782.19916996406
44661,363054.6584333333
44666,134675.06360926758
44668,129559.1787706786
44824,269292.741667851
44827,274201.8150590381
44830,199025.1861837659
44845,498377.492976827
44847,428215.054
44853,245161.19966701296
44865,213955.32531024533
44867,270002.4982103611
44883,334676.3398404205
44973,361639.047396992
48253,174438.4354506239
48256,124441.7692727663
48263,173806.74774697828
48265,145908.3539824471
48268,366069.4513333334
48269,174486.91469768836
48271,203151.59178782007
48272,450352.74066666665
48273,203151.59178782007
48274,191600.06880374224
48275,309892.3625454546
48282,357988.5742834359
48286,94999.28571428571
48288,102629.3312504918
48289,102629.3312504918
48291,77449.77407726865
48302,103387.21240729485
48303,210202.74668972348
48308,85324.10254155402
48481,96576.61573135317
48490,195007.82703407938
48494,437883.83499523805
48495,268104.97355555557
48508,132015.36257142856
48509,133833.4859633404
48513,79232.52980075646
48520,98767.8233319857
48521,159991.95397121352
48531,129839.4571831385
48693,420000.0
48703,160581.32140603932
48722,264919.3396213423
48723,248001.4
48725,264919.3396213423
48726,223428.5340506129
48729,153209.12652357866
48737,175601.33595925328
48757,214711.49383835707
48758,222379.1637679308
48759,149600.47948406718
48818,325209.7434670232
48819,359551.2471450119
48822,402923.1186833333
48827,324940.24988968275
48833,1008208.5396825396
48839,1055906.5637973133
48843,155839.22865484408
61053,103100.82531608923
61075,76129.22234576147
61076,114696.4417398178
61079,406073.56159660296
61080,77449.77407726865
61087,102546.21183682141
61088,94761.84386605369
61089,91888.19377954701
61091,94761.84386605369
61093,102546.21183682141
61094,94761.84386605369
61098,52222.74431390283
61251,109991.63553740713
61254,136340.49841615473
61255,89435.2520178625
61261,161125.78651577095
61270,126178.67175469396
61273,154758.54593608336
61274,148741.35146182956
61275,118439.6132785193
61276,141020.9585217747
61277,135495.0120069685
61278,150899.37717740692
61281,196125.47825919572
61282,148741.35146182956
61284,155999.75855378472
61288,148741.35146182956
61339,85181.21962956004
61406,145825.44610814305
61407,160043.95194684077
61409,134763.53880733796
61411,177990.51278271814
61423,199000.0
61427,188460.98847081797
61429,218904.11683760685
61430,169550.50942346707
61546,334544.0175883227
61548,142992.31437257986
61549,289999.4666041576
61561,330651.2801427699
61569,292168.9055977124
61570,293779.3637477478
61571,293779.3637477478
61572,183691.63594187764
61573,293779.3637477478
61574,195827.26458561546
61577,293779.3637477478
61578,189007.24958897487
61651,803700.5714285714
61653,568639.4681467965
63856,259549.3271194975
63864,76003.44962041467
63866,94989.04436535732
63869,123720.24723809534
63870,106519.81681813578
63873,113485.21788571432
63875,206700.9773333333
63876,115382.78550724639
63877,114321.44085611604
63886,267479.323970276
63888,149145.51744444444
63889,398532.60049557843
63891,398532.60049557843
63892,398532.60049557843
63893,268784.1133714099
63894,166174.13457142856
63897,351984.56642712856
63898,154728.88738095236
63900,377522.02185782837
63901,149145.51744444444
63903,284988.83429299365
63904,398532.60049557843
63905,284988.83429299365
63916,172690.65310926075
63917,109951.8094226035
63918,123489.83253893464
63920,173075.24740077622
63930,71279.06748768473
63932,73191.078184148
63933,73191.078184148
63934,234786.59219999998
63937,84618.5411034965
63959,73750.04933333333
63960,87758.34821699411
63961,105135.68125596597
63964,104254.2419047619
63966,179157.0245859317
63967,178023.40090038863
63973,153644.9699076923
63974,106378.95630761822
63975,106224.60669447349
63976,107517.41405970183
63977,106378.95630761822
63978,150719.49715151518
64114,134730.51913499951
64115,99719.63394667384
64116,129995.52999857163
64117,100445.98960683431
64121,95717.54824194858
64126,105000.0
64129,198787.41726190477
64134,103374.58848517317
64136,142656.81131809918
64137,135028.68333333335
64170,105002.0
64171,116648.33773476465
64175,152352.11340127385
64176,86626.36222662602
64180,89568.78016666668
64181,121132.55962663652
64182,94725.12852545366
64198,124045.80950476191
64199,92093.32604694316
64200,117203.32222222222
64201,93234.46452759422
64202,101274.6859047619
64204,102072.95811037204
64205,155999.75855378472
64206,144826.2077115905
64209,106388.5420040946
64210,102997.18206806181
64211,120005.69217371818
64212,104818.45315058822
64213,109454.49523809523
64216,109454.49523809523
64239,129989.01699827805
64240,144813.47837515507
64387,125002.16467082548
64389,111812.00301827255
64390,124999.96428510183
64392,153975.4451406866
64393,153975.4451406866
64394,96888.36337505702
64522,231205.27333333335
64524,186443.76848715803
64530,300013.0392048009
64531,189991.07171864586
64532,177607.31096320885
64535,264442.1522222222
64549,200000.0
64552,171822.0
64571,123057.25329267702
64572,114984.65636606325
64577,170872.78317164505
64579,211418.0819277223
64581,184140.56544188084
64583,134995.26557575757
64584,101839.63653910533
64588,61190.834507936524
64589,77354.05569047618
64592,72989.84908001185
64634,208212.1537826516
64636,169178.64719443105
64777,283979.95624903974
64778,369992.5128205128
64790,320217.6875
64795,377937.08479886135
64798,408180.89841269836
64799,200000.0
64805,444691.6286666667
64897,360000.0
64900,568639.4681467965
64902,579980.9176545298
76324,171490.2682782327
76325,78568.59460905664
76328,101618.8345505458
76460,99411.62266666668
76479,157706.418441986
76481,85422.95624908425
76488,115939.20117792972
76489,163015.16468944098
76491,135142.0530136183
76492,135825.61742857142
76496,189648.52352844857
76497,101215.04076050092
76498,101262.98732873466
76576,106329.03288644688
76581,156585.64978898756
76582,118711.39923204738
76586,68329.9753136496
76587,103638.4114472532
76591,98836.54879236978
76598,146544.41029004328
76608,118711.39923204738
76625,88409.12850505051
76647,142865.0
76657,121576.09577919319
76754,102937.98590861082
76769,148777.92702380952
76786,215719.58953468857
76791,102992.94903860289
76833,154621.83733333333
76868,131017.33131367227
76881,124279.1479830264
76882,141338.40036348195
76886,237872.26866378062
76973,228936.30952323097
76981,209310.51933333333
77157,280011.57735728717
77213,238596.64155238093
77221,243712.2977484737
77395,171078.33869158715
77409,379934.3484203821
77543,545400.6519619436
107011,93995.03730646367
107014,153331.78951922362
107016,149188.32858390632
107020,90854.75306269484
107021,124531.60958310794
107022,124973.0
107023,68780.48932863849
107024,124531.60958310794
107026,111972.70351998623
107027,119494.63004774952
107028,107319.52784590886
107052,89991.0788968871
107055,113860.65276069635
107077,108679.78267271383
107079,108679.78267271383
107080,108679.78267271383
107081,108679.78267271383
107083,77349.79316961167
107084,77349.79316961167
107085,96809.7286977821
107086,345592.9986722689
107088,123226.30882167062
107134,287407.7486666667
107144,102546.21183682141
107145,111665.1246956173
107146,102546.21183682141
107147,181176.0885862281
107148,124896.92903377577
107152,192250.64066666664
107153,192250.64066666664
107154,192250.64066666664
107155,192250.64066666664
107156,192250.64066666664
107167,145095.86172979404
107168,153745.02268018067
107171,112851.23596315042
107306,130643.86182112547
107307,149139.8664920147
107311,159875.63622830025
107319,113649.56096200997
107321,187699.31666666665
107324,145888.11802158016
107329,151936.5849577723
107333,106526.7046092796
107334,156540.8719630908
107335,106526.7046092796
107350,79083.57756593639
107351,84140.52034462456
107352,118507.303787737
107475,290000.2261239674
107485,279997.50616924383
107489,299766.2598956252
107490,306839.33928180573
107492,439543.07066666667
107497,432386.9989285714
107513,114988.25217853412
107515,117507.18364090413
107525,189607.78333333333
107618,194633.15166233448
107636,297727.42728547734
107645,288021.02215311
107657,184017.23554183939
107658,220690.30790777196
107659,230009.6532981291
107661,190633.73533780032
107743,189914.19444782144
107762,655523.2728202355
115818,182157.0416190476
115848,96557.66001828638
115866,327951.6124531918
115867,93965.63742660538
116064,97074.49153333333
116073,127094.09707401424
116590,257750.95942857143
121057,88512.32214730505
121143,73865.7346343199
121144,98976.9
121147,163617.4200493255
121149,71000.16705946845
121151,126922.13456825398
121154,122985.92564993894
121156,142576.23161964465
121176,163122.7620493255
121179,125426.16121740168
121180,122560.7706054834
121187,101120.8476190476
121190,111453.35703580847
121191,113265.74919677562
121192,104971.29878334755
121194,94656.0798153865
121195,120303.67429723991
121201,77449.77407726865
121202,104035.04289100293
121204,114742.9255226188
121208,67796.70476190478
121307,85182.13333333333
121310,115346.22766500576
121321,100115.59230089722
121330,222859.01512265514
121331,152452.46980033853
121335,202065.94784034655
121339,166385.44508319124
121340,142761.34816176118
121341,171232.92499999996
121344,130044.73656920165
121349,98003.37731749185
121350,90742.19909174654
121351,213092.2956707737
121352,128281.6
121353,122000.08126635046
121401,175294.7998385011
121404,215784.28729397937
121405,112209.91379260224
121408,97942.34946731894
121434,99361.53859770924
121435,106809.31540786549
121437,97320.29278262574
121439,121549.38915048573
121440,157623.04063793094
121457,142887.9138942471
121459,158391.38202857142
121461,100272.1694832376
121462,102997.18206806181
121463,106388.5420040946
121464,123244.00324782831
121465,117388.14846869565
121466,112708.14384575438
121467,158827.0606331224
121470,106388.5420040946
121471,143671.40684548352
121509,122750.60016991671
121510,122750.60016991671
121514,108361.8834342644
121515,170548.92300129368
121516,118975.80895096275
121517,129839.12988563647
121565,130148.01919047619
121566,109012.74923932702
121739,297988.72925
121749,199483.7443200402
121750,212255.74855855186
121751,167778.0538412698
121754,122404.83427781962
121755,140949.912407639
121765,146609.9416707021
121768,273315.2360221034
121771,264362.1522222222
121773,160756.451137273
121774,205256.60901698912
121796,134846.40912762206
121800,455156.472637129
121823,319836.0
121824,201613.1988286759
121829,157021.34594444445
121831,158332.87772383308
121832,190112.0376633136
121836,226996.18374885022
121837,215782.19916996406
121838,239204.00541269846
121840,248484.50695906434
121841,215939.0076404463
121859,168497.22227551063
121865,180234.39513095233
121866,137783.81145427012
121867,144046.8304391989
121886,153354.28434761902
121887,163963.30426271417
121953,122700.02361537088
122074,413258.01399999997
122078,198056.78830625582
122079,224480.7447846006
122085,229994.76783994582
122087,183944.3847534092
122088,172548.64260496726
122095,198999.79487179487
122096,223252.99811471163
122100,364642.62403907196
122101,392543.274
122105,225355.53353412013
122115,498377.492976827
122116,257202.5933142858
122118,423473.656
122122,333052.6059329539
122124,478796.13994438906
122127,449397.3436851165
122129,242012.30891215234
122130,241971.96470588233
122136,337927.1209946524
122166,184890.22203809523
122170,285382.6042286279
122242,307555.1611111111
122274,441970.60330158734
122563,65416.21469382151
122564,76622.62162927938
123271,93995.03730646367
123272,90854.75306269484
123273,68780.48932863849
123274,124973.0
123275,124531.60958310794
123276,124531.60958310794
123277,89991.0788968871
123278,66128.14782549159
123282,102546.21183682141
123283,111665.1246956173
123284,102546.21183682141
123312,159875.63622830025
123316,149309.5512941778
123317,134419.51993115872
123319,187699.31666666665
123320,132916.64920634922
123327,151836.0
123329,118507.303787737
123331,79083.57756593639
123332,85001.94068769916
123343,185589.53503791912
123344,213698.43015534716
123347,196833.5819658822
123351,266872.5002333333
123352,205689.99576790087
123354,279997.50616924383
123355,190966.45730437667
123367,114988.25217853412
123369,117507.18364090413
123373,137563.7390162895
123386,194633.15166233448
123387,561779.7468253968
123389,230009.6532981291
123390,184017.23554183939
123392,220690.30790777196
123394,190633.73533780032
123402,380507.0173166702
123404,540295.0571428572
123408,564651.4069985568
126533,360335.6834458599
126601,151982.96287497133
126825,115455.90232450022
126828,105000.0
126830,91792.40876366606
126832,79484.21485346244
126833,67534.65227055804
126834,79484.21485346244
126835,79484.21485346244
126837,97981.90535399859
126847,108089.45782011312
126849,117564.11906349206
126850,212297.23608849954
126851,153266.83500820503
126852,117713.96407986565
126853,153266.83500820503
126858,123263.7894777201
126859,140000.1216306958
126863,123263.7894777201
126864,123327.69742852711
126925,57579.60965902917
126927,77449.77407726865
126932,76188.10167695941
126934,105107.81613788521
126935,345045.57711167686
126936,77317.14003788448
126938,94290.45450874258
126995,124565.50676026868
127008,118452.09290797175
127046,76267.11690399557
127062,161131.60854886405
127073,100433.54685187744
127080,115811.2929047619
127083,135832.29390816798
127084,208000.0
127086,99985.3394375709
127088,141883.9559482379
127095,520000.0
127138,154464.22266666667
127141,165527.7784183626
127162,75993.91372697907
127163,125516.58111479427
127164,125516.58111479427
127165,125516.58111479427
127166,125516.58111479427
127168,89992.56345332568
127176,75608.85885541125
127177,92358.37001708684
127178,166058.03194871795
127179,142279.81521289932
127181,142279.81521289932
127208,130067.57664470794
127216,125549.35097389141
127217,119910.992
127218,125549.35097389141
127219,68439.7306056166
127337,75788.85997119732
127339,98900.2798257127
127342,135444.386709702
127343,193152.59047619047
127362,143248.3615897436
127392,169676.47803417718
127411,225958.0675388535
127419,214585.24760993067
127431,255663.86666666667
127439,246976.45405425056
127451,277409.4591190476
127476,268292.612
127482,139914.24142575386
127483,151796.99657142858
127487,143672.46874811617
127497,201778.40508350285
127498,261173.4138037518
127521,182471.98121505367
127528,188817.63357413287
127530,160146.4760353398
127531,146293.2303262183
127587,229762.12058333334
127603,144091.70337208218
127612,537223.638963889
127637,293221.69773075165
127638,269858.7390174906
127639,217840.68820389704
127651,303668.2733333334
127681,289995.5945020336
127686,485263.52400000003
127687,439543.07066666667
127725,184982.66227018126
127726,190710.83872821103
127727,239936.14311844506
127790,813636.2
127813,568472.0507089548
127814,1197767.499
127817,622006.1251111112
132609,137924.34638216562
132615,118000.0
132619,67534.65227055804
132620,118798.65026035623
132621,117999.62790697675
132626,65001.44769234678
132641,504468.30760488403
132642,168258.0591596422
132646,112600.2448637217
132651,77449.77407726865
132652,77449.77407726865
132653,77449.77407726865
132654,73191.078184148
132655,73191.078184148
132656,73191.078184148
132657,73191.078184148
132658,77449.77407726865
132659,77449.77407726865
132672,85206.17533333333
132675,118000.0
132688,92194.62160695723
132824,90811.15849931314
132825,64695.33281575386
132856,148841.350672751
132857,159999.4802769779
132859,189986.44852113302
132864,93743.5201958789
132870,190000.23039215687
132919,146899.91258315637
132920,154675.51783014863
132921,104160.51488122244
132922,139394.3232468153
132923,151293.50070897437
132924,144456.1049129512
132925,146899.91258315637
132926,139290.29505472432
132933,98980.66701451282
132951,68140.64029780564
132953,112434.29206439784
132955,75676.40352319663
132956,118961.82362047899
133022,103647.20826043292
133193,212810.13966666666
133194,219999.74193548388
133195,187306.26946956606
133196,189991.07171864586
133197,187306.26946956606
133198,204965.2551558816
133199,131393.91154029997
133205,220000.0
133208,184994.97589343568
133232,247242.32825396824
133245,226996.18374885022
133258,220001.2
133260,127065.30701742135
133262,340009.2592956597
133263,148890.34754916458
133264,140066.8758658137
133266,189991.07171864586
133450,260998.3978807132
133451,259918.92160995936
133455,259918.92160995936
133457,273005.1804976958
133458,259918.92160995936
133462,349334.0037216117
133478,306641.4776892231
133493,248850.67448517345
133575,380507.0173166702
143844,104665.1182271219
143873,75282.94516557774
143895,87616.33044217329
143899,144793.23999803554
143960,138563.1549838698
143987,104665.1182271219
143990,112449.63850788838
144029,117438.18490590493
144030,99007.85567099566
144031,99007.85567099566
144289,73963.65342480832
144291,148683.74280918468
144292,165874.27266887398
144293,149194.29829351103
144428,346913.307088262
144484,432965.31
144570,882457.4466666667
161005,86588.71915004955
161015,93995.03730646367
161020,119067.6782822131
161021,83791.75351161062
161023,165745.10328482513
161025,94093.07938763603
161026,110726.8246466448
161027,116186.56562266035
161028,114746.3254700346
161029,111076.07341700105
161030,135009.32968888892
161032,116186.56562266035
161033,114746.3254700346
161034,114746.3254700346
161036,109378.79100263251
161037,157161.76274117647
161038,98847.56077611924
161039,116186.56562266035
161040,111076.07341700105
161041,110726.8246466448
161042,155591.95607450977
161043,108301.59338819468
161044,116186.56562266035
161045,118798.65026035623
161049,111076.07341700105
161054,158899.07266666667
161055,109378.79100263251
161056,110726.8246466448
161057,121388.86852755724
161059,116186.56562266035
161060,116186.56562266035
161061,165512.9006871089
161063,126609.87879365082
161064,114746.3254700346
161066,110726.8246466448
161067,110726.8246466448
161069,110726.8246466448
161070,114746.3254700346
161071,114746.3254700346
161072,140512.57839672093
161073,114746.3254700346
161074,114746.3254700346
161075,110726.8246466448
161076,104465.41275870871
161078,110726.8246466448
161079,114746.3254700346
161081,104465.41275870871
161082,109378.79100263251
161083,116186.56562266035
161222,398532.60049557843
161224,284988.83429299365
161230,371203.7093333333
161232,312364.7894834055
161234,267479.323970276
161236,109306.13638818599
161249,105151.71801874193
161251,105151.71801874193
161259,73191.078184148
161290,74394.00275494764
161292,119192.6225006937
161294,74394.00275494764
161307,171619.495012987
161320,164352.71996992914
161478,68187.93310288974
161481,75723.92078603817
161483,142410.05490196077
161484,90047.91772095925
161486,170473.341100781
161493,149893.21929042085
161494,94995.73094871794
161495,121065.15928571427
161499,139889.08608181818
161503,242523.89
161504,149893.21929042085
161546,113874.09548195329
161548,110782.4380952381
161561,134999.1666666667
161562,109255.19082466034
161576,170045.9893903806
161579,118507.303787737
161581,148741.35146182956
161584,87029.09351097218
161586,96352.99661019095
161682,86881.66652239053
161806,251900.20131087548
161807,184012.0387352096
161809,239984.69414297296
161858,137047.3510767449
161859,213532.2781204476
161921,96969.04921895506
162066,235000.0
162078,385103.95167263405
162080,493761.14285714284
162090,825000.0
162094,483152.17142857146
162096,501063.9942539683
162101,140497.51805347673
162102,420000.0
162104,469621.06533333333
162106,315997.0548695526
162108,201769.91579934818
162204,320000.0
170745,118520.94125917205
170748,120885.46910497836
170750,182300.98666666666
170751,259644.52666666667
170779,111972.70351998623
170781,97838.38433848953
170798,155049.20083028087
170809,301957.56573626376
170913,153134.9935238096
170926,126452.63426666668
170932,95193.51093761968
170933,251524.5824190476
170934,115046.49674054964
170935,115046.49674054964
170936,125929.951
170937,124449.52907231178
170938,88089.64979127409
170939,124449.52907231178
170940,209466.26036054353
170942,124449.52907231178
170943,115046.49674054964
170944,261281.9966825901
170945,209466.26036054353
171681,179385.834611465
172151,170559.80865574768
172155,294356.6174493872
172472,234615.08896267484
172474,364050.17219047615
173952,83748.37020912951
173953,83748.37020912951
175046,241906.0119284198
175055,109669.29706644843
175099,417895.4224099483
175597,97948.05781480634
176350,85361.57488789441
176351,107295.26970238096
176352,112043.8312061453
176354,114097.7824734334
176355,119567.83035506678
176356,119567.83035506678
176358,114097.7824734334
176359,114097.7824734334
176360,114097.7824734334
176361,119567.83035506678
176362,114097.7824734334
176364,114097.7824734334
176365,114097.7824734334
176366,119567.83035506678
176367,119567.83035506678
176368,119567.83035506678
176369,114097.7824734334
176370,119567.83035506678
176372,114097.7824734334
176373,106592.2483488733
176374,104355.84210526316
176375,94927.22632638084
176376,130000.0
176378,115003.44353512881
176380,109238.93725158728
176389,79989.67724158069
176392,94966.2877926921
176429,142633.36666666667
176431,153942.28787538744
176432,163913.93567682628
176434,89968.65469553508
176435,163913.93567682628
176436,163913.93567682628
176438,163913.93567682628
176440,163913.93567682628
176441,163913.93567682628
176443,163913.93567682628
176446,165000.0
176452,128718.0415471892
176468,162804.86533333332
176471,203954.70524561402
176472,168632.45261904766
176473,143933.6751142857
176475,136096.65184713376
176476,128904.9858095238
176482,122799.90202325807
176483,110308.8275710145
176495,90393.03691175317
176500,142279.81521289932
176501,142279.81521289932
176508,86981.19773147945
176509,109910.40499111061
176512,158000.17622594984
176553,207938.29825577085
176554,185432.33406976625
176559,213698.43015534716
176568,169258.76282543197
176572,140757.5392281545
176579,198999.79487179487
176597,173368.4250814228
176598,167255.54930211336
176608,183392.2946767022
176611,190036.223695052
176612,233068.69264794057
176649,207177.9247834637
176651,228724.506825668
176654,559108.1993333333
176655,183944.3847534092
176656,236057.2761084249
176661,201121.82598774493
176666,477148.7884948388
176670,473596.56618485495
176675,327827.6890461783
176678,230000.19418126423
176679,518827.9863333333
176703,904173.5259999998
176708,271494.948540107
177828,399821.9895757576
177872,729797.9333333333
177874,330819.18859856064
177875,422113.0466666667
177876,297378.2453333334
177877,208485.31491355042
177878,171274.27697490607
177881,72781.6
177886,388863.0398604395
177891,121664.41690260964
177893,156758.38538965845
177897,83925.68504765221
177899,89451.02972143718
177919,207964.62879241852
177925,269602.52
177943,100252.61844155847
178529,200176.3318490898
178822,344543.18189606623
178833,268705.8392527472
178846,235260.16
179811,375558.96356532356
180267,118438.74072391362
180271,164222.81935079364
180295,89751.76035832198
180435,118726.59629912568
180436,123244.52144000311
180438,124867.85395883005
180439,107873.83764802974
180440,80038.33236180454
180444,130251.6471019608
180446,111000.41183363815
180447,106519.81681813578
180472,153761.77715098037
180476,78682.8113172304
180477,126264.91476750697
180485,88430.7882932562
180491,76005.9809626115
180495,73191.078184148
180497,73191.078184148
180498,73191.078184148
180501,73191.078184148
180504,73191.078184148
180508,120632.02427257778
180509,73191.078184148
180517,68071.33339425825
180520,136197.05377619047
180523,108748.27634285712
180533,76998.05308793653
180535,149962.59316786658
180623,82276.44627742431
180625,106106.6718380952
180639,115900.72886744782
180641,224246.44320442824
180642,225572.25333333333
180652,98693.51226317202
180653,192908.3950048309
180655,84471.12497366875
180661,188054.91028438028
180663,230000.0
180675,200225.36
180677,127998.0
180678,210499.36412310434
180679,141883.9559482379
180680,99586.79976190477
180717,108637.61172380953
180719,128448.95355622187
180724,79637.22857142857
180725,108637.61172380953
180734,171090.82927414533
180735,103820.94766151608
180737,94388.49576190476
180739,93814.86467880568
180745,100027.35361948753
180751,117299.90899999999
180754,149852.1330917349
180756,149852.1330917349
180758,138257.53387229436
180760,142279.81521289932
180761,89657.58682473011
180766,123118.80531353103
180784,119451.35181121145
180788,109485.36302634064
180792,102997.18206806181
180794,106388.5420040946
180803,94966.80514531444
181119,176052.88996606242
181131,149810.45072490667
181133,254614.6566166593
181134,288186.01763827994
181138,254614.6566166593
181141,264968.4228922577
181144,254614.6566166593
181145,254614.6566166593
181146,254614.6566166593
181147,274114.26721588214
181186,160351.13789060156
181187,256520.0
181189,252587.6599047619
181199,160671.95115000004
181202,258053.5802347076
181203,197480.35957575758
181204,156561.8948589483
181205,160137.1062237078
181208,148745.22674964464
181210,171178.09995666172
181219,197782.0813407217
181222,156412.630543309
181247,265290.9066666667
181248,200726.901584328
181249,146874.29370790278
181252,172140.05462810816
181253,195185.08776157864
181267,152451.12980000002
181269,170479.7060776066
181330,132015.80603436084
181482,321706.9798648459
181490,252081.194
181495,185476.76804140533
181497,229962.8360381705
181500,316241.39600732597
181515,353162.90242038213
181524,306641.4776892231
181541,152464.4224871795
181542,197003.57318022585
181543,250006.83491424756
181545,199898.51506573177
181555,199622.61290134987
181557,374992.836996337
181558,228935.82584082586
181559,199428.7082065198
181676,532413.9012091503
181682,1222420.0
181686,375011.05550676613
181687,615273.8666666666
181700,374951.05550676613
181742,699660.0202020203
181743,699660.0202020203
181759,1214294.6942782018
182707,134984.6515384615
182710,140953.60195445133
182712,158974.5322344322
182731,120717.48495091451
182742,105299.4183920235
182759,86956.7154470504
182807,98337.50506909432
182815,150765.04960886174
182885,120759.12
182902,197261.4143822512
182985,171461.6
183014,116140.49733172082
183151,404052.162
183152,441927.65
183153,195145.02415676115
183155,383254.9317857143
183166,336819.6166666667
183173,257515.36436363638
183250,553869.4174578909
187367,89394.33419047619
187730,84811.68101049597
187810,177589.44601934488
187811,91932.95807902819
187854,91932.95807902819
187910,110750.12744376084
188009,99988.36121067822
188024,66418.55743339994
188026,75366.29025152624
188060,91932.95807902819
188093,170930.14082035638
188322,150056.80835497836
188768,274423.38948685286
190151,68969.50378610606
190186,52267.016495327945
190187,102748.04346757483
190205,102087.14667139923
190212,87540.10769230769
190213,87540.10769230769
190218,89038.8971287258
190219,108636.18716167263
190220,246580.99924675326
190221,119670.432
190355,79092.97005152813
190414,82950.14247543304
190417,100447.38418354759
190418,94579.68286330016
190422,98000.99847144863
190451,119230.72942173712
190479,107845.61903163372
190481,102997.18206806181
190484,102997.18206806181
190486,127154.27856305733
190487,107845.61903163372
190789,214917.8358032593
190791,120250.75529402691
190792,163173.51662894004
190794,151110.4087236753
190797,187490.97309308036
190798,165000.04687710124
190801,174009.174317135
190815,326462.95461904764
190816,352409.3460666666
190817,356852.42247619043
190820,260000.24407247957
190846,219999.74193548388
190848,150521.6750782312
190849,120201.48370592477
190914,120293.29057536165
190915,137563.7390162895
191020,217840.68820389704
191022,386781.0369900673
191025,234993.7142857143
191026,325000.0
191036,403608.0073333333
191043,419990.2121171692
191045,231339.97457947937
191062,338092.53011318116
191133,330000.0
191134,329000.0
191144,388575.51228070183
191151,201474.37491312338
191193,625931.9340555387
191399,103692.16977983018
191417,117386.13158811041
191456,91707.16766102354
191980,128092.28943391121
191982,140492.85108715712
192279,158685.60555091963
192304,119980.05022120777
192307,155065.60951600518
192542,261287.60406999325
192769,106519.81681813578
192770,129914.20714285715
192772,120952.99481074487
192779,124733.82088708716
192780,94989.04436535732
192789,104206.28840822364
192792,99187.73780444702
192793,91726.95169857681
192797,73191.078184148
192800,89539.21016700113
192805,100986.79832963897
192829,213580.84065745692
192830,76172.12145287104
192831,149123.1944890578
192833,100445.98960683431
192834,99719.63394667384
192836,135028.68333333335
192837,164355.36252991454
192846,95717.54824194858
192860,116577.64275740026
192872,144826.2077115905
192875,160142.23294732583
192876,155999.75855378472
192892,96888.36337505702
192909,207938.29825577085
192910,189991.07171864586
192916,264442.1522222222
192917,286624.8482968269
192922,171822.0
192923,170030.0
192932,254699.72533333334
192947,211418.0819277223
192949,184140.56544188084
192960,184765.161773869
192963,169178.64719443105
192976,369992.5128205128
192978,283979.95624903974
192979,200000.0
192984,317208.6591034781
192992,200000.0
192993,314218.6239357864
192994,408180.89841269836
193006,360000.0
193013,579980.9176545298
193014,979538.5219999999
193016,1327488.5361370656
195376,133927.60115526212
195386,110576.84390879892
195388,87751.4158152958
195389,145534.31561897334
195400,145534.31561897334
195446,73865.7346343199
195457,71000.16705946845
195458,77206.5514374719
195462,142576.23161964465
195463,142576.23161964465
195468,115365.95284057972
195470,115382.78550724639
195472,112437.81355284975
195474,90812.16995079366
195476,90812.16995079366
195477,90812.16995079366
195478,90812.16995079366
195479,90812.16995079366
195480,90812.16995079366
195481,90812.16995079366
195482,90812.16995079366
195483,90812.16995079366
195485,90812.16995079366
195486,90812.16995079366
195489,90812.16995079366
195490,90812.16995079366
195491,90812.16995079366
195492,90812.16995079366
195494,90812.16995079366
195514,102087.14667139923
195517,135808.86715365452
195518,126414.28818007116
195529,115464.2298779346
195532,50627.73809523809
195535,77449.77407726865
195539,77449.77407726865
195547,114742.9255226188
195556,70454.72843135196
195573,114542.72662472348
195581,144389.35626008819
195584,144389.35626008819
195585,144389.35626008819
195591,144389.35626008819
195593,163720.4197410524
195600,153068.81837067028
195605,144389.35626008819
195661,89253.24070657078
195668,90742.19909174654
195672,130044.73656920165
195674,121639.4898995783
195679,98003.37731749185
195682,107591.59793493271
195683,108120.87522043053
195684,108120.87522043053
195685,108120.87522043053
195686,108120.87522043053
195687,108120.87522043053
195688,107591.59793493271
195689,108120.87522043053
195690,108120.87522043053
195691,107591.59793493271
195692,107591.59793493271
195695,108120.87522043053
195697,107591.59793493271
195698,107591.59793493271
195700,107591.59793493271
195701,107591.59793493271
195702,108120.87522043053
195703,108120.87522043053
195704,108120.87522043053
195706,108120.87522043053
195707,107591.59793493271
195708,107591.59793493271
195709,107591.59793493271
195710,108120.87522043053
195711,107591.59793493271
195736,100462.58956862743
195741,328674.01540733984
195749,97942.34946731894
195750,97942.34946731894
195765,97320.29278262574
195768,192731.3464874346
195769,152942.30074181609
195772,172671.41041110098
195788,195006.61971878743
195792,84919.9837378509
195795,102997.18206806181
195796,158391.38202857142
195797,106388.5420040946
195798,123244.00324782831
195800,100272.1694832376
195801,158827.0606331224
195807,176228.3251606443
195808,156258.07066765238
195844,129839.12988563647
195853,153867.26590872603
195854,150563.32349220623
195855,156055.8539121324
195857,155564.8776621324
195858,156055.8539121324
195859,109012.74923932702
195953,325979.7899078046
195955,205256.60901698912
195956,160756.451137273
195960,206189.14035185668
195962,264362.1522222222
195993,299140.3784219409
196006,359316.9352615385
196007,158332.87772383308
196021,245341.56733333334
196024,301453.5630496327
196025,168497.22227551063
196026,205457.28241300798
196027,174720.10956660204
196124,285283.0249861523
196127,224480.7447846006
196129,198056.78830625582
196132,229994.76783994582
196138,347202.36666666664
196139,521224.5473333333
196141,347242.36666666664
196143,310192.3652380952
196145,336586.9797777778
196147,198999.79487179487
196167,449397.3436851165
196175,253180.298677995
196188,285382.6042286279
196190,229921.32819244676
196233,442514.00063636363
196241,572872.0666666667
200179,92539.05096969697
200276,113354.24733333333
200277,93995.03730646367
200283,119067.6782822131
200284,83791.75351161062
200285,94752.868
200286,111560.01357759524
200288,193064.84933073618
200292,127845.795996633
200294,115470.78550724639
200295,118798.65026035623
200296,113485.21788571432
200309,159911.41809523813
200310,86847.13655164833
200311,113490.4499638055
200312,94358.60637829817
200313,153761.77715098037
200314,126571.50386666668
200315,116634.07933964184
200317,362860.9840952381
200318,82208.82340970397
200319,115160.23568173086
200320,108751.8997004833
200324,293634.24750515213
200326,160188.74093403213
200335,55768.20334444444
200348,105151.71801874193
200349,231718.56987945587
200350,105151.71801874193
200352,281932.3774542124
200353,648249.2173339399
200394,73191.078184148
200432,119192.6225006937
200436,74394.00275494764
200447,259738.35533179724
200460,238443.44976190478
200461,195252.84292216468
200462,195252.84292216468
200463,123972.67153925808
200464,137070.90985347985
200465,195252.84292216468
200466,136095.06863724292
200467,136095.06863724292
200501,126500.98447164748
200502,211311.90153763857
200503,110597.03488956054
200608,68187.93310288974
200609,142410.05490196077
200613,170473.341100781
200614,140554.64202283608
200616,150755.31382342443
200617,127618.5
200620,133853.27132033027
200621,94995.73094871794
200628,124779.29122952538
200629,120048.95361564489
200630,242523.89
200631,215968.39200388198
200632,133853.27132033027
200634,204529.7526106442
200636,145888.11802158016
200638,121665.06452380952
200639,90732.12591666667
200640,88262.69824929973
200641,174129.7460549894
200642,109985.83654049135
200643,133853.27132033027
200644,109985.83654049135
200645,132796.5897896162
200646,133853.27132033027
200670,148686.3510887955
200671,110724.55182048422
200682,179849.72149434668
200683,179849.72149434668
200686,179849.72149434668
200687,163176.21241587005
200689,179849.72149434668
200693,97320.29278262574
200698,66474.24032298136
200699,92302.20231972776
200704,82364.59178214725
200712,172307.08645941038
200713,172307.08645941038
200715,87132.11799135114
200716,172307.08645941038
200717,196988.72146869058
200727,87029.09351097218
200728,125818.5138347259
200732,118507.303787737
200736,132875.1927303187
200806,123111.63846291951
200807,97443.82914176396
200935,251900.20131087548
200936,240000.0
200937,239984.69414297296
200940,184012.0387352096
200941,258553.1967843137
200943,125930.5
200944,160581.32140603932
200945,265009.69621761603
200946,534430.712
200950,265111.0172735761
200967,322558.08866666665
200973,265196.3774853801
200978,220637.266095238
200979,223201.2821929855
200980,149039.0834813285
200981,214711.49383835707
200982,123057.25329267702
200983,149600.47948406718
200992,136756.2400209385
200993,139854.04883320018
200996,137047.3510767449
201016,207846.38615238096
201017,270577.75672829116
201018,270577.75672829116
201032,149153.6048662013
201185,235000.0
201187,449272.62223419896
201193,854019.6666666666
201208,140497.51805347673
201209,420000.0
201211,201769.91579934818
201278,381420.7263492064
201954,46439.35238095243
201956,147788.61188311692
202016,223071.63066666666
202029,109376.63333333333
202040,76679.8067761737
202042,130080.95479041553
202046,121550.92422351216
202047,120232.68866666665
202048,106147.74678730158
202063,95553.5028718517
202068,72019.87462538431
202075,74531.11489033191
202088,101326.85120105687
202099,108731.23977876453
202161,94603.31084951937
202171,188879.29253571428
202172,170099.4659690476
202182,230941.6243705051
202187,217168.16635714288
202188,115435.21951723046
202231,66288.28764430902
202239,95886.45304287503
202241,124671.85266237558
202250,192553.1
202284,111334.5574369433
202287,120360.0321560792
202418,183238.3076504683
202435,270271.11090738786
202436,224257.4426666667
202437,176379.18128022127
202458,200598.15561157558
202462,200586.13844368214
202466,307646.87523809524
202468,307646.87523809524
202469,307646.87523809524
202500,197522.84846073296
202513,196872.78554175823
202585,516848.9479065128
202601,516486.5
202659,1192480.481333333
213689,128606.34733333334
213690,127955.37162077294
213710,90171.03078748357
213712,136893.93561144947
213787,192182.62997989828
213849,87183.27808971315
214383,118189.8137388882
214521,87654.39528891328
214604,92852.86229066683
214694,222704.76
214695,170758.7483274117
214919,200543.30890931672
214928,178546.4845827161
215077,281252.72541745025
215946,93995.03730646367
215948,84698.14757341551
215949,124973.0
215950,124531.60958310794
215951,68780.48932863849
215953,124531.60958310794
215957,90047.4824339922
215971,102546.21183682141
215972,102546.21183682141
215989,144981.04497278944
215990,149139.8664920147
215993,159875.63622830025
215996,149309.5512941778
216014,123999.28175462183
216017,95754.39265646203
216018,151836.0
216027,79083.57756593639
216028,85001.94068769916
216029,84140.52034462456
216031,118507.303787737
216055,185589.53503791912
216056,196833.5819658822
216058,279997.50616924383
216063,319727.88409451663
216072,168986.12844378024
216075,114988.25217853412
216076,117507.18364090413
216084,244668.99409523813
216086,137563.7390162895
216099,194633.15166233448
216108,220690.30790777196
216109,230009.6532981291
216151,92779.22090236915
216152,92943.80756848914
216156,92546.0973953084
216893,85742.12717697372
216965,73865.7346343199
216971,71000.16705946845
216973,142576.23161964465
216974,142576.23161964465
216975,130000.0
216978,134802.35980894906
217010,77449.77407726865
217011,77449.77407726865
217014,114742.9255226188
217015,85757.15185906453
217021,83970.64381033735
217022,70454.72843135196
217074,76267.11690399557
217094,89253.24070657078
217102,130044.73656920165
217103,90742.19909174654
217141,97942.34946731894
217181,97320.29278262574
217186,195006.61971878743
217188,84919.9837378509
217189,106388.5420040946
217190,117388.14846869565
217194,102997.18206806181
217196,109910.40499111061
217198,158391.38202857142
217211,129839.12988563647
217274,109012.74923932702
217361,149382.29575666634
217362,199483.7443200402
217371,160756.451137273
217374,264362.1522222222
217377,205256.60901698912
217378,206189.14035185668
217415,158332.87772383308
217416,226996.18374885022
217431,205457.28241300798
217558,172548.64260496726
217559,198056.78830625582
217561,283000.0
217562,183944.3847534092
217565,224480.7447846006
217566,285283.0249861523
217567,229994.76783994582
217570,225355.53353412013
217571,198999.79487179487
217585,449397.3436851165
217601,285382.6042286279
217634,442514.00063636363
226632,236509.03175555554
226635,104742.28448004811
226636,112316.48531217754
226638,112975.40981952811
226639,160262.69381369787
226678,106134.50184739928
226681,92444.90248758596
226682,85777.80711774535
226949,84771.09978134382
226954,240415.51625406934
226955,225007.46747346074
226956,165151.79765081205
226957,94093.07938763603
226958,52267.016495327945
226959,122496.43801664296
226968,93448.3120420213
226969,109182.18427598213
226973,111356.05874734999
226976,135610.81163809527
227048,95819.08286702189
227050,122054.4625024767
227051,98228.12333024514
227053,119914.05590399863
227054,117192.79302257969
227057,108225.51119047622
227060,84692.80006359915
227073,98674.33376947347
227074,105107.81613788521
227075,122504.76878571429
227113,107591.74273809524
227114,147069.8722394062
227115,147069.8722394062
227138,110597.03488956054
227142,68744.27916666667
227269,145774.54817175397
227276,89287.39567968133
227277,136588.47845473047
227279,119938.32195081138
227292,183255.0803592181
227303,115000.38095238096
227306,193030.34965024967
227308,141883.9559482379
227365,209993.91311826275
227367,202330.43502253428
227369,218117.35120242534
227387,123169.45830122099
227388,67614.70161003286
227394,142279.81521289932
227395,142279.81521289932
227408,194519.765021043
227411,129964.8920672215
227413,120405.39746240679
227415,116062.47785848689
227469,102755.21326876417
227470,93549.06925151226
227527,110288.6076672402
227535,67622.53452380952
227749,192491.4814018626
227772,215419.54033342804
227776,184012.0387352096
227777,169217.07819044281
227778,191622.87693411362
227779,146520.3263262277
227794,200010.4841091444
227801,200010.4841091444
227803,264442.1522222222
227823,358465.1305993591
227842,239995.1518210189
227844,192491.4814018626
227849,205929.9675937396
227856,186439.74166666667
227862,179871.51445888236
227864,154610.93672730343
227865,109971.16316797743
227884,204705.5418305613
227920,143749.661931936
227921,235774.835006435
228062,261607.58235503756
228066,584160.9885592795
228069,237905.8170150331
228071,240019.33093167702
228073,240019.33093167702
228086,303069.54396825394
228091,251780.0
228104,249272.23529411762
228107,238506.3213236252
228109,198939.59344551415
228138,369992.5128205128
228220,519215.48066666676
228221,444722.1456292244
228276,1214294.6942782018
228466,127797.17416414627
228591,73865.7346343199
228594,71000.16705946845
228595,130000.0
228596,142576.23161964465
228602,102087.14667139923
228630,77449.77407726865
228634,89239.60588769156
229014,113156.10304822566
229127,138810.3306726183
229129,127046.0395644359
229130,92528.78392746807
229131,179832.17551146128
229397,112186.87317490843
229398,85037.36950542207
229401,125537.54666744241
229427,95461.51111906231
229429,204944.56240443428
229661,171613.6596829837
229724,166385.44508319124
229727,89253.24070657078
229735,219838.381103316
229737,98003.37731749185
229738,130044.73656920165
229742,90742.19909174654
229745,165268.72735610764
229750,214996.09752380953
229753,98696.39956988557
229763,98696.39956988557
229764,98696.39956988557
229766,98696.39956988557
229768,154788.56331007005
229770,97942.34946731894
229773,99361.53859770924
229777,135655.30437933476
229778,134954.84067450796
229779,97320.29278262574
229790,195006.61971878743
229791,134954.84067450796
229794,84919.9837378509
229795,117388.14846869565
229796,90117.35325761043
229797,106388.5420040946
229799,100272.1694832376
229801,123244.00324782831
229803,106388.5420040946
229806,158391.38202857142
229812,160235.28095237497
229815,129839.12988563647
229816,179339.4937012137
229819,160235.28095237497
229820,160235.28095237497
229826,109012.74923932702
230083,119708.26222545214
230092,106729.77682625789
230093,81538.62762081382
230184,195068.88980373277
230234,258837.41383466756
230235,212594.04348822538
230241,140949.912407639
230251,205256.60901698912
230256,160756.451137273
230261,264362.1522222222
230262,116582.83333333333
230263,169907.55393474278
230266,358465.1305993591
230267,169907.55393474278
230268,169907.55393474278
230274,239995.1518210189
230278,158332.87772383308
230286,397747.26984126994
230293,168497.22227551063
230601,313178.7876190476
230692,345606.8962151701
230695,314766.0
230696,172548.64260496726
230699,224480.7447846006
230700,283000.0
230701,285283.0249861523
230702,183944.3847534092
230703,198056.78830625582
230707,229994.76783994582
230708,237905.8170150331
230713,198999.79487179487
230719,225355.53353412013
230721,414390.7930111111
230723,296755.34305494506
230724,240019.33093167702
230727,240019.33093167702
230729,373124.4835
230731,238090.2485899279
230737,449397.3436851165
230739,1055906.5637973133
230747,229921.32819244676
230749,285382.6042286279
231006,399844.49750042474
231007,1214294.6942782018
231012,627576.142857143
231013,633670.2857142857
231015,444722.1456292244
232205,103100.82531608923
232206,196218.2909090909
232210,97634.40576819287
232211,123760.21724685602
232217,240433.83333333334
232218,199737.30090052303
232221,174313.2835968017
232224,76129.22234576147
232227,84796.98843540005
232228,77449.77407726865
232229,73191.078184148
232230,77449.77407726865
232235,102546.21183682141
232236,102546.21183682141
232237,55716.7213569582
232238,91888.19377954701
232239,102546.21183682141
232241,64891.70635068425
232304,81968.44164045449
232306,95001.02831706783
232307,89435.2520178625
232309,79973.28977966945
232310,109991.63553740713
232312,136340.49841615473
232313,90317.73743637731
232314,125909.9142031746
232316,205000.0
232319,161125.78651577095
232332,148741.35146182956
232333,155999.75855378472
232335,135495.0120069685
232337,108866.46408076095
232385,113519.17976200093
232386,85181.21962956004
232451,160043.95194684077
232454,318727.32305709017
232455,177990.51278271814
232473,145337.30214312495
232475,184140.56544188084
232550,289999.4666041576
232551,142992.31437257986
232553,199104.67619047617
232588,568639.4681467965
233566,97208.27140889737
233572,135528.46563124325
233578,97854.74308998646
233580,174389.9787487819
233582,135327.19734141414
233583,162615.5118095238
233585,421187.52926657983
233586,84494.40570740229
233587,87797.78556426556
233588,366775.6927777778
233593,90812.16995079366
233594,90812.16995079366
233597,90812.16995079366
233598,90812.16995079366
233599,90812.16995079366
233600,90812.16995079366
233601,90812.16995079366
233602,90812.16995079366
233603,90812.16995079366
233604,90812.16995079366
233605,90812.16995079366
233606,90812.16995079366
233607,90812.16995079366
233608,90812.16995079366
233609,90812.16995079366
233610,90812.16995079366
233651,136953.35783230147
233652,96809.7286977821
233653,96809.7286977821
233654,136953.35783230147
233670,233477.5848620615
233673,1085115.3709683758
233675,95794.90758253969
233676,87800.0251389883
233679,94999.28571428571
233681,73652.11919135245
233683,216880.11031746512
233685,77640.17059973362
233686,158661.86433351767
233694,71583.248
233698,48320.6899047619
233705,133797.76654906207
233715,85324.10254155402
233716,112111.56316249333
233717,90062.42602857143
233718,89038.30261190477
233826,104195.66352998652
233829,96576.61573135317
233845,157549.10466666665
233850,110970.29180952384
233852,195007.82703407938
233877,57653.36501519419
233880,98767.8233319857
233886,106117.24795648211
233888,118603.37453060271
233889,102216.297752942
233950,158827.0606331224
233951,129839.4571831385
234214,223955.29471278074
234218,246586.57538461543
234226,236466.41021752084
234227,215000.0
234228,164836.40565527425
234229,215000.0
234240,243101.91051171054
234242,272515.0
234244,207313.84310794238
234246,254429.801
234264,148647.42009523808
234265,185696.29813778037
234269,235506.76833976834
234270,153209.12652357866
234273,264919.3396213423
234274,223428.5340506129
234326,149600.47948406718
234327,214711.49383835707
234328,222379.1637679308
234458,359551.2471450119
234459,383499.1831333272
234460,325209.7434670232
234466,324940.24988968275
234476,263683.276290894
234486,334753.8862276613
234487,305639.31290563365
234490,849790.2356536796
234491,310200.9786071428
234503,299944.12452890247
234506,341997.35844988347
234510,155839.22865484408
234597,662165.7393426019
234598,655523.2728202355
234599,608820.3875180377
234600,608820.3875180377
234602,593312.2056277056
234603,629273.1934343436
234629,1400652.074
237578,116341.17353264929
237725,89946.48281395643
237726,89946.48281395643
237731,107298.31438134777
237733,97634.40576819287
237735,122943.31040659342
237736,127450.66304761903
237739,164701.53662180563
237740,123760.21724685602
237787,122072.58460317462
237788,119337.14351098794
237789,122761.267526003
237802,76129.22234576147
237804,105796.3572307045
237805,96152.68482272176
237810,73191.078184148
237813,77449.77407726865
237858,93079.81444089804
237859,94761.84386605369
237860,55716.7213569582
237861,102546.21183682141
237862,102546.21183682141
237864,94761.84386605369
237865,94761.84386605369
237866,102546.21183682141
237867,91888.19377954701
237868,94868.56770851367
237882,58216.5390347712
237884,99024.63476190474
237885,107434.23207171068
237898,81071.88312292425
237899,95950.14320495496
237901,95961.86067572309
237903,52222.74431390283
237966,81006.31503140666
237993,90317.73743637731
237995,118083.57982540764
237997,109991.63553740713
238009,128281.6
238010,128281.6
238014,205000.0
238015,161125.78651577095
238099,137336.3981437905
238102,171478.40284043443
238103,101882.64853693725
238118,136331.63045302976
238122,151730.2505714286
238126,153028.38813454699
238134,173714.9730951002
238138,728832.468
238140,135879.639720554
238154,118439.6132785193
238157,148741.35146182956
238159,135090.15099104887
238160,131172.41978513816
238161,155999.75855378472
238168,112950.25675049263
238169,108866.46408076095
238173,148741.35146182956
238175,148741.35146182956
238176,150899.37717740692
238276,85181.21962956004
238277,113056.5222631643
238458,134763.53880733796
238462,179405.86936694675
238466,160043.95194684077
238469,221546.26415750917
238471,247470.9339047619
238472,325979.7899078046
238473,362661.4292076312
238476,177990.51278271814
238483,258217.69832078475
238536,404472.85714285716
238539,271638.59986703994
238550,170975.5317016596
238551,285326.23363825673
238554,191271.32133357835
238568,174540.1155692841
238576,169550.50942346707
238582,163576.02207554627
238583,218904.11683760685
238613,187259.54800102234
238614,324762.69569884177
238615,175339.78497826617
238616,181536.88570891178
238675,138451.73405755532
238676,177671.0794956156
238677,199588.82976957405
238833,228724.506825668
238835,142992.31437257986
238839,289999.4666041576
238840,199104.67619047617
238841,224695.29243809523
238844,221767.80291871366
238883,513992.72022222215
238884,236248.76682388075
238885,558241.9176415475
238887,482929.4142857142
238890,239047.5745627706
238893,218445.125374414
238910,292168.9055977124
238914,293779.3637477478
238915,481290.9669299364
238916,195827.26458561546
238917,189007.24958897487
238918,293779.3637477478
238919,183691.63594187764
239044,568639.4681467965
239088,769516.4926666667
255840,119125.33743607292
255842,92444.90248758596
255861,118000.0
255862,119067.6782822131
255863,110445.82665883732
255864,67534.65227055804
255865,118000.0
255867,178922.9186666667
255868,117999.62790697675
255870,118798.65026035623
255876,138149.17656571718
255880,77449.77407726865
255881,77449.77407726865
255882,77449.77407726865
255883,77449.77407726865
255884,73191.078184148
255885,73191.078184148
255886,73191.078184148
255887,77449.77407726865
255888,73191.078184148
255892,86786.99406029982
255893,119192.6225006937
255894,118000.0
255896,152254.37806488396
255897,131183.72383638826
255899,161048.38346640815
255912,189986.44852113302
255913,83991.7709649674
255914,148841.350672751
255916,159999.4802769779
255918,93743.5201958789
255919,190000.23039215687
255935,79578.81005998408
255936,77274.78483457687
255938,98980.66701451282
255945,112434.29206439784
255947,118961.82362047899
255949,189919.51457628363
255954,253480.10072823777
255955,199116.5101459249
255993,204965.2551558816
255995,187306.26946956606
255997,187306.26946956606
255998,189991.07171864586
255999,219999.74193548388
256001,187306.26946956606
256002,220000.0
256003,265009.69621761603
256004,184994.97589343568
256009,167292.47319708898
256022,195075.001
256026,140066.8758658137
256027,204966.52788315434
256029,340009.2592956597
256030,189991.07171864586
256056,259918.92160995936
256057,341985.75886855024
256058,259918.92160995936
256059,259918.92160995936
256060,273005.1804976958
256062,260998.3978807132
256064,259918.92160995936
256068,806870.9109966204
256069,325079.42
256070,200648.1677715016
256072,248850.67448517345
260293,121764.35921833516
260419,132653.3158981818
260422,90854.75306269484
260423,60237.50976653756
260425,124531.60958310794
260428,89751.23670389624
260429,68780.48932863849
260430,124973.0
260431,93514.53543262897
260433,130251.6471019608
260436,108931.75392526499
260437,89991.0788968871
260439,90047.4824339922
260442,66128.14782549159
260469,143431.21862301746
260480,106217.0970083653
260483,94709.14168734646
260486,126083.83098245614
260499,37081.40708077803
260509,131503.38685131771
260513,162221.385
260521,71458.2802029283
260522,84818.11766559511
260523,103648.69363227177
260525,102546.21183682141
260526,102546.21183682141
260528,80024.87593730655
260549,82006.55254677744
260550,110358.35303353897
260571,80243.57167599718
260663,96548.28691970125
260684,149139.8664920147
260687,96576.61573135317
260694,108927.7760503299
260697,144981.04497278944
260698,159875.63622830025
260706,95161.07637082067
260707,187699.31666666665
260708,145888.11802158016
260742,131451.59458241455
260745,143142.2442710412
260746,99554.9834965035
260749,159546.85980952383
260763,112084.9485059651
260768,131463.4769798006
260769,116150.61193510536
260770,155354.26595727965
260775,101723.36813137337
260777,97942.94351727978
260778,106556.96232843827
260781,111985.09061943629
260804,96447.04033599688
260805,119106.09208870215
260806,159216.31494422487
260810,132563.9919047619
260814,118507.303787737
260815,84140.52034462456
260816,123119.22937254903
260818,85001.94068769916
260860,125246.94421052633
260861,160235.28095237497
260863,178354.09026324473
260864,119250.22018181818
260865,153280.7361159372
260871,116303.94668643772
260890,115649.96901353788
260891,140764.42789789932
260894,203510.298
261053,185589.53503791912
261055,196833.5819658822
261057,290000.2261239674
261058,213698.43015534716
261062,180094.93996767097
261066,460333.36862420366
261080,420271.78233333334
261081,199179.88438787882
261104,147414.17644653516
261105,202790.07222222222
261107,282206.0058228582
261108,183840.72672322002
261110,370663.39920634916
261128,137426.74904706754
261130,251017.73825659693
261134,95848.26231660359
261139,218356.43000000002
261140,200848.26695739347
261146,164113.65395670998
261149,153769.91148294162
261162,251612.4592867133
261163,251612.4592867133
261175,114988.25217853412
261177,146293.2303262183
261197,217232.75595329085
261216,137563.7390162895
261365,524179.55333333334
261379,446727.6875301588
261394,367181.35266708845
261402,451566.4147058824
261404,407881.6968131868
261405,134930.09949381073
261408,245369.8910103329
261409,267085.98614922666
261410,290573.0684554866
261420,672259.4709820681
261422,220690.30790777196
261423,173626.9329002986
261426,230009.6532981291
261442,413508.3334285714
261444,241172.85401223856
261525,267210.7444444444
261558,636998.1082021116
261562,505654.9206959706
271665,318440.6
271666,103283.8278023941
271667,143881.18659808574
271675,235321.73768061877
271676,120486.9
271682,90812.16995079366
271684,90812.16995079366
271685,90812.16995079366
271687,90812.16995079366
271688,90812.16995079366
271689,90812.16995079366
271690,90812.16995079366
271691,90812.16995079366
271694,90812.16995079366
271695,90812.16995079366
271710,111130.9482048031
271711,151810.29749334906
271712,151810.29749334906
271713,111130.9482048031
271715,111130.9482048031
271716,151810.29749334906
271717,151810.29749334906
271718,111130.9482048031
271719,111130.9482048031
271721,81488.80753333333
271722,198852.22988702627
271723,81488.80753333333
271770,105389.9380711195
271782,141088.5165898528
271783,126303.02470923476
271806,134978.46705367233
271808,116070.58007823354
271816,153867.26590872603
272218,118255.43065853397
272228,150429.84993589742
272235,64652.969646055695
272250,74408.1245205752
272252,119575.28257412065
272253,134897.54583373692
272254,179302.84818506875
272309,177375.3351454985
272314,93742.88870810322
272320,177502.53707117215
272333,60664.345498805546
272368,124154.67014108137
272372,128107.0
272381,129950.89783910415
272422,163297.93875085952
272424,117977.12550933512
272445,85008.48392208187
272523,90619.75302740783
272723,170065.19873351828
272729,170065.19873351828
272743,292870.34730158723
272748,233920.15457875474
272750,134291.78477997895
272752,276560.10214752564
272762,276003.1
272763,233920.15457875474
272766,260209.20169193097
272796,122375.340752497
272801,218058.414
272830,316791.184
272831,217547.3043986997
272832,189577.7817503608
272833,338560.8644444444
272878,282457.41672519606
272880,276560.10214752564
272881,265217.4297530089
272882,219236.5198686097
272883,189577.7817503608
272884,267750.4055413363
272886,217547.3043986997
272887,235957.16925654572
272889,133450.57089236222
272928,118859.28683652356
272954,167022.43491166324
273317,231644.23609523824
273321,727365.119047619
273325,421585.1666666666
273326,397507.90542216116
273342,357497.52396137075
273346,357497.52396137075
273351,907879.996
273354,417808.2715829726
273360,265648.0350212046
273374,235957.16925654572
273377,298097.6908148714
273380,633459.1333333333
273584,907879.996
273588,796386.6626666668
273633,877850.0
273634,798356.6626666668
274560,101527.06319458179
274561,123059.11617002996
274572,115229.1474247801
274648,102277.78117460317
274649,140861.58670611592
274657,125478.1370976413
274658,153191.56820764043
274659,164600.3799732005
274660,104389.95084521992
274661,104389.95084521992
274678,145023.3427619048
274679,413123.1440000001
275126,346159.92911111115
284082,206081.6505674603
284087,72174.675454264
284094,315797.78571428574
284096,115003.44353512881
284131,75355.52100852247
284147,131438.79279153218
284148,153132.82515165306
284154,117000.0
284155,141787.83014861995
284158,159354.27302599294
284159,187562.58194927534
284163,204705.5418305613
284287,78868.5442715021
284292,80390.96984126982
284293,80390.96984126982
284294,80390.96984126982
284304,163913.93567682628
284306,112156.45666435364
284316,112596.61097584655
284320,180511.25359307366
284324,195008.01622326855
284326,183255.0803592181
284327,128142.0
284328,117174.49695906433
284329,102198.24396709958
284356,202330.43502253428
284359,209993.91311826275
284360,218117.35120242534
284364,133957.375050059
284373,123169.45830122099
284374,123169.45830122099
284375,96742.82501531247
284376,145517.1288250712
284380,118010.19076923077
284387,128360.93238077237
284389,128360.93238077237
284390,149668.12823779194
284391,138856.11459733293
284393,95432.14793312685
284397,78296.67842126254
284402,82738.99070270271
284403,64661.037
284417,165642.04983220377
284418,112334.99754533835
284426,95648.8564369054
284427,110928.18818358248
284446,160698.51568296563
284448,121369.10969475028
284449,93055.21605248781
284450,121369.10969475028
284451,160698.51568296563
284452,160235.28095237497
284453,93055.21605248781
284454,121369.10969475028
284455,121369.10969475028
284456,160698.51568296563
284457,160235.28095237497
284459,121369.10969475028
284460,93055.21605248781
284543,153975.4451406866
284544,140533.57745819367
284664,136389.6481061448
284684,135695.8849260117
284686,156061.12518286568
284687,223955.29471278074
284689,200010.4841091444
284693,189980.36290893075
284694,190021.71902627405
284695,168355.64562778283
284698,233000.26493343577
284708,358465.1305993591
284714,229901.02826642772
284717,239995.1518210189
284718,310070.79222222226
284719,136389.6481061448
284730,216160.7979466461
284731,397747.26984126994
284733,190036.223695052
284741,265660.8725882353
284924,224480.7447846006
284926,237905.8170150331
284931,236986.7086089437
284934,240019.33093167702
284942,238090.2485899279
284944,620328.7463511016
284956,200251.48757547908
285020,442927.25009575894
285027,444722.1456292244
286303,129394.04626190476
286304,130847.39668523658
286598,103464.32186801433
286669,91874.51818252417
286670,103194.75038119352
286673,106519.81681813578
286675,192239.84356715143
286729,103973.20805922532
286755,112806.33920536625
286803,73191.078184148
286804,73191.078184148
286805,73191.078184148
286807,73191.078184148
286808,73191.078184148
286809,73191.078184148
286810,73191.078184148
286811,73191.078184148
286909,195134.77741240273
286916,98693.51226317202
286924,107381.13033789913
286926,100007.35216347722
286931,230000.0
286932,210179.72
286934,161125.78651577095
286935,200225.36
286936,141883.9559482379
287053,100027.35361948753
287101,149852.1330917349
287102,149852.1330917349
287103,142279.81521289932
287104,149852.1330917349
287105,149852.1330917349
287106,149852.1330917349
287107,123118.80531353103
287128,109485.36302634064
287137,158000.17150471976
287141,102997.18206806181
287188,173497.2204428904
287285,140469.2383721719
287287,99988.16039418303
287292,183988.7942625153
287295,288186.01763827994
287298,254614.6566166593
287299,149810.45072490667
287301,254614.6566166593
287304,254614.6566166593
287307,254614.6566166593
287313,286624.8482968269
287420,172880.97951048953
287422,368634.97719047614
287424,257943.8751770105
287431,419046.94832382596
287433,419046.94832382596
287495,263977.2122153696
287506,146874.29370790278
287507,200726.901584328
287622,185476.76804140533
287623,229962.8360381705
287625,374992.836996337
287687,412168.0979824444
287692,369632.28967220447
287706,520939.8637142858
287718,415508.9705274144
287719,415508.9705274144
287720,415508.9705274144
287721,250006.83491424756
287722,250006.83491424756
287776,199428.7082065198
287777,374992.836996337
287833,375011.05550676613
287858,521127.4955568
287864,507961.364111603
287896,375011.05550676613
287941,742319.7444444444
293283,68969.50378610606
293297,89946.48281395643
293298,89946.48281395643
293299,217413.57351189773
293300,52267.016495327945
293301,84097.13654271656
293302,113575.98042645348
293304,137185.43884285717
293308,115926.68640360537
293339,157719.7507155299
293342,112236.00906970564
293343,102087.14667139923
293345,119354.79778540446
293346,103889.38194486215
293347,111434.14058040621
293365,166341.59946851502
293366,96722.16019162495
293368,67596.35085011873
293371,87540.10769230769
293372,87540.10769230769
293373,76205.3572944587
293376,79733.54159234544
293389,112213.00906970564
293390,131594.11828629152
293391,90758.93952376086
293399,119670.432
293400,89038.8971287258
293401,246580.99924675326
293405,166257.39801811034
293407,94592.21111576812
293408,100135.58826666664
293409,102185.5201670455
293422,74692.08571428573
293424,114590.38329761906
293433,80243.57167599718
293554,172664.8204518698
293556,145976.07730329307
293557,115721.77442350428
293560,97083.50114774116
293562,94579.68286330016
293565,107095.83395617618
293567,102453.34417969064
293569,130000.0
293586,128281.6
293588,129861.92781523973
293589,98000.99847144863
293591,95161.07637082067
293592,128281.6
293629,143444.40958730158
293631,95795.48014430013
293669,94669.06478187008
293671,120210.22988095239
293672,129258.30482051283
293678,69790.43859793147
293684,105493.42746665172
293690,75608.85885541125
293699,87962.0284285714
293713,78834.81866666667
293716,102997.18206806181
293718,127154.27856305733
293719,102997.18206806181
293721,107845.61903163372
293748,58421.014449074726
293750,68040.50429417979
293753,120207.16306060606
293755,140255.58223668195
293756,141719.10209408592
293759,157104.58498210888
293884,169676.47803417718
293889,180280.20248538416
293891,231647.88999999996
293892,163173.51662894004
293893,120250.75529402691
293894,214917.8358032593
293898,307410.21231794875
293902,174009.174317135
293904,262585.8785324676
293914,165000.04687710124
293943,186907.2826666667
293944,420255.2903380944
293945,420255.2903380944
293946,297236.17193038965
293948,273417.9847638816
293953,260000.24407247957
293957,137426.74904706754
293967,189708.84349512067
293970,133518.03693237022
293972,138293.56136167792
293993,158887.3601018871
293994,124135.35822636301
293998,136801.56954202638
293999,219999.74193548388
294000,120201.48370592477
294012,184716.31175796426
294013,208357.3313333333
294014,224590.0490561772
294024,184010.74588299188
294025,137563.7390162895
294145,258300.65817723004
294146,217840.68820389704
294147,190080.81532665546
294154,325000.0
294169,306641.4776892231
294182,240477.7726122616
294183,314655.1666666667
294186,236287.39760420664
294189,354331.61333333334
294195,419990.2121171692
294197,298130.0
294198,231339.97457947937
294212,338092.53011318116
294263,330000.0
294264,329000.0
294266,647534.1587301588
294271,388302.4
294272,480454.2474821628
300754,156615.63261904762
300755,88013.8
300757,156615.63261904762
300758,156615.63261904762
300759,88013.8
300765,190926.54017715412
300803,124352.96489512736
300806,132080.880115873
300807,447277.72315789474
300809,306006.4582142858
300810,195238.10984005663
300823,167501.39631051195
300830,126117.43251639919
300831,84459.42876178792
301086,102752.35686202686
301114,190717.1110319758
301118,150734.31946949917
301176,97054.6869761905
301203,95429.946975136
301236,113726.2390811185
301243,111001.52814497805
301342,64029.702347206985
301516,115222.68160127796
301538,135352.4400099404
301546,190782.72543072133
301549,117170.66001238412
301618,434533.4533333333
301629,176694.86268404225
301641,232133.33572432052
301647,434533.4533333333
301655,207186.59828309115
301662,248064.10585079368
301700,189943.08079365076
301982,315622.55333333334
302005,240615.745
302018,242596.0872180451
302172,298278.09272431914
302965,89892.41162521663
302966,114853.10537915753
302969,72174.675454264
302970,233680.87844199897
302971,95454.3813283376
302974,89946.48281395643
303024,115003.44353512881
303028,113055.54063333332
303090,84596.6869120782
303136,92688.54133621934
303137,96493.37472197623
303160,73191.078184148
303218,104149.11978752914
303346,78868.5442715021
303366,207903.68036803708
303367,192060.93855555556
303369,93395.91036093858
303370,72279.3559026512
303372,112156.45666435364
303373,163913.93567682628
303374,96829.42215039987
303375,84118.81390840159
303380,239536.08613163483
303388,112596.61097584655
303390,195008.01622326855
303392,162973.86626487706
303393,128142.0
303396,128281.6
303400,125963.17703980464
303417,111472.32986076627
303453,130642.44878396699
303454,94644.90485714284
303455,93873.38041327533
303457,93873.38041327533
303473,112334.99754533835
303476,153332.39221848527
303511,126132.84099895718
303573,125002.16467082548
303574,134199.2249726642
303575,124999.96428510183
303599,136389.6481061448
303628,135695.8849260117
303633,167172.4828990814
303638,233000.26493343577
303641,189980.36290893075
303642,189980.36290893075
303643,190021.71902627405
303693,325644.0
303702,136389.6481061448
303707,121050.17576718195
303712,126922.88796342377
303713,128929.27875612101
303732,224986.97380358537
303734,158887.3601018871
303738,233068.69264794057
303847,136964.01035676055
303924,224480.7447846006
303980,1208954.07
303981,322044.77878787875
303984,375405.19721500715
303986,334753.8862276613
304008,341997.35844988347
304127,321289.3833333333
304139,279238.99999999994
309497,312959.95828571427
309512,85361.57488789441
309515,119567.83035506678
309517,114097.7824734334
309518,119567.83035506678
309519,179619.72392356687
309520,119567.83035506678
309521,114097.7824734334
309522,119567.83035506678
309523,119567.83035506678
309525,114097.7824734334
309526,119567.83035506678
309527,119567.83035506678
309529,114097.7824734334
309530,114097.7824734334
309531,114097.7824734334
309532,114097.7824734334
309533,119567.83035506678
309538,78298.24597701152
309539,115003.44353512881
309540,106159.72378846651
309541,104355.84210526316
309543,94927.22632638084
309545,106592.2483488733
309546,125593.04015111925
309558,118134.26197541387
309559,79232.52980075646
309560,58098.49527553527
309567,88351.64361183262
309571,59479.1862254136
309575,111598.85000000002
309584,79514.76095653964
309587,105480.91313129877
309596,83379.76985845077
309598,97895.5475220779
309599,94966.2877926921
309621,85331.65111111112
309623,113391.56488220554
309625,89968.65469553508
309627,163913.93567682628
309630,163913.93567682628
309631,163913.93567682628
309635,163913.93567682628
309636,163913.93567682628
309638,163913.93567682628
309641,165000.0
309645,128718.0415471892
309647,165000.0
309648,104713.61625278277
309666,177476.31577777775
309670,155265.61666666667
309671,132265.3690276009
309679,105789.48467695425
309680,99361.53859770924
309681,97308.09575486973
309684,90393.03691175317
309685,124219.17589219587
309688,124445.54538800972
309689,145296.10504401696
309691,142279.81521289932
309713,64171.91325119327
309716,145388.49044444444
309717,158000.17622594984
309719,109910.40499111061
309730,106794.9035762937
309734,137493.71800234474
309752,232968.96298507822
309755,179297.62969841273
309756,213698.43015534716
309762,185432.33406976625
309764,160127.75632181516
309767,188203.56304155616
309770,169258.76282543197
309773,198999.79487179487
309775,141555.78101659808
309778,193911.1062062141
309793,203388.78949605944
309794,297236.17193038965
309804,368634.97719047614
309807,331050.3
309809,167255.54930211336
309821,154402.72723632475
309823,179347.29543867247
309824,188407.98082822227
309829,134159.62999722108
309831,183392.2946767022
309833,233068.69264794057
309842,222248.68163867516
309850,156289.08882638783
309857,183944.3847534092
309863,201121.82598774493
309865,358666.98870820354
309873,306641.4776892231
309874,272041.61069749657
309883,404048.301047619
309888,230000.19418126423
309890,214951.37600553042
309897,364463.13501400565
309906,304830.12042944314
309907,539572.8047619048
311197,125985.24149437228
311200,103100.82531608923
311202,80747.15052380951
311205,131819.74319393205
311247,161799.96189974362
311249,168293.60933333336
311270,285191.1860714286
311271,76129.22234576147
311272,90418.24162450714
311277,83214.86066483484
311279,90669.08915560736
311280,85801.02955926211
311281,130046.43962377081
311284,73191.078184148
311285,84565.62751128509
311286,77449.77407726865
311308,102546.21183682141
311309,102546.21183682141
311312,94761.84386605369
311313,102546.21183682141
311338,174185.74220632846
311339,181978.81191144526
311354,89228.62361094361
311355,52222.74431390283
311356,203510.298
311501,145976.07730329307
311505,136340.49841615473
311512,79973.28977966945
311521,161125.78651577095
311526,141455.6962269056
311527,111791.60561292303
311533,205000.0
311536,286624.8482968269
311539,156000.19750453794
311604,55851.06013734487
311606,130207.4245896279
311608,138932.84733667708
311614,102174.11460384172
311618,73680.55466666668
311619,90576.15033597742
311620,131809.28066666666
311621,102263.19448018659
311624,77175.07888578805
311626,83273.89141392498
311631,129056.59088888888
311632,130258.35721280384
311653,137247.51821890334
311655,90425.75828217404
311656,81429.77808316852
311664,109733.37385620916
311669,154758.54593608336
311672,148741.35146182956
311673,155999.75855378472
311676,148741.35146182956
311677,141020.9585217747
311681,118439.6132785193
311684,150899.37717740692
311685,95654.56338658405
311737,77393.9125673452
311740,129989.01699827805
311741,138371.74463492061
311743,101115.44555555555
311744,120360.0321560792
311745,149143.26543863726
311782,86269.7570111154
311783,113056.5222631643
311784,85181.21962956004
311785,153975.4451406866
311944,232712.13
311950,134763.53880733796
311951,160043.95194684077
311956,237008.06168720973
311957,237008.06168720973
311968,341010.05844242417
311970,177990.51278271814
311972,170723.0216033174
311996,297011.91269583465
312000,148358.54590092733
312003,390501.96424502163
312004,252219.1990250265
312005,176004.41392271177
312012,108771.81676736307
312013,103315.08421879061
312020,241298.43567889667
312026,112193.94607126917
312027,115439.87184799241
312034,111935.91848120767
312051,199000.0
312054,234390.76010101012
312056,122264.92289946231
312057,184140.56544188084
312059,169550.50942346707
312062,145337.30214312495
312063,188460.98847081797
312067,218904.11683760685
312069,198255.69117558
312071,112155.098
312127,179589.61533059532
312335,214972.00100553042
312337,142992.31437257986
312338,289999.4666041576
312347,199104.67619047617
312362,400862.0260556611
312366,505243.15460721863
312371,474986.66712820507
312376,474986.66712820507
312383,141397.30917373195
312396,195827.26458561546
312400,183691.63594187764
312402,293779.3637477478
312404,293779.3637477478
312419,209345.56871870405
312429,241172.85401223856
312431,241172.85401223856
312433,241172.85401223856
312550,568639.4681467965
312551,1327488.5361370656
312557,504777.7856956829
315289,102692.59195932667
315370,115789.65720390719
315371,94989.04436535732
315372,113073.31843750262
315373,202059.7894285714
315375,184207.94108363133
315378,106519.81681813578
315423,74981.59523159896
315426,122413.9740045838
315429,153487.1666326964
315434,73191.078184148
315442,79309.31993952181
315480,105875.59502494872
315481,79337.02748376034
315482,46773.750571428565
315551,109884.58983180881
315553,100445.98960683431
315554,149123.1944890578
315556,129995.52999857163
315557,99719.63394667384
315567,135028.68333333335
315569,142656.81131809918
315610,258176.54714285716
315619,279806.3183523203
315621,170903.35843029877
315624,389786.40492313175
315625,114023.59951588331
315640,118358.55331576259
315642,478385.978051948
315651,144826.2077115905
315685,238443.44976190478
315688,248676.3368888889
315704,96888.36337505702
315801,189991.07171864586
315804,234101.44995881597
315806,300013.0392048009
315807,207938.29825577085
315815,200000.0
315818,170030.0
315821,330892.65725
315824,171822.0
315876,211418.0819277223
315906,208212.1537826516
315907,169178.64719443105
315997,504182.1821577201
315999,283979.95624903974
316001,317208.6591034781
316006,200000.0
316029,613017.34
316032,408180.89841269836
316116,360000.0
316124,568639.4681467965
316129,579980.9176545298
327739,87000.72698117723
327755,112836.07848093484
327757,98987.9159745993
327766,85884.3798737657
327946,89387.63002468908
327952,146676.1915126908
327954,119067.6782822131
327955,94093.07938763603
327957,106147.74678730158
327958,126141.15334954912
327959,118798.65026035623
327966,146935.97551089918
327968,105735.76436422464
327984,137878.88529966076
327987,120340.89870818336
327996,105151.71801874193
327999,105151.71801874193
328000,111647.37439313468
328001,105151.71801874193
328003,73191.078184148
328022,74394.00275494764
328028,74394.00275494764
328069,101139.80755535334
328071,55999.237145650055
328176,68187.93310288974
328177,142410.05490196077
328182,140554.64202283608
328188,196561.33385546217
328189,145888.11802158016
328190,229885.96228770324
328195,94995.73094871794
328196,242523.89
328200,139889.08608181818
328240,97320.29278262574
328244,165256.53406349712
328245,134999.1666666667
328248,154349.1386666667
328265,94809.6762749777
328268,118507.303787737
328270,96352.99661019095
328272,132875.1927303187
328275,148741.35146182956
328554,251900.20131087548
328555,239984.69414297296
328556,184012.0387352096
328560,240000.0
328565,444103.7625
328571,265111.0172735761
328575,265009.69621761603
328578,376964.8623333333
328615,265196.3774853801
328616,186469.73974358977
328620,214711.49383835707
328645,137047.3510767449
328648,213532.2781204476
328663,198911.52051540616
328705,197753.1720632192
328851,237235.33453102456
328852,581042.6293102821
328858,385103.95167263405
328875,314085.664
328877,601031.9463694268
328883,140497.51805347673
328885,289285.9987575724
328886,420000.0
329004,320000.0
330409,108170.08065806577
330439,86725.19219868717
330654,51195.111619047624
330655,63116.92465872547
330656,91224.20736084571
330695,137348.89740864825
330696,137348.89740864825
330699,65836.65042735038
330701,142446.4241838961
330703,76103.82985347988
330704,102891.41922983121
330706,87520.36039754168
330708,87493.34077881665
330711,102453.34417969064
330719,101140.62814407816
330720,65648.93680020492
330721,94093.07938763603
330723,71653.79202371219
330727,111006.13333333333
330729,94407.23361835681
330730,77760.7070473498
330731,87493.34077881665
330735,79008.05886112725
330736,52267.016495327945
330741,78298.24597701152
330742,159033.27897422257
330744,91810.49125657839
330745,106487.89501431043
330751,107623.62867074103
330752,144049.99607528382
330755,110474.64011441718
330821,165330.93075847425
330823,199363.3763779193
330828,136383.2083830956
330829,111130.9482048031
330830,83506.47862669222
330831,109594.24444449697
330840,108588.39010956911
330841,107677.36723809523
330846,120664.49466666667
330847,93815.66123809523
330850,63893.608911840674
330851,63893.608911840674
330857,114880.83495238094
330859,93950.80992417142
330863,113725.17139491186
330864,181609.33517802198
330865,98613.60528571426
330866,98613.60528571426
330867,98613.60528571426
330871,63829.938965130576
330874,98191.84942857144
330875,98191.84942857144
330898,108963.02838095238
330900,78217.51390755063
330908,63751.0
330911,109032.62205294467
330913,114720.16353896656
330914,72843.09956709956
330915,114720.16353896656
330916,72843.09956709956
330917,109032.62205294467
330918,72843.09956709956
330919,101668.57333840022
330922,72843.09956709956
330924,109032.62205294467
330925,114720.16353896656
330926,72843.09956709956
330928,72843.09956709956
330929,131359.57918823216
330956,83654.21448847438
330961,112850.04582539684
330962,99991.55906666667
331145,92237.42418694423
331151,113299.59513398648
331189,79611.10066257065
331190,79611.10066257065
331195,118019.55977373371
331238,128830.79396825397
331242,128830.79396825397
331247,87529.84940295559
331252,136588.47845473047
331253,194450.54284848485
331254,119404.06885714285
331258,135681.40075869783
331259,194450.54284848485
331260,96176.33452631913
331264,124417.28608585517
331266,121459.27280920718
331268,96176.33452631913
331272,108455.70837252584
331276,130559.28855226893
331278,141883.9559482379
331284,68906.898
331286,68906.898
331291,141987.96747104786
331295,68906.898
331297,115000.38095238096
331302,196501.73333333334
331304,142002.8193848163
331305,104721.13929212384
331306,142584.404
331368,128616.6180952381
331370,184163.4575848458
331371,161951.9236028259
331373,139527.15301639112
331374,132197.08537832988
331376,205229.38736231884
331379,136844.9899044047
331380,115977.34039292316
331398,102989.16065846053
331399,94244.25613322224
331416,104672.46567200786
331417,104672.46567200786
331418,104672.46567200786
331419,104672.46567200786
331420,104672.46567200786
331436,127862.88066666668
331437,127862.88066666668
331439,83350.49736234994
331447,94797.17875816993
331450,71097.20907936507
331451,78010.62793690956
331452,83202.90008050413
331454,85764.86252775388
331458,320039.05335115996
331459,170939.09847058824
331460,166567.7890909091
331461,141419.91917775074
331463,101985.90138966864
331466,147852.45036305918
331468,191934.97320669913
331469,141419.91917775074
331473,80207.73745391957
331474,320039.05335115996
331477,106459.30402380954
331479,99394.49924119603
331485,92827.5076636212
331487,142279.81521289932
331490,105067.20169303943
331491,105067.20169303943
331544,157157.56094761906
331545,107964.05729170614
331550,124487.39599156402
331555,154247.98380631983
331556,170388.61549766027
331560,100149.358
331565,109665.6
331568,129964.8920672215
331569,137838.16789987785
331609,105730.15110273295
331610,154602.5361749913
331611,125594.7789913286
331612,154938.30333333332
331617,154938.30333333332
331620,135300.28928320025
331622,129010.65706442577
331623,154938.30333333332
331626,135300.28928320025
331627,192097.68837355456
331628,154327.38083333333
331630,120421.4974252435
331714,99630.12930531967
331716,139524.31064733746
331718,110176.11424863395
331719,130432.26266923535
331722,110176.11424863395
331723,110176.11424863395
331724,108829.72036333256
331725,110488.01416551715
331727,110288.6076672402
331991,142787.0783082897
331992,169676.47803417718
331997,97325.34603713687
332018,187035.27323809522
332021,200063.1333333333
332039,146912.31222197367
332043,170063.04451415906
332044,151843.29048403178
332046,189663.90984120348
332048,169217.07819044281
332049,176340.4988533255
332053,131393.91154029997
332055,148549.29318140465
332056,184012.0387352096
332059,191622.87693411362
332060,131839.79263372748
332061,189365.6555836537
332062,148549.29318140465
332063,146520.3263262277
332072,315309.12507476844
332073,281164.4466844993
332075,214255.6481235414
332079,233046.96401962478
332080,186713.06304155616
332083,237250.26535714284
332084,213564.37308974357
332086,233046.96401962478
332087,187900.97333333333
332097,233046.96401962478
332098,190966.45730437667
332100,205689.99576790087
332101,233046.96401962478
332102,186973.76190476192
332132,441144.9846666667
332133,216711.32322098082
332134,167868.65099090568
332140,165675.02191789568
332141,167868.65099090568
332143,216711.32322098082
332144,255841.9613333333
332151,216711.32322098082
332154,267006.15436507936
332155,165675.02191789568
332166,107123.3615186813
332170,169645.10732808366
332175,332166.5654761905
332179,202866.62466666667
332183,247000.0
332184,211039.34746542346
332185,211039.34746542346
332187,160969.52375507375
332190,150938.20100403405
332191,188950.59683809523
332193,188950.59683809523
332194,192491.4814018626
332196,188950.59683809523
332200,133718.4617469936
332205,126619.32441176113
332207,133718.4617469936
332209,274264.20382692304
332224,177668.30546622368
332225,178177.9692076473
332226,239383.79787345987
332231,145319.3598768277
332235,117010.08883440521
332236,163628.6089
332237,171178.09995666172
332281,228925.13279853482
332283,242944.20041201933
332284,276354.6782051282
332285,142601.00396700043
332286,317265.71419047617
332288,120488.1620430284
332293,109971.16316797743
332298,212393.36466608735
332299,190036.223695052
332301,179871.51445888236
332302,154610.93672730343
332303,143658.11025173313
332308,227841.20698778197
332310,185868.20870267978
332315,106929.61633620322
332355,175189.7796392791
332357,280985.94761904766
332358,162103.94076190476
332359,280185.5114700855
332360,280985.94761904766
332361,183820.46188066766
332362,280985.94761904766
332363,220195.81758256146
332365,184694.51708571435
332367,167459.3845807893
332369,220195.81758256146
332371,280985.94761904766
332373,172978.3875371763
332374,269055.21869841265
332375,280985.94761904766
332376,227131.59709157512
332378,172978.3875371763
332381,220195.81758256146
332382,280985.94761904766
332421,137594.93402660533
332423,137594.93402660533
332427,137594.93402660533
332434,235774.835006435
332435,241051.9347944862
332633,246561.88516363635
332638,261607.58235503756
332639,183709.60512820512
332642,233821.51025271197
332648,171976.3873699634
332653,399629.06
332656,275508.7094137405
332660,275508.7094137405
332661,195593.0670596448
332666,353037.85204914765
332670,353037.85204914765
332671,353037.85204914765
332678,337979.6773333333
332688,372508.42903828196
332693,295750.5284735367
332695,306641.4776892231
332697,402151.5612380952
332703,372508.42903828196
332710,318479.39949783083
332727,322874.60461500066
332730,458018.0
332731,172858.61714285714
332732,135239.3275853166
332739,256156.51803316516
332742,343303.7633333333
332744,256689.0272569592
332745,330066.0
332754,208887.91381088112
332755,208887.91381088112
332756,208887.91381088112
332770,186403.99684115167
332771,305763.2010225407
332772,445476.26986666664
332774,154300.3613579192
332777,197626.51275
332780,154300.3613579192
332784,198939.59344551415
332786,302475.7957314497
332788,355151.0038965202
332789,355151.0038965202
332790,355151.0038965202
332799,421902.0
332801,421902.0
332806,219253.79711355316
332813,369992.5128205128
332934,292302.99003174604
332938,571054.0
332942,551984.0
332949,217542.15455565325
332951,233265.76057298356
332952,377110.5285714286
332953,377110.5285714286
332955,377110.5285714286
332956,377110.5285714286
332960,550789.9019607843
332961,550789.9019607843
332962,267545.1478675214
332963,267545.1478675214
332965,267545.1478675214
332966,267545.1478675214
332968,267545.1478675214
332970,261070.3491873016
332972,428459.73142857145
332975,156607.82542853837
333031,563857.4922300654
345027,520435.2128205129
345477,81595.71126774156
345479,123340.51982020201
345497,86056.49625794041
345501,90359.81590798445
345502,100503.88366729167
345803,90115.1992735604
345804,94093.07938763603
345806,83791.75351161062
345808,111000.41183363815
345812,155568.0317777778
345813,118798.65026035623
345844,74727.15203174604
345853,90411.68839216347
345856,134673.33426963675
345857,105151.71801874193
345858,105151.71801874193
345859,105151.71801874193
345861,105151.71801874193
345863,73191.078184148
345876,74394.00275494764
345877,74394.00275494764
345880,119192.6225006937
345881,98888.07266666667
345889,89472.4743125663
345913,82632.31666666665
345914,107682.9471861472
345916,107682.9471861472
345938,55999.237145650055
346100,82276.44627742431
346120,68187.93310288974
346124,142410.05490196077
346125,121198.62158138995
346128,121231.69555988457
346129,170473.341100781
346131,84558.99676727732
346134,152783.82034360408
346139,94995.73094871794
346140,145888.11802158016
346142,284706.60986013984
346143,113383.34224187006
346145,115123.50753662022
346149,281297.1856017316
346153,242523.89
346159,218783.94258600645
346203,182892.12278738242
346208,171891.82909523806
346228,117879.26286693121
346229,156511.5
346232,121528.11454370768
346236,104001.34130976183
346237,89320.78528550097
346238,97320.29278262574
346248,134999.1666666667
346249,192752.541755062
346252,124445.54538800972
346253,124445.54538800972
346257,134998.3053302194
346282,96352.99661019095
346285,118507.303787737
346288,132875.1927303187
346291,94809.6762749777
346298,114772.51062247006
346334,147601.68144121164
346336,168365.61648327683
346683,169268.95130485864
346686,251900.20131087548
346689,240000.0
346690,184012.0387352096
346694,193336.51333033032
346700,211168.67638336276
346705,265111.0172735761
346708,265009.69621761603
346709,189607.66411111114
346711,352393.9563611111
346712,250488.188599983
346718,300862.4026960461
346720,128021.42549439722
346747,187431.73259523808
346752,171675.29518622212
346767,315135.6043859649
346769,265196.3774853801
346771,247000.0
346774,186893.36946564371
346776,148976.17151717172
346780,147608.20818383837
346781,130359.63976467152
346786,171178.09995666172
346788,154305.33280852684
346817,295944.1184579508
346827,137047.3510767449
346831,168999.7180967033
346859,255776.5067292656
346861,255776.5067292656
347092,235000.0
347105,355706.8857777779
347132,306641.4776892231
347134,336531.5833333334
347136,508806.4817142857
347137,710554.52
347149,270842.64285714284
347150,259133.2025740025
347154,322802.2198507049
347155,340044.68212058384
347159,140497.51805347673
347164,420000.0
347166,243450.33911484593
347176,346630.81659523817
347321,339920.13088922563
347322,486337.6
347327,356256.6172421393
347329,320000.0
379660,76003.44962041467
379682,94989.04436535732
379683,106519.81681813578
379739,61025.700899613636
379746,73191.078184148
379747,73191.078184148
379748,165547.05496188457
379749,165547.05496188457
379893,129207.93057052499
379894,149123.1944890578
379895,100445.98960683431
379896,129995.52999857163
379897,60636.78171428571
379898,74940.25465317852
379900,125722.29212698412
379901,183657.76951447246
379904,142656.81131809918
379905,135028.68333333335
379906,237080.39805512264
379908,95717.54824194858
379909,151401.16174211504
379921,182179.76539307393
379922,115429.424369697
379936,101986.41666205684
379939,167578.6558857143
379940,101062.10879939383
379946,94276.98273424424
379947,131527.78376506467
379951,164885.88221529353
379961,58951.546481640915
379962,82109.08453761342
379967,106388.5420040946
379968,90247.54307618177
379982,126466.83535714285
379983,152254.63720381318
379985,126077.01576190477
380054,96888.36337505702
380071,189991.07171864586
380072,300013.0392048009
380073,234101.44995881597
380074,207938.29825577085
380077,171822.0
380078,200000.0
380079,170030.0
380080,264442.1522222222
380081,204439.6841644388
380089,301700.0878
380095,159563.79951356046
380114,177389.17337357457
380115,180521.6364295283
380116,232984.90593953943
380118,179999.78186728418
380133,184140.56544188084
380135,211418.0819277223
380142,205292.32922929814
380143,206939.0937142857
380147,169113.2441588893
380233,156907.6353333333
380234,208212.1537826516
380267,283979.95624903974
380268,369992.5128205128
380269,251861.86233221443
380286,410121.268
380293,426741.1666666667
380294,373592.3050650499
380296,408180.89841269836
380298,319617.8871892853
380312,317352.4907621618
380315,267103.2920719846
380387,306241.2513333334
380392,568639.4681467965
380400,579980.9176545298
380401,311701.79685368517
381171,68969.50378610606
381179,102748.04346757483
381180,52267.016495327945
381195,102087.14667139923
381200,87540.10769230769
381211,94761.84386605369
381213,94761.84386605369
381214,108636.18716167263
381215,94761.84386605369
381216,89038.8971287258
381217,179061.76795423502
381219,109642.77634285712
381358,79092.97005152813
381391,94579.68286330016
381392,82950.14247543304
381395,100447.38418354759
381398,190687.34066666666
381440,147996.46266135524
381441,105493.42746665172
381456,154758.54593608336
381458,196125.47825919572
381460,107845.61903163372
381462,102997.18206806181
381463,127154.27856305733
381464,107845.61903163372
381465,141020.9585217747
381466,102997.18206806181
381657,214917.8358032593
381658,151110.4087236753
381664,174009.174317135
381665,189000.23461209936
381668,187490.97309308036
381669,165000.04687710124
381688,260000.24407247957
381708,219999.74193548388
381709,188460.98847081797
381712,150521.6750782312
381713,218904.11683760685
381841,217840.68820389704
381843,325000.0
381851,259133.2025740025
381863,419990.2121171692
381867,189007.24958897487
381868,292168.9055977124
381869,293779.3637477478
381870,231339.97457947937
381872,293779.3637477478
381873,293779.3637477478
381881,338092.53011318116
381930,330000.0
381931,329000.0
381935,201474.37491312338
405835,85015.24718953497
405845,171152.0034609805
405846,66451.7869633933
405851,95021.0945588235
405852,101733.07903100048
405854,135567.25270367222
405855,71000.16705946845
405858,116938.82755197854
405859,114884.09707792263
405860,84319.42220976806
405861,134546.31823376621
405862,142576.23161964465
405863,200082.7781401274
405865,318795.47619047615
405866,130000.0
405867,135506.8253282828
405870,138354.8684580628
405886,170715.70448155326
405887,233646.3254012654
405892,147089.81198932248
405893,240333.876
405894,117974.72950980392
405919,114157.68123402749
405921,118971.24171591914
405922,89802.05881388063
405924,148417.41845010614
405926,194155.0718237792
405928,64058.36944201681
405929,85628.42775375998
405930,139835.54847844306
405936,140443.82133570142
405937,95332.80781262317
405940,94114.0465637757
405941,183965.43736207185
405945,77449.77407726865
405946,77449.77407726865
405947,194880.54913974833
405968,114742.9255226188
405973,148142.19866861028
405976,92721.3319827675
405977,98449.54342857143
405978,115422.21022754424
405979,140267.17596190155
405989,84192.99271428573
405990,91698.73694170458
405995,96288.78710822512
405996,224870.26214228536
406009,86417.97700539591
406016,139835.54847844306
406017,93391.21036338463
406178,113107.17810312282
406191,172664.8204518698
406193,124716.22669654524
406198,166161.54186365101
406201,83540.9838181093
406207,133543.31
406209,144359.21986353616
406218,210437.7439481071
406219,129751.30721195474
406231,130044.73656920165
406232,90742.19909174654
406234,210255.71861471856
406253,159478.5866666667
406255,108388.17123809524
406257,113518.21417453997
406258,97942.34946731894
406259,97942.34946731894
406271,99361.53859770924
406277,365137.21627350425
406279,171219.980796162
406280,107532.7391111111
406285,97320.29278262574
406287,172481.11247058824
406288,131609.52792700197
406290,96933.78504546794
406291,88288.23634620922
406293,162858.894730037
406296,142398.77869408365
406304,74252.95856859889
406327,53647.076761904755
406328,64049.35180952382
406330,158391.38202857142
406332,106388.5420040946
406334,84919.9837378509
406335,117388.14846869565
406337,95430.2769227889
406339,109910.40499111061
406342,102997.18206806181
406343,123244.00324782831
406346,93104.69488140124
406347,160340.80235675434
406381,133428.36373803415
406382,189109.63923809523
406383,164856.02962714309
406385,105425.9060622365
406387,98445.39093770577
406388,128782.61509489846
406389,128366.20125379381
406390,155632.5461067081
406391,135300.28928320025
406432,109012.74923932702
406552,129168.20926753785
406568,257722.21106422698
406579,140949.912407639
406584,205256.60901698912
406586,264362.1522222222
406587,206189.14035185668
406588,160756.451137273
406613,300981.5591177945
406614,274773.0425
406616,351110.7028978864
406618,173065.05586341905
406641,224795.48566666665
406644,199784.56043727603
406646,119591.23437472087
406648,133518.03693237022
406652,158332.87772383308
406659,309147.9483903548
406685,168497.22227551063
406686,205457.28241300798
406687,194915.61115524
406718,260505.29706066495
406719,217376.217440824
406721,200201.9533333333
406928,236977.3166666667
406932,172548.64260496726
406933,198056.78830625582
406934,283000.0
406935,285283.0249861523
406936,314766.0
406937,183944.3847534092
406939,211191.45678566734
406942,229994.76783994582
406947,225355.53353412013
406948,217712.8
406949,335541.6045689548
406951,830041.1784523809
406952,634390.2975822932
406953,198999.79487179487
406954,262616.6621587302
406955,250997.96030952386
406961,211573.13092545536
406964,430778.6
406968,261979.659047619
406974,506012.9705714286
406976,357714.3247614954
406977,427622.3448278389
406984,389762.9269734445
406990,188519.22900405512
406998,1049497.790857143
407013,239165.9625882353
407030,285382.6042286279
407032,229921.32819244676
407102,442514.00063636363
407104,673321.8039047619
407145,865058.377333333
413239,121675.41171301245
413240,121675.41171301245
413241,142069.7933333333
413242,114853.10537915753
413243,89892.41162521663
413244,72174.675454264
413245,89946.48281395643
413249,92849.2117142857
413251,115003.44353512881
413260,135263.10483699306
413263,146827.3684076433
413273,77869.44
413274,143648.15189796395
413275,73191.078184148
413283,62389.94991701027
413284,117000.0
413525,78868.5442715021
413537,107932.35628035771
413538,149499.11664306332
413540,163913.93567682628
413542,96829.42215039987
413543,112156.45666435364
413544,72279.3559026512
413547,101481.766416095
413548,130000.0
413551,195008.01622326855
413553,112307.25217110777
413557,128281.6
413561,128142.0
413563,116835.2157196735
413567,104271.48292695539
413598,115651.05357142855
413603,93873.38041327533
413604,93873.38041327533
413606,118010.19076923077
413615,112334.99754533835
413623,103248.1904254777
413626,160340.80235675434
413637,154938.30333333332
413822,146819.99496922808
413830,123490.33333333331
413833,135695.8849260117
413835,190021.71902627405
413838,223955.29471278074
413839,233000.26493343577
413846,189980.36290893075
413849,267410.69179841276
413868,196516.29063571428
413869,136389.6481061448
413871,147052.15742870222
413872,100760.99267906132
413874,257290.55006926402
413878,266662.2578641189
413882,158887.3601018871
413883,158887.3601018871
413884,158887.3601018871
413886,159319.89744613995
413890,233068.69264794057
413901,162103.94076190476
413904,220195.81758256146
414015,224480.7447846006
414022,257332.20371294432
414025,304830.12042944314
414028,301150.135884058
414034,173626.9329002986
414036,311174.5360242825
414037,333176.6147437855
414038,260356.07759188252
414039,273118.208
414103,342264.06015429366
414116,769400.205904762
417626,672308.5167724582
418015,97208.27140889737
418017,421539.90534121904
418019,107198.13635725123
418024,193428.05792842922
418025,240957.09238095238
418026,178789.77457083343
418028,97854.74308998646
418031,156615.63261904762
418033,106004.30965764199
418034,93870.49301206258
418036,131635.35018251793
418076,218006.3576697697
418077,271532.2257203884
418079,161653.65228960945
418080,242067.64167399262
418081,353869.7291625874
418082,171088.07522710742
418084,114883.1059938462
418086,189417.96333008123
418090,182626.85670115257
418091,256203.66105627708
418146,98283.4159918175
418150,94999.28571428571
418153,82804.49862698412
418155,65702.10019387137
418157,77449.77407726865
418168,184629.06431578944
418169,73709.88745902725
418193,105535.15402134514
418233,173902.67878541717
418234,85324.10254155402
418434,121768.83949999999
418446,116004.29236666669
418450,150642.07342857143
418456,92161.044577495
418457,125919.44519632802
418463,180511.25359307366
418470,170165.57947619047
418473,127693.77766232332
418531,209993.91311826275
418533,218117.35120242534
418536,182693.04377313788
418539,90576.15033597742
418549,70999.34396825398
418555,189112.41657435897
418556,103540.7536017699
418561,123169.45830122099
418565,91116.91247942451
418567,98767.8233319857
418573,58819.65067267159
418574,105710.06919103942
418577,74880.3103448276
418578,78467.43461559138
418600,88550.86611904763
418602,99383.00428571428
418603,91901.692507431
418605,120912.08169665995
418606,129839.4571831385
418607,158827.0606331224
418609,143714.53205768822
418610,94180.40187066315
418611,178877.28972014965
418612,72449.81666666667
418654,124896.39844341385
418729,88090.87490956472
418730,153975.4451406866
418732,87394.2167324721
418897,197141.17777777778
418898,223262.38958162014
418900,138379.2595664261
418901,212255.74855855186
418906,336312.2074089545
418910,215000.0
418912,215000.0
418914,160581.32140603932
418915,200010.4841091444
418917,271283.3593333333
418918,223387.99840874516
418920,177044.74689037254
418923,223955.29471278074
418928,132833.98335987914
418954,244987.3110955711
418972,422818.395888889
418974,250497.7959967629
418975,462014.098
418976,197855.24223643335
418978,404356.786
418979,238617.17801680672
418980,239995.1518210189
418985,163676.3534142857
418990,417356.699507431
419001,239986.50252873564
419002,168452.16689572495
419006,153209.12652357866
419008,248001.4
419009,223428.5340506129
419011,235506.76833976834
419041,173666.45702713932
419042,223472.28674275705
419072,122600.88062596665
419073,122149.58959927224
419076,222379.1637679308
419077,214711.49383835707
419251,258300.65817723004
419257,359551.2471450119
419258,359551.2471450119
419265,602886.6491666667
419270,324940.24988968275
419281,173663.13717948718
419291,231663.6675047619
419296,438230.2666666666
419297,199207.93790476187
419298,155839.22865484408
419396,1456996.7676363634
442636,152186.11869232435
442638,88153.95452040581
442639,137189.01043283188
442646,99499.19662197436
442647,112082.4329771136
442650,171575.49487479185
442653,309997.95194805186
442669,174183.8266666667
442671,167487.88448736028
442672,84465.41876797838
442673,99265.59877748917
442674,242351.99355799754
442685,225855.13757531543
442686,299441.40417178156
442691,149395.3661926545
442702,133888.25245301676
442706,128324.91936389596
442810,92884.07357044032
442813,134144.70060625364
442826,224363.11616134123
442827,154936.97307405775
443085,110180.34661842835
467469,263370.5461818182
467473,241196.74784149186
467505,278882.53373655106
467512,85324.10254155402
467514,140078.66306080588
467516,87455.808
467562,111592.86160995672
467689,101024.31731375093
467690,110271.11234085388
467695,96829.42215039987
467696,229956.0
467698,135668.6078901273
467707,230000.0
467801,219161.81376190478
467803,85579.56487562224
467806,137658.37846103896
467820,78204.35599206344
467821,109149.51463014296
467822,98819.66422033246
467875,222648.78261538458
467931,85181.21962956004
468041,307989.6792537273
468042,273852.9897729186
468044,131393.91154029997
468045,276550.0291558063
468046,153000.0
468055,183393.91453297436
468056,165000.04687710124
468058,311418.5108
468059,208505.83058895616
468063,256073.8790666667
468102,178215.92863785007
468104,300652.31123076926
468110,251837.21836822375
468111,139761.29164724165
468112,187330.3445385884
468113,187330.3445385884
468115,187330.3445385884
468117,187330.3445385884
468132,173626.5090105789
468134,135167.6474284435
468222,138379.94041875965
468227,169178.64719443105
468429,297394.91547080374
468430,332247.08008658
468431,332247.08008658
468432,347164.72704484593
468439,354055.66095499037
468440,576341.3121273217
468441,379165.5804878863
468442,380510.0
468444,225355.53353412013
468472,428782.0
468474,352818.0751719745
468482,349963.55381422787
471390,70997.58216023714
471391,78030.26820184686
471394,63419.61666666667
471416,223533.35266666664
471423,115654.97064537647
471424,80288.56720321676
471450,105513.81174466923
474470,118711.39923204738
474491,97828.05385920608
474943,193211.5904806715
474948,156608.19842519826
474950,152675.56252778202
474954,115149.32601442082
474994,90619.92746812102
474995,87297.70646851834
475009,71380.47242424244
475013,94929.61665513668
475014,131663.29684094328
475015,54944.31143162157
475028,77819.3348912295
475030,130862.02420443544
475191,114853.10537915753
475192,72174.675454264
475193,89892.41162521663
475196,115003.44353512881
475202,73191.078184148
475205,105387.13679699418
475207,80269.39258947242
475208,105387.13679699418
475209,117000.0
475210,105387.13679699418
475745,117030.7483724696
475782,102174.11460384172
475797,91758.69838626421
475846,81753.05618268855
475856,146337.51263710848
475858,72279.3559026512
475862,163913.93567682628
475863,112156.45666435364
475864,96829.42215039987
475865,111923.52272408963
475867,136022.3841516921
475870,110526.34087301588
475871,101523.0542485705
475873,101523.0542485705
475875,108214.86087301587
475877,117068.51214435564
475880,128142.0
475881,92310.14639325415
475888,101523.0542485705
475896,189112.41657435897
475897,117038.93804399428
475898,118010.19076923077
475912,94489.57825706417
475914,128239.13867006543
475915,134476.74491645026
475916,107028.03626984128
475920,108706.4275181959
475923,155632.5461067081
476113,183420.43918138737
476281,248195.74582748365
476332,139457.09577216217
476333,165029.06697744556
476335,156478.31886329065
476339,256115.20686190476
476341,364692.5112433121
476342,270282.38186660624
476343,189980.36290893075
476344,393397.3887333333
476346,189980.36290893075
476347,190021.71902627405
476349,233000.26493343577
476351,156061.12518286568
476356,294143.1919714286
476357,223955.29471278074
476378,134117.45717030237
476379,142139.3106050976
476381,190036.223695052
476389,204775.17173140013
476391,204433.95450806976
476739,224480.7447846006
476744,579917.5555555555
476746,449276.82562651724
476753,380706.6027619047
476960,913242.6666666665
477981,90092.54632593798
477984,89946.48281395643
477986,79000.30625
477993,88922.71103908357
478001,106159.72378846651
478048,77449.77407726865
478049,77449.77407726865
478058,79809.60069288519
478060,86690.88045881293
478081,76035.44497169672
478145,90493.24585510942
478151,101998.31084656084
478169,170473.341100781
478172,109811.8813093351
478176,103400.92325731718
478180,90340.02828292036
478183,130000.0
478190,182597.98963023679
478261,96106.2805584187
478265,122869.44115021205
478266,96106.87205105381
478269,95555.90287048821
478280,109485.36302634064
478288,102729.40069581078
478289,118507.303787737
478291,101020.26331375093
478448,196833.5819658822
478450,185632.10717460015
478460,184573.50008570947
478521,185113.6777764673
478524,117587.39526567543
478529,178702.32948814228
478531,214607.42652144763
478539,185113.6777764673
478542,158887.3601018871
478543,245895.33538977732
478544,134675.06360926758
478545,160041.96064536533
478547,129559.1787706786
478653,199025.1861837659
478683,270002.4982103611
478690,334676.3398404205
478699,181996.87148621553
490871,91751.83156069083
490875,93995.03730646367
490881,117905.02238095237
490882,119168.38616841471
490883,119067.6782822131
490884,83791.75351161062
490885,94093.07938763603
490889,92849.2117142857
490892,118798.65026035623
490920,120706.14810613648
490922,105151.71801874193
490924,440460.7
490925,105151.71801874193
490929,73191.078184148
490937,74394.00275494764
490947,74394.00275494764
490948,119192.6225006937
490953,73170.9807414114
490961,92554.52474569486
490962,55999.237145650055
490963,85060.0881354839
491006,170473.341100781
491007,68187.93310288974
491011,142410.05490196077
491017,94995.73094871794
491018,145888.11802158016
491020,129616.70255936618
491021,139889.08608181818
491023,128557.65206349206
491025,242523.89
491050,97320.29278262574
491056,121132.55962663652
491058,106406.5
491061,118507.303787737
491063,94809.6762749777
491066,140276.79316322674
491069,148741.35146182956
491071,96352.99661019095
491072,132875.1927303187
491073,87029.09351097218
491088,81753.05618268855
491089,127100.43173829588
491145,240000.0
491148,239984.69414297296
491153,205689.99576790087
491155,265009.69621761603
491158,160581.32140603932
491160,190966.45730437667
491181,255918.4954966338
491182,149600.47948406718
491185,274466.6654782609
491187,171178.09995666172
491191,217160.56354311635
491193,213532.2781204476
491195,139854.04883320018
491196,168999.7180967033
491216,189467.5433919414
491217,223102.8685199135
491297,235000.0
491298,539226.6404761905
491301,795976.6
491302,385103.95167263405
491307,263977.4946236455
491316,535652.75
491317,140497.51805347673
491318,307493.91018103866
491319,420000.0
491320,458909.06666666665
491361,982696.6666666666
493949,106519.81681813578
493954,94989.04436535732
493971,98569.65374025969
493993,73191.078184148
493995,73191.078184148
494237,129995.52999857163
494239,149123.1944890578
494243,196693.839
494244,95717.54824194858
494245,113910.87841269842
494249,135028.68333333335
494251,105089.696
494256,81986.53693882783
494336,144826.2077115905
494341,106388.5420040946
494342,155999.75855378472
494343,102997.18206806181
494393,81578.57277777066
494449,99035.13578535465
494455,96888.36337505702
494589,234101.44995881597
494590,189991.07171864586
494592,130241.59878693201
494595,300013.0392048009
494596,207938.29825577085
494601,171822.0
494604,264442.1522222222
494605,185649.25306178216
494606,189414.6823920895
494608,200000.0
494626,86194.7219981671
494669,211418.0819277223
494671,184140.56544188084
494751,208212.1537826516
494753,169178.64719443105
494897,200000.0
494901,317208.6591034781
494911,330348.81666666665
494917,408180.89841269836
495052,360000.0
495057,568639.4681467965
495059,579980.9176545298
515660,85393.34707360415
515661,127413.08033333335
515662,171609.68190597513
515667,139442.21215172185
515690,170936.54633917782
515696,104906.98147442576
515713,274866.5976467976
515718,128847.46083333333
515757,220471.9741239316
515857,552085.7483700509
516158,115277.55966666667
516159,115277.55966666667
516160,111874.49787281197
516161,108215.93636904762
516162,130438.99967857143
516163,56000.81290322581
516164,52267.016495327945
516170,94093.07938763603
516171,96479.24345101608
516177,107678.3206766917
516187,116109.341
516188,74603.05243809524
516189,112906.11135217706
516190,130277.98333333332
516194,66877.43677639752
516195,85324.10254155402
516196,76458.55941546973
516199,87455.808
516201,79000.30625
516202,344279.8272455321
516267,96829.42215039987
516270,124459.60884523806
516271,119938.32195081138
516272,114656.86262891613
516277,229956.0
516285,141987.96747104786
516286,230000.0
516289,105971.12736138441
516290,115000.38095238096
516297,215865.1700370851
516298,129498.51018315017
516308,196501.73333333334
516312,150302.34736421588
516313,142002.8193848163
516320,151988.43582946132
516321,77770.7614775575
516335,85579.56487562224
516344,89788.93821378621
516345,142279.81521289932
516352,98819.66422033246
516355,129964.8920672215
516356,109149.51463014296
516358,78204.35599206344
516364,97948.05781480634
516365,109748.60627342494
516366,117760.54334018494
516371,90132.6852014652
516372,95155.84004228591
516373,110288.6076672402
516405,192491.4814018626
516407,169676.47803417718
516426,138503.56388355937
516427,146520.3263262277
516428,153000.0
516429,212255.74855855186
516430,131393.91154029997
516431,131393.91154029997
516434,169217.07819044281
516436,184012.0387352096
516442,264442.1522222222
516444,183393.91453297436
516456,208505.83058895616
516457,325979.7899078046
516458,208505.83058895616
516469,271638.59986703994
516471,139761.29164724165
516472,192491.4814018626
516473,166942.64313224255
516474,228781.01376866898
516477,188654.89959595958
516478,156140.6483289231
516481,156270.0311227167
516484,135167.6474284435
516486,114973.6573312502
516491,154610.93672730343
516492,173626.5090105789
516493,109971.16316797743
516496,190036.223695052
516502,236548.01476190478
516506,208212.1537826516
516507,138379.94041875965
516508,143749.661931936
516509,235774.835006435
516564,261607.58235503756
516572,195593.0670596448
516573,265217.829589706
516576,379165.5804878863
516581,225355.53353412013
516588,417140.0157432816
516589,498377.492976827
516590,360965.25116254576
516592,427073.83879365074
516597,263519.0
516598,667598.0
516600,293235.186395511
516601,393453.8235244161
516602,444691.6286666667
516603,442465.0150793651
516607,198939.59344551415
516609,349963.55381422787
516610,378436.99939544505
516611,267351.767764411
516615,369992.5128205128
516659,1017067.9782857142
516660,1154569.148
524743,600165.9953732484
524744,755170.9746666667
524748,152792.31657287158
524749,182300.98666666666
524751,259644.52666666667
524756,89946.48281395643
524757,124531.60958310794
524758,124973.0
524759,68780.48932863849
524760,89946.48281395643
524761,90854.75306269484
524762,124531.60958310794
524766,89991.0788968871
524767,215838.78328098037
524781,183187.89197676626
524782,189700.99142412926
524785,67221.11153846154
524786,144621.60662659636
524787,113478.98222799184
524847,91707.23672842888
524851,131770.53997735315
524852,102918.0643640178
524853,101055.7586008124
524858,406094.76159660297
524872,192553.1
524874,182047.38019752718
524878,99905.41773000234
524879,102546.21183682141
524880,106700.60060067635
524882,126884.51268657856
524883,348929.67903787876
524884,197548.1441617131
524889,136878.30985347985
524891,177400.4075106171
524893,202978.05805729632
524894,148947.74519363194
524895,243150.6203659193
524896,101572.49496788101
524898,206099.92789961473
524900,78801.57174764937
524901,265990.661423997
524904,128300.0894339112
524910,112238.92937080482
524912,197567.32924444444
525089,101998.31084656084
525092,98727.136
525099,135856.66317460316
525100,117310.46930686093
525101,115979.41910087215
525102,135856.66317460316
525104,118394.72150759697
525109,149139.8664920147
525113,101481.766416095
525117,128281.6
525121,187699.31666666665
525123,128281.6
525124,145888.11802158016
525125,177020.5220046607
525126,122835.51223939948
525127,126466.8293776919
525158,49578.066666666666
525164,163132.38512820515
525170,57770.64209890111
525172,127137.07699598507
525175,94413.97141834912
525177,112681.78284961656
525178,93835.14384108575
525179,142585.213022963
525181,103283.40824524101
525182,91270.27308131767
525197,118507.303787737
525198,79083.57756593639
525201,84140.52034462456
525219,155632.5461067081
525380,356889.12333333335
525383,196833.5819658822
525384,185589.53503791912
525390,212242.57621878703
525394,279997.50616924383
525413,368717.5799047619
525421,224795.48566666665
525423,340613.3333333334
525424,245211.31695415927
525427,181731.30189570447
525433,234850.7580952381
525443,263789.6009523809
525455,117507.18364090413
525479,137563.7390162895
525655,510930.24733333336
525656,449272.62223419896
525658,258448.35235749907
525667,320217.6875
525673,825000.0
525680,230996.00563904605
525682,498384.13095238095
525685,253793.27059523808
525688,667435.6746666667
525689,235418.99992532431
525690,167905.2587408084
525691,386248.28593590134
525696,364229.89096248586
525697,241030.28538246275
525698,220690.30790777196
525700,184017.23554183939
525711,136923.36304261812
539753,97064.21250730589
539777,111756.1810240944
539778,108170.08065806577
539779,132259.8462201129
539953,88904.81485714286
539954,96809.7286977821
539955,136953.35783230147
539956,136723.35783230147
539957,136953.35783230147
539961,136953.35783230147
539962,136953.35783230147
539963,80278.57553333334
539964,80278.57553333334
539965,113113.18393271008
539966,113113.18393271008
539967,113113.18393271008
539968,113113.18393271008
539969,113113.18393271008
539971,151232.43185480754
539972,151232.43185480754
539973,151232.43185480754
539974,151232.43185480754
540081,120982.1489198808
540090,63927.43673369564
540110,125763.43628507524
540254,288364.3941950966
541463,103947.91263938857
541599,144883.16526997378
541853,109318.25792538672
541877,118603.37453060271
541878,118603.37453060271
541879,118603.37453060271
541880,118603.37453060271
541885,174539.39321904763
541886,174539.39321904763
542909,186936.67743685862
543093,313497.6
543710,235250.5479241282
544210,190273.12856122447
544215,231613.39647179487
544327,499428.69762641896
558074,101244.58703261586
558075,107310.24775757575
558077,73272.75885937609
558083,73272.75885937609
558085,120491.03716666668
558086,118760.30141760458
558087,120491.03716666668
558090,143356.87222901348
558091,104457.60809767702
558093,111945.62901052018
558094,136571.55686666668
558095,176793.85758436008
558098,125377.4136845155
558099,104457.60809767702
558100,158122.84733333334
558101,113416.6372361472
558103,106519.81681813578
558104,266006.1051919192
558105,109637.0066734998
558106,106920.95356922806
558108,100963.50588532875
558110,185228.2415565282
558111,116379.72679709365
558112,155547.19713333336
558113,136157.3390318471
558114,113710.40843174604
558115,372996.3550641457
558118,109172.68971825395
558119,113416.6372361472
558121,153825.29913333332
558127,114347.084972472
558129,97880.16794261296
558130,114347.084972472
558131,106526.7046092796
558134,114347.084972472
558136,106526.7046092796
558137,106526.7046092796
558140,108920.91953599338
558148,183570.41043252172
558152,85037.73734415858
558153,183678.21043252174
558156,127326.59037368327
558157,127326.59037368327
558158,185821.60909918838
558159,127326.59037368327
558161,185821.60909918838
558165,98995.00475583866
558166,116425.48393650791
558167,133586.10425
558168,161294.39185194985
558172,159267.81394718797
558173,105085.89068748124
558174,98995.00475583866
558175,217902.49961904762
558177,114760.5665509067
558178,147633.87232843076
558179,129345.7846848804
558180,107598.82211620202
558182,82119.94454710952
558183,151529.36276993822
558184,100552.33753124217
558185,105227.00118703219
558187,100269.79433550175
558188,122469.87867733989
558190,129345.7846848804
558191,82119.94454710952
558194,97085.92494338288
558195,145446.93247695986
558197,70403.55301188664
558199,119903.28599907109
558200,102610.20717525542
558201,122425.01074020429
558202,110336.40114515234
558203,83819.02885214267
558204,131731.50240310672
558206,60249.79998701477
558212,71357.83683932494
558213,69780.04887986578
558216,73191.078184148
558217,73191.078184148
558219,73191.078184148
558221,80852.59717387741
558223,73191.078184148
558225,73191.078184148
558229,76575.58975536996
558237,151467.36169932268
558238,129588.97628777282
558244,185251.38487958763
558245,147178.22584848484
558246,119923.23316666667
558258,108112.1639108508
558260,116198.56253809524
558261,154937.42455378632
558315,150290.024811801
558319,98693.51226317202
558324,204669.19197758075
558326,204669.19197758075
558327,255321.081525818
558328,204669.19197758075
558329,204669.19197758075
558332,179004.3293549942
558334,141883.9559482379
558336,124351.16400352295
558341,210179.72
558342,127998.0
558345,200225.36
558351,157839.92500505684
558361,221718.1426901355
558362,251735.20963299973
558363,194650.92523809525
558366,89320.78528550097
558367,184222.04818063852
558368,207489.15386128757
558369,194477.64015431784
558370,186177.57067719867
558371,182753.75686876642
558372,200364.78474286984
558373,210813.7165864771
558375,164255.6263535128
558376,146259.21691552928
558377,187722.33453656666
558379,208256.79181722394
558380,187722.33453656666
558381,200580.7401079346
558382,190439.01279367052
558383,204643.78035249634
558384,158353.2118452382
558389,149852.1330917349
558390,149852.1330917349
558391,134433.12702845145
558392,123118.80531353103
558393,149852.1330917349
558395,193309.81502215686
558396,149852.1330917349
558404,255950.75184444446
558405,190876.01544151237
558412,155210.00344835693
558413,102997.18206806181
558415,157709.99965385965
558417,182744.48577548703
558419,134552.18245153062
558420,182744.48577548703
558423,158000.17150471976
558482,109606.05409911825
558487,94757.62460206372
558575,150805.99271996252
558579,288086.5253690476
558580,259110.36360327576
558582,264968.4228922577
558586,149810.45072490667
558587,444148.16281534405
558588,254614.6566166593
558589,288186.01763827994
558590,373294.46438095235
558592,254614.6566166593
558596,288186.01763827994
558598,254614.6566166593
558599,213364.5296527778
558600,254614.6566166593
558601,184980.1777777778
558602,254614.6566166593
558612,306839.33928180573
558616,550072.774
558618,191111.28048698895
558619,293128.64117817563
558621,208906.76173049607
558623,236464.7514805793
558624,255098.5929386757
558626,255098.5929386757
558627,368537.58419015544
558628,267466.73754839017
558642,340584.2833333333
558643,340584.2833333333
558645,340584.2833333333
558646,340584.2833333333
558744,374992.836996337
558745,185476.76804140533
558746,229962.8360381705
558749,323315.9014047619
558752,306641.4776892231
558757,362006.2413589744
558758,250006.83491424756
558759,250006.83491424756
558767,228935.82584082586
558769,272816.24536904326
558771,374992.836996337
558811,375011.05550676613
558813,374951.05550676613
568428,205969.20543523142
568488,110239.19557462339
568493,106426.57346075296
568513,125954.98902339178
568514,101916.95858793893
568678,339254.748
568737,163599.6274435045
569283,105742.14140556213
569291,116564.69490295001
569296,443660.3316923077
569297,226128.46112936604
569577,153199.69342983383
569590,61721.90582857143
569721,94052.09516358085
569782,166518.69090910902
569784,77211.9371587677
570328,73865.7346343199
570329,81749.29123324253
570331,71000.16705946845
570337,142576.23161964465
570339,142576.23161964465
570340,123010.78031875448
570343,102087.14667139923
570345,151030.8173971701
570347,127502.06991954023
570349,106274.65624554375
570350,151030.8173971701
570351,151167.11752139404
570354,126801.59841269841
570356,137826.1853359089
570358,156873.86885437087
570359,148231.21172727272
570360,151030.8173971701
570361,148231.21172727272
570362,151167.11752139404
570363,151167.11752139404
570364,151167.11752139404
570365,82796.95082479078
570366,82796.95082479078
570368,82796.95082479078
570370,77449.77407726865
570373,156603.85067255268
570374,156603.85067255268
570375,151099.61752139404
570376,151099.61752139404
570377,151099.61752139404
570378,156603.85067255268
570380,138184.50704199218
570382,151099.61752139404
570404,114652.40111111113
570406,166385.44508319124
570408,89253.24070657078
570414,98003.37731749185
570415,122000.08126635046
570417,130044.73656920165
570419,90742.19909174654
570427,123844.479637082
570429,97942.34946731894
570437,100763.87818553681
570439,100763.87818553681
570440,100763.87818553681
570450,195006.61971878743
570458,129426.0964472293
570459,106388.5420040946
570461,117388.14846869565
570462,100272.1694832376
570464,158827.0606331224
570466,106388.5420040946
570468,123244.00324782831
570473,129839.12988563647
570497,140949.912407639
570500,199483.7443200402
570504,264362.1522222222
570506,206189.14035185668
570507,205256.60901698912
570509,160756.451137273
570519,158332.87772383308
570520,226996.18374885022
570523,264440.2276190476
570528,168497.22227551063
570537,204986.9695025641
570538,180458.77806990253
570555,172548.64260496726
570556,224480.7447846006
570557,283000.0
570561,183944.3847534092
570562,198056.78830625582
570563,285283.0249861523
570569,198999.79487179487
570573,522056.86741337273
570578,303989.0226666667
570585,229921.32819244676
570586,285382.6042286279
570594,442514.00063636363
570596,464865.4789333333
570598,428301.85409075714
593356,128969.5980413872
593382,95660.0144808106
593448,411737.98133333324
593531,354239.51764141687
593551,146629.24177303255
593561,203697.28250634987
593615,1625370.222
594359,85229.26068504593
594365,119503.14877723811
594367,176980.34041343856
594402,133474.47414466646
594574,126472.19814285712
594609,286028.0252000753
594610,255962.91562574825
594613,282958.819031746
594628,75369.55668578221
594631,118048.82933075164
595047,347590.57252380956
595289,140834.09176769393
595420,50107.47357142857
595423,103100.82531608923
595425,89946.48281395643
595442,106159.72378846651
595448,76129.22234576147
595450,106880.97397855124
595451,93950.80992417142
595452,83779.33574102154
595453,73191.078184148
595455,77449.77407726865
595456,77449.77407726865
595458,77449.77407726865
595461,94761.84386605369
595462,94761.84386605369
595465,102546.21183682141
595466,91888.19377954701
595468,94761.84386605369
595470,102546.21183682141
595471,94761.84386605369
595475,102546.21183682141
595477,55716.7213569582
595478,95000.0
595482,76035.44497169672
595488,52222.74431390283
595523,90493.24585510942
595535,90317.73743637731
595537,79973.28977966945
595540,116826.97579917108
595541,109991.63553740713
595542,136340.49841615473
595543,170473.341100781
595546,89435.2520178625
595547,106908.5841308408
595548,103400.92325731718
595549,101481.766416095
595552,135885.24123333336
595557,95001.02831706783
595560,168687.5642857143
595565,161125.78651577095
595582,182597.98963023679
595591,169219.65514699518
595598,96106.2805584187
595600,104777.00982648434
595620,104941.88349425435
595626,148741.35146182956
595628,154758.54593608336
595633,101020.26331375093
595635,118507.303787737
595636,150899.37717740692
595638,102729.40069581078
595641,108866.46408076095
595643,148741.35146182956
595644,148741.35146182956
595647,107845.61903163372
595648,112950.25675049263
595658,85181.21962956004
595660,113056.5222631643
595685,139914.24142575386
595688,196833.5819658822
595689,185632.10717460015
595695,184573.50008570947
595696,177990.51278271814
595697,239286.68
595698,183963.07242757228
595700,249839.0
595703,288186.01763827994
595706,184573.50008570947
595714,185113.6777764673
595718,177007.55879986976
595725,199000.0
595732,129559.1787706786
595734,169550.50942346707
595736,218904.11683760685
595737,145337.30214312495
595739,134675.06360926758
595740,160041.96064536533
595741,184140.56544188084
595742,245895.33538977732
595796,269292.741667851
595797,142992.31437257986
595799,289999.4666041576
595801,214972.00100553042
595802,199025.1861837659
595829,189007.24958897487
595830,293779.3637477478
595831,195827.26458561546
595832,293779.3637477478
595838,334676.3398404205
595840,292168.9055977124
595841,183691.63594187764
595864,568639.4681467965
595866,285957.1903888888
595867,281699.9039396051
595871,276745.82311420835
595872,275890.2247835498
595873,279422.98055687
695664,47638.46357142857
695713,107791.44696208254
695740,84267.24118117773
695980,138705.488364926
695982,204897.34643159178
695988,51761.428521792535
695990,241681.1128802309
695991,417230.05714285723
695992,283392.6734798068
695997,74720.00661139986
696003,146930.21138152134
696004,139481.125968759
696286,109787.92666666665
696293,120952.99481074487
696305,109951.8094226035
696307,85324.10254155402
696308,87455.808
696311,344279.8272455321
696315,107517.41405970183
696350,116966.79028663262
696869,101024.31731375093
696873,129568.44323492066
696877,229956.0
696878,105000.0
696884,105971.12736138441
696886,135668.6078901273
696899,221456.20608450816
696907,103331.84879785067
696915,105002.0
696916,74690.9200851371
696919,85579.56487562224
696920,120002.61525064126
696924,78204.35599206344
696929,98819.66422033246
696939,129989.01699827805
696940,125002.16467082548
696942,124999.96428510183
696943,85181.21962956004
697271,131393.91154029997
697273,153000.0
697274,138503.56388355937
697275,286597.0783962041
697280,208049.5808057608
697281,183393.91453297436
697283,208505.83058895616
697286,208505.83058895616
697287,165000.04687710124
697296,192500.9324672503
697297,264945.2080242644
697303,139761.29164724165
697305,228781.01376866898
697309,114973.6573312502
697311,134995.26557575757
697319,138379.94041875965
697320,169178.64719443105
697552,508291.22244444443
697710,341985.75886855024
697712,225355.53353412013
697715,285890.1358101329
697717,380510.0
697723,306641.4776892231
697726,276593.168
697729,445378.2684561404
697732,349963.55381422787
697874,1475907.9185977415
698220,124215.15639107955
698327,240528.19709523808
698446,597054.6047320261
700159,233606.0
700179,233761.8
700194,407955.9184761905
700545,117178.95034150341
700552,119918.66413522586
700625,63391.53587641116
700675,87815.78833281458
700716,160916.5283843604
700901,239494.1445692467
741348,498156.74030142196
742385,97854.74308998646
742389,131617.2296190476
742393,149979.25006837607
742423,146375.37058561362
742425,537393.1947380953
742446,183175.14467264377
742449,514082.0047619047
742450,183175.14467264377
742458,94999.28571428571
742464,50699.493552144646
742467,77449.77407726865
742468,77449.77407726865
742531,104288.14907389136
742533,104288.14907389136
742571,105410.57304596467
742573,130869.65281714758
742929,158652.65271844924
742930,151362.2333333333
742939,96576.61573135317
742964,122220.49999289097
742971,120370.38788888892
742973,56618.920728715726
742974,168687.5642857143
743033,169219.65514699518
743034,131791.56278785368
743038,176280.0965
743063,172066.28557209723
743065,172066.28557209723
743070,151160.02704520355
743073,119005.30233333334
743076,74682.18449650833
743084,78823.64875896358
743086,159991.95397121352
743088,98767.8233319857
743089,98879.73373742543
743094,74880.3103448276
743100,99621.71884733047
743113,114889.43099906629
743117,243040.53232539684
743119,94768.56578603131
743135,156935.63516214106
743136,156811.63516214106
743139,123385.54397452217
743140,123385.54397452217
743190,65891.76956613758
743192,146835.53208484847
743194,152561.702
743369,99827.98241025642
743690,200672.04382683948
743695,174643.24087973815
743699,223262.38958162014
743701,132833.98335987914
743705,160581.32140603932
743711,215000.0
743712,223955.29471278074
743717,215000.0
743760,245364.2687134503
743761,245207.83578540166
743762,132270.15472182553
743772,165444.60610971274
743779,262804.20561038965
743782,112943.26929344337
743795,245988.38705555556
743796,239986.50252873564
743801,264919.3396213423
743802,153209.12652357866
743804,264919.3396213423
743805,235506.76833976834
743806,223428.5340506129
743808,137775.11169310324
743810,248001.4
743814,179687.5660573248
743817,246736.33400000003
743842,294432.2631756411
743994,222379.1637679308
744663,325209.7434670232
744679,241490.086749477
744680,309225.21037542884
744694,324940.24988968275
744695,682796.618
744736,156028.6796598424
744752,155839.22865484408
899301,108920.77346631902
899306,130062.52098571429
899324,94093.07938763603
899326,186295.88098333334
899337,51770.26803174603
899339,105107.81613788521
899340,99770.15778950998
899343,91427.55723004966
899352,146521.88155947468
899354,119938.32195081138
899355,136588.47845473047
899359,258126.53586112524
899360,141883.9559482379
899368,141987.96747104786
899370,150302.34736421588
899372,205198.1822649919
899373,154694.10199947117
899374,96196.51445938378
899375,201250.207
899376,67614.70161003286
899377,66670.66117283022
899378,142177.08151241794
899379,124445.54538800972
899381,142279.81521289932
899382,142279.81521289932
899388,129964.8920672215
899391,165906.52508810643
899392,110288.6076672402
899399,169676.47803417718
899400,192491.4814018626
899401,139761.29164724165
899404,189365.6555836537
899405,191622.87693411362
899406,159680.6570989198
899408,169217.07819044281
899409,184012.0387352096
899413,339484.3898444444
899414,519573.16666666657
899417,192491.4814018626
899419,192147.78223328703
899421,187330.3445385884
899425,143658.11025173313
899426,109971.16316797743
899427,159073.78299734872
899428,122409.57038616031
899430,190036.223695052
899431,167785.2714822663
899432,154610.93672730343
899433,179871.51445888236
899437,235774.835006435
899438,143749.661931936
899451,261607.58235503756
899461,487121.77984615386
899463,363292.68477080186
899465,376389.2
899467,288779.46961971134
899468,155169.64485125072
899469,236933.5510214477
899472,198939.59344551415
899474,369992.5128205128
899475,449397.3436851165
899480,388213.4666666666
899481,469807.8274509804
955997,81003.00789308017
955998,166546.21604669903
955999,149150.3321111111
956000,90763.89359753345
956005,181119.6321586291
956006,203975.56666666668
956007,186631.67022226314
956010,125638.96525828497
956013,198575.02299531145
956017,167749.12496677265
956024,99815.33416985138
956025,103670.97796390657
956034,86704.96808326259
956037,380804.0
956043,194260.6515952381
956052,108931.75392526499
956053,271173.7415950535
956055,91056.50801831501
956057,194260.6515952381
956058,114277.72989186582
956069,84354.66279061958
956070,97102.84556284152
956072,98017.00556284151
956073,98017.00556284151
956074,98017.00556284151
956075,97102.84556284152
956076,97102.84556284152
956080,97102.84556284152
956081,97102.84556284152
956082,84354.66279061958
956083,97102.84556284152
956084,84354.66279061958
956085,97102.84556284152
956086,98017.00556284151
956087,98017.00556284151
956088,84354.66279061958
956089,84354.66279061958
956090,84354.66279061958
956091,98017.00556284151
956092,98017.00556284151
956093,98017.00556284151
956095,84354.66279061958
956096,98017.00556284151
956097,97102.84556284152
956098,98017.00556284151
956100,97102.84556284152
956101,97102.84556284152
956102,84354.66279061958
956104,84354.66279061958
956105,98017.00556284151
956106,97102.84556284152
956107,97102.84556284152
956109,84354.66279061958
956110,97102.84556284152
956111,97102.84556284152
956112,98017.00556284151
956113,84354.66279061958
956127,96190.35540454446
956136,139119.1469047619
956137,117025.0
956139,136953.35783230147
956140,363560.9183171051
956147,176083.95305641493
956148,57499.787747252754
956150,74984.54499968485
956154,131097.1339903142
956155,131415.93807142857
956156,90907.24417777224
956165,159175.27764073026
956171,177551.02989615756
956174,140526.07931178625
956175,164430.39166029723
956176,92343.9055751752
956177,146122.8700447042
956178,177707.0330933092
956179,151428.95386768872
956180,121385.17986666666
956182,121385.17986666666
956183,123000.28685021645
956184,121385.17986666666
956187,111608.17944444445
956199,67721.97370962372
956200,78937.24333333335
956203,118487.99214284794
956206,211075.19933333332
956207,196953.61897860593
956215,172516.65310972338
956216,363457.3574
956219,103739.45561221802
956260,201162.8155572214
956263,102430.888
956265,107167.71635004792
956278,133189.61778941032
956282,156709.81063582216
956284,140823.34718451565
956286,123559.54462057934
956287,111167.25998311854
956296,143870.02714396734
956299,89276.20101499541
956300,79774.0861172696
956301,205566.56128010812
956302,218571.8087298473
956303,93075.73237559931
956304,106248.68312617745
956305,114302.64756283294
956306,236474.32347321956
956308,130387.39918273945
956314,93606.7641015961
956448,89200.71429198363
956593,99616.59782967271
956658,116243.10136120909
956809,140255.49458547865
956858,178155.4960904923
956897,183972.44179892537
956898,199473.9827448058
956901,200480.11904760785
957097,294080.44209614943
957206,397736.99841269845
957298,112681.52747134987
957343,168040.1525568779
957367,175051.4799105053
957390,85804.53152465192
957447,71893.66572161172
957458,232826.24367386877
957494,220882.51096548935
957534,285609.631408852
957542,250561.58935714286
957549,277076.3051444719
957560,93772.07552789763
957577,120800.95831041191
957604,327129.29879106855
957607,399706.01114285714
957925,123326.9819829651
958055,93478.00267176755
958085,101704.64118759938
958089,164329.37356445257
958108,242184.19724042623
958114,231818.0445201465
958138,648249.2173339399
958139,231718.56987945587
958215,107254.53593205672
958216,106014.67242057301
960013,67534.65227055804
960014,118000.0
960015,118000.0
960016,119067.6782822131
960018,118798.65026035623
960019,65001.44769234678
960022,117999.62790697675
960023,102009.90127424271
960024,129699.4915944903
960025,112564.9726217406
960030,108634.86701837636
960031,123318.35197749837
960032,108634.86701837636
960033,123318.35197749837
960035,73191.078184148
960036,73191.078184148
960037,73191.078184148
960038,73191.078184148
960039,77449.77407726865
960040,77449.77407726865
960041,77449.77407726865
960042,77449.77407726865
960046,79809.60069288519
960048,82028.3535472364
960049,119192.6225006937
960050,118000.0
960052,86786.99406029982
960053,93000.21351934048
960066,120806.65714285715
960069,159999.4802769779
960071,148841.350672751
960077,190000.23039215687
960078,112019.3092222222
960080,147820.6392079254
960092,113908.83800000002
960093,139916.48490555558
960095,97559.7701
960096,135923.92961904762
960101,119952.88980429505
960102,121528.11454370768
960103,121528.11454370768
960105,93814.86467880568
960109,71087.68775
960115,112434.29206439784
960117,189919.51457628363
960120,118961.82362047899
960122,115683.48221608886
960150,187306.26946956606
960151,189991.07171864586
960152,131393.91154029997
960154,204965.2551558816
960155,187306.26946956606
960157,187306.26946956606
960159,220000.0
960161,184994.97589343568
960166,265009.69621761603
960172,198774.08970953393
960177,258186.0845714286
960180,130359.63976467152
960182,167292.47319708898
960185,169848.09143881052
960186,220001.2
960187,204966.52788315434
960188,195075.001
960189,140066.8758658137
960198,250039.74300077732
960199,250039.74300077732
960212,259918.92160995936
960213,273005.1804976958
960214,260998.3978807132
960215,259918.92160995936
960216,341985.75886855024
960217,259918.92160995936
960218,260998.3978807132
960220,320217.6875
960226,825000.0
960227,200648.1677715016
960229,248850.67448517345
1068,476740.90713940596
1069,790000.0
1073,212354.44466666668
1082,387110.42908289493
1091,260568.334
1363,114220.37326660604
1535,216900.81794871794
11023,362303.31808694644
13114,680000.1226861029
13121,980000.0
13122,476740.90713940596
13123,980520.0
13129,549882.6666666666
13135,475121.92450087005
13136,600000.0
13859,244877.26666666666
14120,341455.3813333333
17962,357565.3985724275
18023,167896.32857142854
18026,273005.29876893986
18031,133071.98095238095
18033,421291.2316533546
18055,173978.16190476192
18056,192836.0
18641,176716.7206666667
18952,790116.5072440443
24270,497225.65314285713
24300,242153.8
24962,236384.50000000003
29513,790116.5072440443
30487,474404.0395056794
30496,650000.1292665802
30986,332298.06666666665
32487,394766.6666666666
32497,580709.6008597285
34223,680000.1226861029
34228,980520.0
34229,476740.90713940596
34241,600000.0
34447,200631.5
34556,117589.50476190475
34560,296672.67624870496
35408,680000.1226861029
36283,476740.90713940596
36297,549882.6666666666
36313,475121.92450087005
36503,600000.0
36593,980000.0
36594,980520.0
43990,117958.79999999999
44484,185391.04676190478
44522,175843.66999999998
44541,180371.3523809524
44795,253914.4828138528
44810,260133.90055455358
44921,356252.6935753662
44941,345978.0666666667
48130,315399.7358888889
48906,790116.5072440443
61506,474404.0395056794
61520,475121.92450087005
61635,521425.5570401375
63611,781314.3915440886
63615,2753445.8308415865
63616,250290.3
63654,369359.1941792718
64454,328267.8
64458,168626.53133333335
64687,476740.90713940596
64693,359105.33009523817
64694,217539.2
64707,475601.004
64711,142761.3333333333
64714,179013.13133333335
64864,133692.0
76712,172790.8
107512,351718.5684833582
107617,460000.0624511556
107648,520160.0
121692,178291.65333333335
121693,184388.11365079368
123342,351718.5684833582
123378,460000.0624511556
123380,520160.0
126492,680000.1226861029
126525,980000.0
126530,980520.0
126531,476740.90713940596
126602,549882.6666666666
126708,475121.92450087005
127160,135561.53268333332
127755,385968.34427228326
133612,1484695.8261834823
144042,309847.02
144080,101215.89733333333
144429,266759.94504761905
170404,235794.06666666668
172269,262406.27599217417
173866,134523.8
173868,88640.82666666666
174902,119045.16023809524
177586,96872.7
179914,220401.13333333333
179924,585599.0238095237
179963,650000.1292665802
179977,286710.7333333334
181779,1641438.997296296
187943,179259.27174603174
189578,538093.7673696725
189587,580000.0569548167
189588,1200000.1014152244
189589,580000.1890753104
191430,123955.63333333335
191965,87591.76666666666
191966,81865.98701298701
191967,75314.87555555555
192661,476740.90713940596
195919,160273.72
196103,175579.70293281443
196105,175579.70293281443
196106,175579.70293281443
199867,205943.2666666667
199881,166509.81136507937
201115,393631.1401098901
201277,301462.958974359
201303,512530.0
201766,113254.3163412193
202123,148275.7666666667
202124,125445.20571428572
202125,114495.01411889595
202129,165464.534
202354,275905.3333333333
202355,242138.59
202358,206522.4
213982,368617.8
215836,460000.0624511556
215846,520160.0
215857,351718.5684833582
226279,409871.55677655677
226280,912443.2958
226291,771122.0685333263
226292,519418.98679098586
226309,435000.0
226325,531069.8808721557
227218,138314.18333333335
227616,182792.9185
227714,190770.0555555556
227730,279254.9772133838
227985,293437.68547388294
231004,435000.0
231095,400000.0
232092,525916.0080001935
232097,163290.7666666667
232099,209299.4293333333
232101,314355.6967407408
232102,195577.85972218856
232103,139851.92772161175
232417,207716.54522977024
232525,474404.0395056794
232527,475121.92450087005
232529,170128.4
232575,521425.5570401375
233259,861612.856
233270,141276.72047619047
234636,790116.5072440443
237179,474404.0395056794
237225,475121.92450087005
237228,521425.5570401375
237651,339696.9417380953
237944,405374.8404534724
238337,235696.52828751275
238366,198935.5133333333
238758,421008.51428571425
238767,291032.2
238986,442241.8879120879
239068,418283.52380952385
239080,238554.37854792268
255774,1484695.8261834823
259949,520160.0
259961,351718.5684833582
259962,244589.3333333333
259975,458797.90314285713
261283,387890.012012987
261349,269702.51428571425
261464,289786.7
261552,563059.18898512
261555,338236.0
261577,260221.6933076923
271287,194927.194
271289,194927.194
283783,352112.07255555555
283802,735718.8283990476
285000,435000.0
285036,400000.0
286226,199473.3
286298,474404.0395056794
292949,538093.7673696725
292957,110615.562
292994,228241.1146666667
293001,196587.1133333333
294088,357743.02857142856
294239,580000.0569548167
294242,580000.1890753104
294302,1200000.1014152244
300375,221354.76571428572
310846,1440021.6574147795
310857,188671.3333333333
310861,110770.8
312221,474404.0395056794
312242,261115.22657142856
312286,475121.92450087005
312525,387419.9540828949
314881,476740.90713940596
315338,99811.73933333335
315772,154515.72333333336
316101,529808.4686666667
330009,818483.774
330069,449372.5
330080,771122.0685333263
330082,519418.98679098586
330083,663900.5929190477
330097,340679.1640670151
330114,486328.0
331958,384180.806
332547,176975.53333333333
345112,199066.596
346026,217464.59333333332
346028,172045.23066666667
347071,220101.158
347256,322410.85714285716
347275,354055.2690476191
380265,377752.9964322345
380274,476740.90713940596
380434,790000.0
380988,538093.7673696725
381755,180611.3323478685
381902,580000.0569548167
381963,1200000.1014152244
405457,106960.85733333333
405458,104551.724
405459,154568.96666666667
405487,290785.1333333333
405495,147542.91666666666
405496,312159.1142857143
405500,631123.9285714285
405513,631044.4681241495
405514,203429.51904761905
405520,211552.75714285715
405521,634969.2786596917
405523,271150.5293333333
405525,212474.67878787877
405526,443013.7003174603
405528,296219.5714285715
405529,335679.6166666667
406834,337194.4666666667
406880,350293.03133333335
406909,372694.4315867344
406916,336215.1985925926
407071,442241.8879120879
407136,987013.410937012
414078,387110.42908289493
417678,287331.8
417709,260456.29999999996
419177,335438.99124010024
419215,368299.47657142853
419338,279593.6063690559
419415,432213.8423219974
419437,327651.14285714284
419443,790116.5072440443
419445,1093059.7774087049
442375,314060.84920634923
467192,189965.37142857144
474797,226475.4670185185
474799,113360.39799999999
490742,185969.46666666665
493377,790000.0
494808,476740.90713940596
495047,387419.9540828949
514606,813201.6356055741
516544,519418.98679098586
516545,771122.0685333263
516547,169112.498
516644,339663.7155850518
516676,433059.19031778106
524391,228954.6712944125
524399,430271.1300800596
525351,351718.5684833582
525352,214588.73333333334
525359,255472.83428571429
525580,460000.0624511556
525606,520160.0
525626,332409.80700944905
525638,304752.7166666667
557785,650000.1292665802
557990,138089.3333333333
558284,239933.81704761906
558285,114444.16666666667
558288,147005.54
558300,199049.198
558301,181965.96266666666
558553,210989.73314285718
558702,291975.86666666664
593271,369920.4686666667
594432,445296.3333333334
594440,130950.34574215686
595788,475121.92450087005
595859,521425.5570401375
695594,74747.51652380952
695928,230097.8183333333
697939,339663.7155850518
700851,1010740.296
744025,161827.81651821863
744527,296666.7
745088,357837.0756410257
745212,790116.5072440443
899274,771122.0685333263
899275,519418.98679098586
955557,183537.2
955558,149531.07020958752
955584,302101.1142857143
955585,149785.6200838982
955591,1331287.6578316444
955603,143025.63333333333
955633,193184.2728893587
955654,395051.49576942355
955660,342863.23333333334
959906,1484695.8261834823
18186,87026.8
24465,20087.0531977843
24469,29644.759523809527
24470,16000.0
24473,21360.31780952381
24477,28531.316666666666
24478,24774.885987301583
24479,29437.18813159097
24481,21345.485380392158
24487,19065.199999999997
24491,46490.0
24493,25590.727776179716
24495,44429.466666666674
24500,27631.959555676796
24501,32095.494208201802
24502,25241.7
24504,32466.04830769231
24505,25184.002424242422
24509,19758.702857142853
24510,24092.391071428574
43824,19727.318041654027
63797,26239.24761904762
63805,20493.333333333336
63806,20500.0
63807,26468.053333333337
63809,30000.0
120976,25380.66
126494,21920.800000000003
143965,21071.744444444445
144028,24826.522474383364
160946,33657.35550855586
160947,33657.35550855586
160955,25685.120363967246
177755,23062.99264705882
180197,24953.520415573657
180198,24953.520415573657
180199,50536.85555555556
180204,21683.391371158392
180208,57273.00476190477
182583,16967.614871337817
182585,17127.042124640066
182595,22278.386309523805
182602,26464.48259949116
195340,35643.5
201925,27052.58431372549
214341,24804.194
226560,21137.207434343436
233510,14899.603879453878
233511,137389.8935185185
237508,16000.0
260231,14629.381428571429
260234,21676.86666666667
274481,15453.41944444444
283991,29308.519857817755
283995,73651.86666666667
284001,27457.219633333338
293222,16000.0
300684,22383.382189667373
300685,27822.042711134454
302972,16000.0
315192,22520.199102964976
327700,21591.7249044586
327705,14396.598
327706,14396.598
330362,27025.062067099567
405777,25734.308037825056
405783,32513.746602627263
417959,18865.61791624158
417960,18755.57405144529
417964,17160.606
417965,17301.8
467425,18955.343492063494
477906,16000.0
516102,22218.290909090912
524657,16000.0
524666,24693.414523809526
524667,22506.47019047619
557901,17369.44166666667
557902,23940.18400000001
557905,17450.966454352438
557907,24172.1
594352,22936.90566369578
595361,19648.31984106764
595362,19648.31984106764
595363,20493.333333333336
595364,20500.0
595365,30000.0
955950,56392.00285714286
955951,127124.45666666665
