id,price
287176,1214099.4441666666
64597,521891.059
332336,1084009.8039047618
13567,502290.47311434464
25431,656772.2469333332
34755,673436.4678956757
64598,779023.1164664224
123333,285079.998
123334,673732.3333333331
123370,649900.0
127584,628866.023
170931,1365988.4062103173
176518,364844.6212675324
176519,446960.7855477858
176614,1376443.61
176682,1493786.3630476191
176683,1280619.8890529354
176709,3093384.368
176710,1756008.1096958374
176711,1797781.8095031744
181564,1294761.0908242424
188774,2374507.347333333
200458,139868.968
202283,556657.994
215976,285079.998
216034,673732.3333333331
216131,3300000.014
238608,366432.8650785881
260548,267688.1053444444
287177,1251833.628277778
287791,1294761.0908242424
328317,517209.996
331595,321718.8607402597
331599,321718.8607402597
332329,1084009.8039047618
332332,1226627.38095238
332334,1084009.8039047618
332338,1084009.8039047618
332344,1084009.8039047618
332792,889624.7273435788
332793,665470.8726666666
332969,3300000.014
379979,246303.14
381876,650287.3333333333
381877,682993.2142857143
406377,407886.3441150794
413294,1327313.1582000002
419038,786359.7245299144
478694,1294761.0908242424
491079,556657.994
491202,1200000.0
491204,1048207.7209881622
491206,1249740.0
558433,498703.44852380955
558651,1249740.0
558652,1048207.7209881622
558656,1200000.0
558826,1257246.44513246
696935,350687.97485714295
696936,350687.97485714295
743189,365573.1383436508
899389,442534.78275570157
956259,916683.4301450216
960232,1294761.0908242424
192912,234020.14995881595
238224,167302.07259850454
127418,183041.01931752707
476380,142092.1506050976
476373,136389.6481061448
121889,215866.81563280977
442705,99638.38912679107
570477,109012.74923932702
190415,100433.54685187744
960153,219999.74193548388
192962,208212.1537826516
272373,118054.40550933512
331484,82871.8122410524
516425,189287.78045865372
331246,96088.75847908705
238012,211072.60804429054
331721,138197.39431476902
200737,148741.35146182956
32111,64171.91325119327
30820,149852.1330917349
34661,100433.54685187744
175362,221873.07768611217
315860,178101.61694443034
491172,220599.31125296268
418089,339410.15215948963
196008,226996.18374885022
176486,121008.94844677746
381656,163459.21862894006
190847,112022.25995697806
36013,135444.38670970203
346688,159853.8977571876
64118,149133.1944890578
227528,153975.4451406866
25373,152319.63530141106
475869,112596.61097584655
379963,102997.18206806181
309712,86981.19773147945
315620,144677.00377983405
121442,134440.60513333333
525382,213698.43015534716
413535,282943.1218471338
180667,210179.72
29763,160581.32140603932
256021,220001.2
595719,214607.42652144763
18323,222236.35952011327
32095,185309.39036299387
238584,228085.13840455978
286929,231169.11811845645
230254,206189.14035185668
18751,264919.3396213423
331615,123569.67211046918
261052,180495.94616436504
11237,199277.50960800916
331489,142279.81521289932
61262,205000.0
107474,185624.48508004603
418083,257285.144
216015,264938.6738976904
44636,187147.15619658772
13981,165954.00500212333
272759,142316.1595142119
34633,109457.76302634063
180704,125744.00769195137
558641,146874.29370790278
558593,288186.01763827994
107332,151777.15329110564
227307,178941.5947368421
287043,121447.59957089127
405980,133579.53058282638
516453,208049.5808057608
195762,99361.53859770924
960190,189991.07171864586
122532,127023.04763809523
217192,158828.26063312238
261106,120522.5671074954
190799,189000.2346120994
35956,142279.81521289932
331478,171075.322679064
34595,161869.65053655652
418454,96574.68638352712
516343,142279.81521289932
303486,108350.58287376951
161225,210186.27089976688
475900,93873.38041327531
44587,249839.0
413848,189980.36290893075
413885,120657.78284355313
381641,169676.4780341772
958106,242870.72451315352
516296,141883.9559482379
406722,180297.84450361828
13982,294465.16395155166
238579,184140.56544188087
309643,190796.64921212103
346283,87032.09351097216
195699,107322.44300430779
332058,189322.8585993606
36168,212831.29335922815
543594,163691.04040100632
558644,199756.64625099467
516334,67614.70161003286
293563,100447.38418354759
116016,108274.66680967805
468052,208049.5808057608
419007,264919.3396213423
312018,268446.7151428571
44652,248017.13836493206
255992,190927.47053405992
11233,105971.12736138441
346778,126279.22636625903
25399,286662.2440952381
61250,90317.73743637731
200694,134999.1666666667
178561,162845.44631438694
272829,219144.5198686097
558349,157459.90235407648
309706,114517.92937368227
1432,76776.53989418356
127093,116460.84226190476
195793,117853.51309458906
217191,106388.54200409459
558333,230000.0
595735,188473.27513748463
227919,208212.1537826516
11368,131393.91154029997
107336,156402.1705345193
29657,96574.68638352712
381394,100433.54685187744
331155,95275.87883191554
216053,213698.43015534716
229747,122000.08126635046
558394,215473.664968254
1572,234020.14995881595
238163,196212.6349258624
381707,112022.25995697806
346775,120988.5548852259
63896,267542.8711099898
515689,381497.4204926533
309640,144493.3
476386,142092.1506050976
331441,67614.70161003286
76878,134409.78146983404
558378,158251.57508333345
25407,190036.223695052
36107,169676.4780341772
192845,127543.27694790359
127180,142279.81521289932
161480,140554.64202283608
346155,139617.08608181818
1459,85551.18769841269
34731,217907.00126262632
315650,106388.54200409459
272319,196087.96694411134
331255,121452.68044531973
133206,265009.69621761603
161258,180981.61433419914
232452,134763.53880733796
312029,225031.0713947059
200691,122947.56594477188
315687,195154.9726797404
956316,160314.58141087042
442637,164787.2121818182
494238,100445.98960683431
346206,260222.424387632
516432,169953.06278217942
311943,228243.78666666665
381539,188772.4570973479
217430,168497.22227551063
899436,208212.1537826516
332433,143749.661931936
331262,96088.75847908705
195705,107322.44300430779
468114,228781.01376866898
558416,106388.54200409459
491008,140554.64202283608
200624,139617.08608181818
230566,141227.53406701257
234266,239986.50252873564
260702,149423.1512941778
180681,161125.78651577097
478455,288186.01763827994
475853,78868.5442715021
161228,351916.507355267
61253,79973.28977966945
44625,323876.3333333334
25109,86981.19773147945
123338,156976.37812496602
331261,96088.75847908705
405972,175553.8314644124
25323,189107.34373635383
957495,220280.03351283184
491052,178492.30066666668
180800,158000.17150471976
284716,176631.1605727606
332420,137624.12602660534
260686,142486.26704433776
25110,64171.91325119327
48685,132833.98335987914
176618,340009.04256865825
286927,100159.1876634772
1442,133263.5853
183009,777220.8777333334
525171,63394.52458119525
190471,105493.4274666517
32085,151057.66984351404
475868,141954.11953940403
328271,87032.09351097216
418608,153205.6526695554
476377,142092.1506050976
35786,222927.33445438594
478179,158115.6509861268
293913,380947.4161333331
284395,123834.4137031583
418570,143755.68647331093
593553,284950.74265
328647,139854.04883320018
30917,94757.62460206372
328619,179456.82416325004
176514,158000.18003510716
595624,141176.8240386017
176479,99361.53859770924
413873,153774.4714449921
176592,136360.00855079744
34742,117584.79526567542
346335,128173.12398378736
32042,163913.93567682628
309830,195075.001
346130,157690.52340371482
13669,141883.9559482379
695685,116098.25797684828
899385,145960.24156345884
234222,160581.32140603932
11455,169178.64719443102
570442,100763.87818553681
293707,71684.3121904762
406654,226996.18374885022
234209,223262.38958162014
332082,214274.51183782716
216085,235019.6493333333
284377,93873.38041327531
956217,204760.52521243203
48708,149379.2782666667
332241,254091.64764803313
524779,216265.68133505798
381403,98000.99847144863
180743,109477.32736261397
31031,152230.44693236277
595606,96106.87205105381
312061,171539.88606514048
331367,127419.11022317386
133242,167273.8704943863
188583,135082.77762495284
515702,266042.36664178985
570433,129383.87219047619
558317,209343.8439956435
899407,131393.91154029997
331448,113387.552
293677,147996.46266135524
332092,236866.78085714285
200999,144060.34762607937
315877,184140.56544188087
743131,129839.4571831385
287432,419373.0093904926
44640,234262.7123460317
272215,127250.58857142857
418145,309031.443952144
44638,233814.69907853424
127465,403985.7800348357
332139,261002.54761841195
539949,295112.05733333336
406214,165099.49671515156
541881,174163.6118857143
474996,135532.23069415006
960091,97621.92343333332
406213,122000.08126635046
133241,245707.0723174603
696871,96829.42215039987
346832,147166.84442105264
121406,156416.73742103783
260689,142664.95145469048
516443,174009.174317135
202229,129355.23857142856
405888,462456.9116923077
18514,96574.68638352712
237998,136134.05029719768
293689,142615.74679882615
64529,207938.29825577085
525199,85001.94068769914
293402,275895.43333333335
293561,78657.28223443223
127069,82364.90489972844
287297,288186.01763827994
25017,163913.93567682628
418894,194266.62500802128
381737,137563.73901628953
380117,182169.94659889585
418907,242726.42923676546
956899,200406.11904760785
48692,215000.0
418147,375469.3332361289
44340,122199.56976911976
309634,163913.93567682628
176469,162861.0653333333
300805,251098.34
525440,138611.7498506526
418958,197176.06677055274
25375,301956.78433333326
406345,129087.65720949265
405890,211610.1888432917
200951,301513.86
331386,205009.0900289855
331248,119938.32195081138
346294,148741.35146182956
418471,183255.0803592181
475919,91597.86968549786
284307,96829.42215039987
44570,196833.5819658822
309758,207938.29825577085
332287,299210.61019287445
418735,114945.50527272729
332095,137838.38889128718
332040,157267.8508702567
132860,83991.69953639597
960094,107518.9036652174
406299,156358.78936958642
309686,64284.799004883986
1028,1166509.504
1242,93995.03730646367
1245,94092.14188763603
1248,83791.75351161063
1249,76003.44962041467
1250,118798.65026035624
1251,106519.81681813578
1252,94989.04436535732
1253,168047.49902277434
1254,178748.48194634123
1256,167723.85230920205
1257,103779.75890726819
1258,104942.68909235211
1263,96939.75616017316
1271,91477.24172457185
1311,92809.09072139823
1312,105151.71801874193
1313,105151.71801874193
1314,105151.71801874193
1317,90711.03747298688
1319,73191.07818414802
1320,73191.07818414802
1322,97482.88204615166
1328,74394.00275494764
1329,74394.00275494764
1336,97034.02100687775
1339,119192.6225006937
1340,108692.94300952379
1342,81113.65132010786
1386,149133.1944890578
1387,114523.90111111113
1389,135815.2990111111
1391,142503.1882352941
1392,140554.64202283608
1393,129995.52999857163
1394,84518.45830700209
1395,68189.57606019745
1396,170598.89110078098
1398,100445.98960683431
1399,232375.11811845645
1400,142656.81131809918
1403,135028.68333333335
1405,225911.26924861516
1410,145888.11802158016
1412,117383.28168192071
1414,231169.11811845645
1418,242523.89
1429,236432.35809235208
1431,57353.32531080793
1434,141161.31093333333
1435,141510.0706666667
1437,97320.29278262574
1439,116988.5775970696
1441,141161.31093333333
1443,95641.87908973628
1446,156240.92996319887
1449,102530.89948170508
1450,70303.28071666669
1455,119489.93514454478
1456,197779.1341036844
1457,127735.91649085355
1460,148741.35146182956
1462,133394.74672088108
1465,102997.18206806181
1468,155999.75855378475
1469,106388.54200409459
1470,118507.303787737
1475,87032.09351097216
1476,94809.67627497768
1477,144940.86825704502
1561,239984.69414297296
1562,189991.07171864586
1563,251900.20131087548
1566,207938.29825577085
1568,184012.0387352096
1569,300013.0392048009
1573,166684.1208626996
1575,171526.0
1578,265111.0172735761
1584,160581.32140603932
1585,265009.69621761603
1592,262282.15943221113
1593,732458.6904761905
1594,357854.3045993591
1599,265196.3774853801
1602,214711.49383835707
1604,147742.88865152822
1608,251575.79262004665
1609,397747.26984126994
1610,251575.79262004665
1613,265246.75266666664
1615,137047.3510767449
1616,213598.2781204476
1617,139854.04883320018
1628,224482.74570402928
1642,169178.64719443102
1674,235000.0
1677,283979.9562490398
1679,385103.95167263405
1680,317208.6591034781
1682,329810.38020634925
1687,408180.89841269836
1688,200000.0
1689,140497.51805347673
1690,420000.0
1693,545877.3513193814
1720,360000.0
1722,568639.4681467965
1732,426894.3054603174
1733,442278.8817460318
11090,56000.81290322581
11091,119207.94199999998
11107,136769.87085656036
11119,85324.10254155402
11120,87510.008
11148,344279.8272455321
11149,79000.30625
11155,124623.12532870969
11218,64613.37847809152
11219,98968.6
11222,101024.31731375093
11225,124526.17902767754
11227,124526.17902767754
11228,199277.50960800916
11229,135668.6078901273
11230,230000.0
11231,102374.87632496703
11234,229956.0
11235,118740.51932853066
11238,116729.11765158731
11249,79735.9027724692
11257,109471.84823155803
11259,104135.56306977173
11260,78202.35599206344
11262,118439.61327851929
11264,98819.66422033246
11318,85181.21962956004
11370,153000.0
11371,138503.56388355937
11372,208049.5808057608
11373,335296.0
11374,165000.04687710124
11375,183393.91453297436
11376,174009.174317135
11379,208505.83058895616
11386,139761.29164724165
11387,228781.01376866898
11388,108361.86586307295
11390,135167.64742844348
11392,174661.56069586406
11393,174661.56069586406
11396,167332.72600936072
11518,225355.53353412013
11519,379165.5804878863
11520,451618.4759248289
11524,349963.55381422787
11585,609288.3398989901
13306,70320.8506029343
13316,154235.52292456632
13322,93995.47955679405
13323,113721.77194484498
13329,103850.7940018112
13455,74492.61667668623
13456,105000.0
13458,77989.37881098158
13460,77989.37881098158
13461,79484.21485346244
13462,74337.77076129963
13464,71649.32770990157
13467,97973.90535399859
13469,76061.93102137075
13472,76061.93102137075
13474,76061.93102137075
13476,77989.37881098158
13478,61961.33849574563
13480,77989.37881098158
13482,68042.151
13483,76061.93102137075
13485,102408.48364660268
13487,123263.7894777201
13488,123263.7894777201
13489,140000.1216306958
13490,121059.2316802937
13491,123263.7894777201
13492,123327.69742852711
13495,110084.51978411211
13496,123838.80138893452
13497,186445.97807087866
13508,78197.8318820244
13510,153862.39567478988
13512,153862.39567478988
13513,153862.39567478988
13517,174753.10509395762
13519,166763.22700732597
13521,123164.41397749836
13522,108802.36018504303
13523,108802.36018504303
13524,123164.41397749836
13525,108802.36018504303
13527,108802.36018504303
13528,123164.41397749836
13529,108802.36018504303
13531,123164.41397749836
13532,123164.41397749836
13534,108802.36018504303
13537,77449.77407726865
13549,345045.57711167686
13550,74366.91868148682
13551,76188.10167695941
13553,94290.45450874258
13555,77317.14003788448
13560,113651.18359398496
13563,131355.97511442535
13590,92489.86540295953
13652,76323.14844539684
13662,136588.47845473047
13672,135832.29390816798
13674,208000.0
13678,100111.3394375709
13680,302440.8210448179
13694,165381.9040771968
13711,188115.75784737724
13712,125516.9553351685
13713,195371.86578193025
13714,125516.9553351685
13718,125516.9553351685
13720,188097.30867072783
13726,142279.81521289932
13727,142279.81521289932
13728,142279.81521289932
13738,68451.7306056166
13739,119788.36584126984
13741,119910.992
13742,125549.35097389141
13743,125549.35097389141
13825,90231.77496111883
13826,98767.8233319857
13827,193212.59047619047
13828,135444.38670970203
13941,169676.4780341772
13947,183041.01931752707
13950,214567.81610993066
13956,246976.45405425056
13961,199980.0
13974,271638.59986703994
13975,139914.24142575386
13976,172727.20117922666
13977,172727.20117922666
13980,172727.20117922666
13983,172727.20117922666
13985,172727.20117922666
13986,172727.20117922666
13989,172727.20117922666
13999,160012.13946391118
14000,188817.63357413284
14007,226373.6898712956
14130,292993.69773075165
14131,269858.7390174906
14132,217840.688203897
14139,270292.40480213467
14144,289995.59450203367
14145,612382.1350476191
14149,336487.8699155845
14158,278167.2835282881
14159,239936.14311844506
14160,190710.83872821103
14162,184982.66227018126
14249,534564.2861141026
14251,200552.60811017072
17944,388202.95574999996
18216,97208.27140889739
18225,250264.94376183403
18227,97854.74308998646
18228,161555.1909083717
18229,283355.41709803924
18230,150120.3179103733
18234,127409.01333333332
18240,182352.75923012634
18261,484421.33778915886
18263,206317.95298546978
18273,985551.2033333334
18274,160647.52875324676
18275,297178.15138701856
18277,172620.57810926074
18280,117202.18808753132
18281,96618.85621023158
18282,70729.31698952423
18284,94999.28571428571
18285,120158.60994159167
18286,135525.60519426753
18287,84955.29658062135
18288,79993.8846220738
18289,90130.53640290417
18290,64424.92039047619
18291,84955.29658062135
18292,84955.29658062135
18293,84955.29658062135
18294,79993.8846220738
18310,206945.51677843145
18311,205814.13973315572
18312,117202.18808753132
18313,203037.512
18322,99011.35982329935
18324,192239.48066666664
18327,85324.10254155402
18509,140196.94727119937
18527,156657.24744401212
18533,81611.44876568123
18537,195007.82703407938
18561,159991.95397121352
18562,98767.8233319857
18569,79360.18005772002
18570,83668.61358134921
18572,158828.26063312238
18574,129839.4571831385
18575,133394.74672088108
18696,131168.6471287966
18702,223262.38958162014
18704,149382.29575666634
18708,223955.29471278077
18712,132833.98335987914
18713,160581.32140603932
18717,215000.0
18718,215000.0
18747,239986.50252873564
18750,235506.76833976834
18753,223428.53405061289
18754,166176.03985215566
18755,153209.12652357866
18779,222379.1637679308
18780,214711.49383835707
18781,149600.47948406718
18854,325209.7434670232
18856,359561.2471450119
18858,324940.24988968275
18866,186130.48967973495
18867,155839.22865484408
24546,59090.58012897718
24557,104317.1226338662
24568,127361.90666666666
24578,94098.98575054074
24696,58097.440509173626
24715,85361.57488789441
24716,110333.16488357648
24718,136832.05503333334
24720,114097.7824734334
24721,114097.7824734334
24722,119567.83035506678
24723,114097.7824734334
24725,114097.7824734334
24726,114097.7824734334
24727,119567.83035506678
24728,71308.70187057942
24729,119567.83035506678
24730,114097.7824734334
24732,119567.83035506678
24733,114097.7824734334
24734,119567.83035506678
24735,114097.7824734334
24736,179622.72392356687
24737,114097.7824734334
24738,119567.83035506678
24739,119567.83035506678
24741,104406.20574162679
24742,94927.22632638084
24744,130000.0
24747,115003.44353512881
24748,100338.20671825399
24749,106159.72378846651
24750,106592.24834887331
24751,200170.81214012738
24794,93783.1887081032
24803,107509.29950776689
24809,102680.74683007246
24881,128534.73440185987
24882,82910.8508328886
24884,59479.1862254136
24885,79989.67724158069
24887,77715.68559144763
24888,103738.22163227179
24895,82403.78335564917
24931,94966.28779269212
24932,139834.38620293417
24996,101998.31084656084
25000,131313.79642048787
25005,209625.97632505174
25006,161298.00250381924
25009,163913.93567682628
25010,89968.8178534298
25011,163913.93567682628
25012,163913.93567682628
25015,163913.93567682628
25016,163913.93567682628
25019,163913.93567682628
25021,101481.766416095
25022,70083.4874025974
25025,165000.0
25026,186241.32353347138
25028,241974.904
25052,100028.94847077927
25054,117475.1111112462
25069,68402.88382266708
25071,180709.02473854765
25073,186989.0119047619
25076,133539.78992380953
25079,127776.24175430536
25080,94503.24199893553
25081,129761.81792424209
25082,64284.799004883986
25086,142279.81521289932
25087,99676.2595
25088,142279.81521289932
25105,213516.33784444447
25106,130056.42361215371
25107,158000.18003510716
25114,109910.40499111061
25116,132486.34960423104
25156,102956.274
25192,176507.35522970202
25297,122305.34278531288
25298,132798.52366666665
25309,185447.48508004603
25312,213698.43015534716
25313,207938.29825577085
25314,155696.9169690431
25319,198999.79487179487
25320,165000.04687710124
25321,172037.45890226698
25324,141555.78101659808
25327,190891.71844054823
25332,140757.5392281545
25334,169258.76282543197
25355,157661.62404668727
25356,288662.2942233633
25359,180919.7588359525
25360,188092.73928127426
25361,136360.00855079744
25369,252130.03246823352
25371,181282.746375078
25381,138204.77239412183
25382,145454.02413644144
25396,169201.94003082544
25397,197280.3128588368
25401,158887.3601018871
25403,190257.8755114167
25405,233068.69264794057
25409,175572.86866055318
25410,183392.2946767022
25435,263008.85978280543
25452,96549.23103713687
25453,340009.04256865825
25455,128027.1902479031
25456,110660.47243738225
25536,207177.9247834637
25541,270276.0571853199
25542,228724.506825668
25544,183944.3847534092
25551,278685.7307692308
25570,270846.6214865553
25572,355277.98
25573,288636.69820051
25577,270002.4982103611
25578,270002.4982103611
25581,327827.6890461783
25588,230000.19418126423
25591,214951.37600553042
25596,258360.64015728715
25605,163910.01321702942
25661,264312.598
25668,271494.948540107
25670,200867.95330810538
29603,97208.27140889739
29605,97854.74308998646
29620,94999.28571428571
29621,77449.77407726865
29622,77449.77407726865
29638,85324.10254155402
29666,195007.82703407938
29667,168722.2642857143
29686,122980.8355386677
29687,122980.8355386677
29689,168985.65514699518
29690,113877.22283948399
29695,98767.8233319857
29703,129839.4571831385
29704,158828.26063312238
29755,223262.38958162014
29759,215000.0
29765,223955.29471278077
29776,239986.50252873564
29778,264919.3396213423
29779,235506.76833976834
29780,248001.4
29781,264919.3396213423
29782,153209.12652357866
29824,325209.7434670232
29826,359561.2471450119
29829,324940.24988968275
29832,1055906.5637973133
30542,130818.81558095239
30550,93199.29772265696
30551,107548.8496144619
30552,70778.76756422527
30553,80109.36168713451
30661,80521.44839625781
30667,87846.69308270678
30670,130818.81558095239
30671,87152.09848603705
30672,93600.86145731033
30679,183141.22769105196
30689,73191.07818414802
30690,73191.07818414802
30691,73191.07818414802
30692,73191.07818414802
30694,73191.07818414802
30696,73191.07818414802
30699,71481.14042456918
30779,81882.53831127037
30786,98693.51226317202
30788,230000.0
30789,200225.36
30791,107538.50375989686
30793,161125.78651577097
30794,128046.0
30795,141883.9559482379
30796,210179.72
30798,190738.20666666667
30800,127543.27694790359
30806,227482.15506233767
30809,92817.77988021517
30817,100027.35361948753
30818,138560.7617865277
30821,142279.81521289932
30822,89870.17154711955
30825,149852.1330917349
30831,158000.17150471976
30833,102997.18206806181
30834,106388.54200409459
30835,112550.45252906339
30836,134552.18245153062
30849,201497.92578787392
30850,126345.24560973085
30851,207413.91593795095
30918,101422.77113767056
31010,184980.1777777778
31011,254614.6566166593
31012,288186.01763827994
31013,254614.6566166593
31015,149810.45072490667
31016,288186.01763827994
31017,254614.6566166593
31018,254614.6566166593
31020,254614.6566166593
31024,264968.4228922577
31026,254614.6566166593
31027,254614.6566166593
31036,184399.8219097226
31042,199756.64625099467
31075,151539.75496313898
31127,229962.8360381705
31128,185476.7680414053
31129,374992.836996337
31136,259063.2025740025
31137,344776.14682539686
31140,250006.83491424756
31143,228935.82584082586
31144,199428.7082065198
31145,374992.836996337
31184,375011.05550676613
31187,442755.3035166667
31189,461873.6997785714
31192,375011.05550676613
31195,374951.05550676613
31798,272661.793452381
31913,85361.57488789441
31920,114097.7824734334
31921,114097.7824734334
31922,119567.83035506678
31923,119567.83035506678
31925,114097.7824734334
31926,119567.83035506678
31927,119567.83035506678
31928,119567.83035506678
31929,119567.83035506678
31930,114097.7824734334
31931,114097.7824734334
31932,119567.83035506678
31934,119567.83035506678
31935,119567.83035506678
31936,114097.7824734334
31937,114097.7824734334
31938,114097.7824734334
31939,179622.72392356687
31940,106592.24834887331
31941,120064.35533333334
31942,106159.72378846651
31944,115003.44353512881
31945,94927.22632638084
31946,104406.20574162679
31947,125681.15357016686
31957,114917.27799384619
31961,94999.2923949617
31970,79989.67724158069
31972,59479.1862254136
31978,107720.45307365077
31990,85581.83274374562
31991,83377.08094733965
32031,193794.62500802128
32032,140120.66929012208
32033,130100.32984285716
32034,163913.93567682628
32035,163913.93567682628
32036,163913.93567682628
32037,163913.93567682628
32044,163913.93567682628
32045,89968.8178534298
32047,110598.52676841924
32051,165000.0
32052,160455.17850476195
32055,128718.04154718922
32057,140115.10040986008
32059,165000.0
32079,99361.53859770924
32084,90393.03691175317
32087,64284.799004883986
32094,142279.81521289932
32102,140912.67998667987
32106,109910.40499111061
32108,86981.19773147945
32110,158000.17622594984
32239,134701.21137918002
32243,185447.48508004603
32245,207938.29825577085
32248,213698.43015534716
32255,169258.76282543197
32256,193177.71156614812
32262,198999.79487179487
32263,141555.78101659808
32265,141321.12008300872
32278,276125.3868162976
32279,178206.06061213373
32286,167255.54930211336
32289,162285.67599880561
32297,134300.4299972211
32299,160256.95250468326
32300,136399.245305971
32301,195075.001
32304,233068.69264794057
32305,183392.2946767022
32336,340009.04256865825
32337,148458.7625191951
32394,257139.2591647542
32396,183944.3847534092
32398,201121.8259877449
32408,376172.7081049438
32419,327827.6890461783
32422,230000.19418126423
32423,214951.37600553042
32478,271494.948540107
32490,709839.6000000001
32496,723743.014
34339,137276.34854700562
34456,105000.0
34470,146823.82994889986
34472,108257.61731855824
34488,116838.08273015873
34489,92235.39504025766
34492,110220.21570715123
34495,115910.20426839824
34503,79484.21485346244
34505,79484.21485346244
34506,97973.90535399859
34508,67534.65227055804
34510,123263.7894777201
34511,92905.21638095239
34512,140000.1216306958
34513,123263.7894777201
34516,123263.7894777201
34517,123263.7894777201
34523,76188.10167695941
34525,74366.91868148682
34528,345045.57711167686
34542,77317.14003788448
34546,94290.45450874258
34579,136588.47845473047
34591,166754.3858306146
34596,141883.9559482379
34601,91581.9972972973
34619,125516.9553351685
34620,125516.9553351685
34622,125516.9553351685
34654,188970.18022246266
34665,208000.0
34669,100111.3394375709
34670,142279.81521289932
34671,142279.81521289932
34672,142279.81521289932
34675,125549.35097389141
34676,68451.7306056166
34677,125549.35097389141
34678,119910.992
34679,193212.59047619047
34680,98767.8233319857
34716,169676.4780341772
34718,183041.01931752707
34722,214567.81610993066
34732,224124.8444416694
34735,135569.54462820513
34743,139914.24142575386
34766,246976.45405425056
34771,199980.0
34775,160012.13946391118
34776,188817.63357413284
34797,408497.1972949197
34800,269858.7390174906
34801,217840.688203897
34809,289995.59450203367
34811,360963.9782964183
34818,199000.0
34828,278167.2835282881
34829,184982.66227018126
34830,239936.14311844506
34831,190710.83872821103
34840,657358.8095238102
34849,609777.4645354648
34850,1048009.1241904761
34851,200552.60811017072
34858,933070.0
35743,79484.21485346244
35746,97973.90535399859
35747,67534.65227055804
35749,79484.21485346244
35750,79484.21485346244
35752,92905.21638095239
35754,123327.69742852711
35755,153182.631679198
35756,123263.7894777201
35757,123263.7894777201
35758,123263.7894777201
35760,140000.1216306958
35771,357796.9354285714
35781,77449.77407726865
35789,74366.91868148682
35791,76188.10167695941
35792,94290.45450874258
35793,345045.57711167686
35794,105107.81613788521
35796,77317.14003788448
35876,100433.54685187744
35878,136588.47845473047
35885,100111.3394375709
35888,141883.9559482379
35889,208000.0
35935,125516.9553351685
35954,142279.81521289932
35957,142279.81521289932
35966,125549.35097389141
35967,119910.992
35969,68451.7306056166
36014,193212.59047619047
36015,98767.8233319857
36112,214567.81610993066
36115,199980.0
36159,139914.24142575386
36170,188817.63357413284
36171,160012.13946391118
36357,292993.69773075165
36358,269858.7390174906
36359,217840.688203897
36371,289995.59450203367
36382,199000.0
36383,190710.83872821103
36385,278167.2835282881
36386,239936.14311844506
43875,89876.21419320993
43877,74592.06193580863
43878,74592.06193580863
43930,65046.20911111111
43931,65046.20911111111
43932,56341.414666666664
43933,93115.8019652421
43934,93115.8019652421
43935,56341.414666666664
43936,102342.545010239
43938,216761.27193650795
43939,56341.414666666664
43940,56341.414666666664
43942,88219.37814730506
44026,79000.30625
44042,127652.23661569861
44047,105480.30846648467
44048,88922.71103908357
44061,86813.89073873185
44062,86813.89073873185
44072,69677.22666666667
44077,103429.29181032914
44078,152156.4192365517
44079,119606.27383053665
44080,91650.39523809524
44082,96573.07867464186
44083,98969.43485950465
44086,140313.69466666665
44087,105282.71426664924
44088,119228.89313168156
44091,78893.40725
44093,84091.82576772246
44100,77449.77407726865
44102,77449.77407726865
44106,95000.0
44107,86690.88045881293
44108,91370.33464546851
44137,76035.44497169672
44139,101942.22504419334
44141,91922.05807902818
44144,87072.53336532382
44145,100238.98654377594
44195,107842.82095250188
44196,108046.50266374314
44197,90493.24585510942
44216,101998.31084656084
44218,107658.62205669857
44246,101481.766416095
44251,103383.10325731717
44252,170598.89110078098
44255,130000.0
44258,206457.46654264847
44262,128366.6
44264,728467.306
44268,182419.1341795998
44269,210255.71861471856
44273,105971.12736138441
44309,101742.1393080656
44311,148354.48111253502
44313,143324.29790476192
44314,139007.37876984128
44321,100026.92436297188
44337,122990.40672380953
44338,96106.2805584187
44341,122199.56976911976
44346,107842.82095250188
44348,149809.37132066902
44349,113824.30009523808
44352,96106.87205105381
44353,199664.62830641822
44354,143408.49594637216
44355,96106.87205105381
44356,133410.89
44369,728467.306
44370,131608.0704809524
44379,118507.303787737
44380,101020.26331375093
44381,102729.40069581078
44382,107845.61903163373
44384,145632.26709057382
44443,133121.4828931486
44566,145259.43984848488
44571,185632.10717460015
44574,184573.5000857095
44578,184573.5000857095
44605,220813.23616738227
44606,128411.95576129816
44627,185113.67777646726
44634,214607.42652144763
44635,233814.69907853424
44637,233814.69907853424
44641,233814.69907853424
44642,248277.19837054843
44643,176119.71090137778
44644,239505.73207936512
44645,216267.70883663074
44661,363632.4976477707
44666,134675.06360926758
44668,129559.1787706786
44824,269294.741667851
44827,274201.8150590381
44830,199025.1861837659
44845,498681.492976827
44847,427959.512
44853,245253.4667255487
44865,213819.12531024535
44867,270002.4982103611
44883,334676.3398404205
44973,361415.02455712267
48253,174461.16011729056
48256,124512.65493943298
48263,173373.19286352838
48265,145667.61731578043
48268,365121.1400000001
48269,174099.38838566706
48271,203311.31178782007
48272,451008.7406666667
48273,203311.31178782007
48274,191810.26880374222
48275,308447.09178354987
48282,358224.3361881978
48286,94999.28571428571
48288,102711.53125049178
48289,102711.53125049178
48291,77449.77407726865
48302,103488.60574062818
48303,210335.2426897235
48308,85324.10254155402
48481,96574.68638352712
48490,195007.82703407938
48494,437249.1031857143
48495,268063.5475555556
48508,133076.9424175824
48509,133214.7455633404
48513,79232.52980075646
48520,98767.8233319857
48521,159991.95397121352
48531,129839.4571831385
48693,420000.0
48703,160581.32140603932
48722,264919.3396213423
48723,248001.4
48725,264919.3396213423
48726,223428.53405061289
48729,153209.12652357866
48737,175400.4265085558
48757,214711.49383835707
48758,222379.1637679308
48759,149600.47948406718
48818,325209.7434670232
48819,359561.2471450119
48822,403223.87684999994
48827,324940.24988968275
48833,1008408.5396825396
48839,1055906.5637973133
48843,155839.22865484408
61053,103100.82531608923
61075,76129.22234576147
61076,114512.37771217237
61079,406361.37598159944
61080,77449.77407726865
61087,102546.21183682141
61088,94796.44386605368
61089,91888.19377954701
61091,94796.44386605368
61093,102546.21183682141
61094,94796.44386605368
61098,52206.74431390283
61251,109991.63553740713
61254,136134.05029719768
61255,89435.2520178625
61261,161125.78651577097
61270,126236.67175469396
61273,154876.21793608338
61274,148741.35146182956
61275,118439.61327851929
61276,141176.8240386017
61277,135265.77090131582
61278,150929.62650202186
61281,196212.6349258624
61282,148741.35146182956
61284,155999.75855378475
61288,148741.35146182956
61339,85181.21962956004
61406,145638.86899703197
61407,160043.95194684077
61409,134763.53880733796
61411,177990.51278271814
61423,199000.0
61427,188473.27513748463
61429,218746.61683760685
61430,169550.50942346707
61546,334300.7643144374
61548,142992.31437257986
61549,289999.46660415764
61561,330648.5912152337
61569,292073.3410032325
61570,294011.0437477478
61571,294011.0437477478
61572,183691.63594187764
61573,294011.0437477478
61574,195827.26458561546
61577,294011.0437477478
61578,188700.2521223082
61651,802840.4047619046
61653,568639.4681467965
63856,260210.90153649094
63864,76003.44962041467
63866,94989.04436535732
63869,123690.24523809535
63870,106519.81681813578
63873,113369.57321904766
63875,206914.03333333333
63876,115384.56328502415
63877,114321.44085611604
63886,267542.8711099898
63888,149351.00677777777
63889,398246.05005881767
63891,398246.05005881767
63892,398246.05005881767
63893,267965.1911996284
63894,166434.86990476187
63897,351916.507355267
63898,154243.5837619047
63900,375530.28774021525
63901,149351.00677777777
63903,284835.9751761106
63904,398246.05005881767
63905,284835.9751761106
63916,172620.57810926074
63917,109951.8094226035
63918,123480.01253893465
63920,173429.5967341095
63930,71237.06748768473
63932,73191.07818414802
63933,73191.07818414802
63934,235064.4522
63937,84707.3571034965
63959,73874.24933333333
63960,87706.38585579973
63961,104986.63606116078
63964,103899.2419047619
63966,179715.17411652426
63967,178055.09941578037
63973,154233.3079076923
63974,106348.02349602403
63975,106364.44669447349
63976,107517.41405970183
63977,106348.02349602403
63978,149911.02729437232
64114,135242.51913499951
64115,99729.63394667384
64116,129995.52999857163
64117,100445.98960683431
64121,95717.54824194858
64126,105000.0
64129,198973.00769047617
64134,103374.58848517317
64136,142656.81131809918
64137,135028.68333333335
64170,105000.0
64171,116648.33773476465
64175,152237.37509554136
64176,86572.66887268485
64180,89401.6135
64181,121146.84879330319
64182,94593.14519212031
64198,123976.50950476193
64199,92107.54188027649
64200,116942.92222222223
64201,93255.54028517
64202,100613.7639047619
64204,102170.95811037204
64205,155999.75855378475
64206,144940.86825704502
64209,106388.54200409459
64210,102997.18206806181
64211,120005.69217371818
64212,104530.09072201679
64213,109383.69523809524
64216,109383.69523809524
64239,129989.01699827805
64240,144876.70059281323
64387,125002.16467082548
64389,111468.65190716145
64390,124999.96428510183
64392,153975.4451406866
64393,153975.4451406866
64394,97044.09670839034
64522,231574.1133333333
64524,185923.32983780737
64530,300013.0392048009
64531,189991.07171864586
64532,177959.11375660502
64535,264442.1522222222
64549,200000.0
64552,171526.0
64571,122993.9199593437
64572,114987.74750831377
64577,170636.73575735933
64579,211418.0819277223
64581,184140.56544188087
64583,134995.26557575757
64584,101660.37365021644
64588,61275.02974603175
64589,77609.90619047618
64592,73138.2824133452
64634,208212.1537826516
64636,169178.64719443102
64777,283979.9562490398
64778,369992.5128205128
64790,320301.6875
64795,378022.4847988613
64798,408180.89841269836
64799,200000.0
64805,444831.004
64897,360000.0
64900,568639.4681467965
64902,579980.9176545298
76324,171750.436563947
76325,78490.83460905663
76328,101891.8054916337
76460,99445.68933333334
76479,158288.84054142857
76481,85456.49824908427
76488,116229.0458445964
76489,163638.27468944096
76491,135438.41920409453
76492,135828.95076190477
76496,190457.82508400411
76497,101255.68841129458
76498,101394.91513337445
76576,106249.69783882784
76581,157361.06645565422
76582,118660.41323204737
76586,68417.14077098179
76587,103429.29181032914
76591,98888.1743820112
76598,146505.83138095238
76608,118660.41323204737
76625,88211.052981241
76647,142893.0
76657,121561.35414861995
76754,102850.05182203073
76769,148861.35597619048
76786,216590.20334665437
76791,102943.94903860289
76833,154555.85033333334
76868,131042.27115494211
76881,124222.04718157559
76882,141322.56036348193
76886,238135.77342568542
76973,228871.28152323098
76981,209426.08095238096
77157,280000.25717177213
77213,238183.27558412697
77221,243736.35460561654
77395,171267.0635249205
77409,379271.1204203821
77543,546573.4278110946
107011,93995.03730646367
107014,153457.66851082028
107016,148415.10434364656
107020,90906.61454677129
107021,124531.60958310794
107022,124973.0
107023,68780.48932863849
107024,124531.60958310794
107026,111780.85640887512
107027,119658.05204774952
107028,107177.30747659702
107052,89991.0788968871
107055,114147.97350143708
107077,108678.59267271383
107079,108678.59267271383
107080,108678.59267271383
107081,108678.59267271383
107083,77626.87116961168
107084,77626.87116961168
107085,96739.5286977821
107086,345191.5653389355
107088,123124.25215500395
107134,287369.7086666667
107144,102546.21183682141
107145,111697.50429561733
107146,102546.21183682141
107147,180939.77948632336
107148,124896.12783719698
107152,192239.48066666664
107153,192239.48066666664
107154,192239.48066666664
107155,192239.48066666664
107156,192239.48066666664
107167,144717.57667567962
107168,153983.19088220084
107171,113531.58279951406
107306,130641.36182112547
107307,149139.8664920147
107311,159671.72222830023
107319,113493.61069473835
107321,187700.31666666665
107324,145888.11802158016
107329,151777.15329110564
107333,106788.29038128538
107334,156402.1705345193
107335,106788.29038128538
107350,79083.5775659364
107351,84140.52034462456
107352,118507.303787737
107475,290000.2261239674
107485,279997.50616924383
107489,299439.5073013099
107490,306477.7586151391
107492,439449.9666666667
107497,430484.8989285713
107513,114988.25217853412
107515,117507.18364090413
107525,189612.95
107618,194625.15166233448
107636,298057.42528547737
107645,288116.04215311003
107657,184017.23554183939
107658,220690.30790777196
107659,230009.6532981291
107661,190633.73533780032
107743,189914.19444782144
107762,654722.0188519815
115818,182371.85733333332
115848,96478.1933516197
115866,329009.3484531918
115867,94158.1206897117
116064,96950.74153333333
116073,126909.91570146522
116590,257629.25333333338
121057,88219.37814730506
121143,73865.7346343199
121144,98968.6
121147,163573.13483239428
121149,71000.16705946845
121151,126717.65460000004
121154,122695.03548327228
121156,142576.23161964468
121176,163138.13483239428
121179,125059.57776862822
121180,122686.82282770562
121187,101041.41428571429
121190,111771.56700406245
121191,113456.72253010895
121192,104828.93035197498
121194,94723.15300058453
121195,120384.33896390659
121201,77449.77407726865
121202,103964.35120266349
121204,114742.9255226188
121208,68025.13709523813
121307,85092.13333333333
121310,114922.43945548196
121321,100300.5789199448
121330,222738.76845598847
121331,152581.1817051004
121335,202247.40917367983
121339,166574.447401851
121340,142664.95145469048
121341,171240.92499999996
121344,130044.73656920165
121349,98003.37731749186
121350,90742.19909174653
121351,212933.1676707737
121352,128366.6
121353,122000.08126635046
121401,175591.4380551678
121404,215675.0728495349
121405,112377.92729260224
121408,97942.34946731896
121434,99361.53859770924
121435,106636.53607453217
121437,97320.29278262574
121439,121655.33415048572
121440,157357.2458660011
121457,142841.4023231218
121459,158484.38736190478
121461,100272.1694832376
121462,102997.18206806181
121463,106388.54200409459
121464,123478.32265732884
121465,117853.51309458906
121466,112675.50808005582
121467,158828.26063312238
121470,106388.54200409459
121471,143694.01542934764
121509,122603.02750325004
121510,122603.02750325004
121514,108504.1727675977
121515,170797.09700129373
121516,118747.1568838563
121517,129839.12988563647
121565,130228.4991904762
121566,109012.74923932702
121739,298220.77925
121749,199483.7443200402
121750,212188.67219957747
121751,167565.21250793652
121754,122360.52561115296
121755,140949.912407639
121765,146644.5716707021
121768,272975.5546039216
121771,264362.1522222222
121773,160756.451137273
121774,205256.60901698912
121796,135143.75388395737
121800,455232.0733534643
121823,320324.0
121824,201444.89882867588
121829,156766.41194444444
121831,158332.87772383308
121832,190349.653047929
121836,226996.18374885022
121837,216267.70883663074
121838,239505.73207936512
121840,248885.52295906434
121841,215551.4064249396
121859,168497.22227551063
121865,180096.03046428566
121866,137783.81145427012
121867,144118.67805824653
121886,152952.2526904762
121887,163322.38342938083
121953,122873.05361537088
122074,413762.60228571424
122078,198056.78830625582
122079,224480.7447846006
122085,229994.76783994582
122087,183944.3847534092
122088,172548.64260496726
122095,198999.79487179487
122096,223275.1291297502
122100,364531.62403907196
122101,392574.35914285714
122105,225355.53353412013
122115,498681.492976827
122116,256717.30760000006
122118,423525.428
122122,332181.5214760871
122124,479960.34827772237
122127,449397.34368511644
122129,242675.90891215234
122130,241761.56470588234
122136,337021.1209946524
122166,185717.10859047621
122170,285382.60422862787
122242,308161.1411111111
122274,441977.70190476184
122563,65294.69256824547
122564,76635.94270575848
123271,93995.03730646367
123272,90906.61454677129
123273,68780.48932863849
123274,124973.0
123275,124531.60958310794
123276,124531.60958310794
123277,89991.0788968871
123278,66128.14782549159
123282,102546.21183682141
123283,111697.50429561733
123284,102546.21183682141
123312,159671.72222830023
123316,149423.1512941778
123317,134448.3199311587
123319,187700.31666666665
123320,132904.11587301586
123327,151836.0
123329,118507.303787737
123331,79083.5775659364
123332,85001.94068769914
123343,185624.48508004603
123344,213698.43015534716
123347,196833.5819658822
123351,267104.3395666667
123352,205760.19576790085
123354,279997.50616924383
123355,190792.45730437667
123367,114988.25217853412
123369,117507.18364090413
123373,137563.73901628953
123386,194625.15166233448
123387,561579.1879509379
123389,230009.6532981291
123390,184017.23554183939
123392,220690.30790777196
123394,190633.73533780032
123402,380507.0173166702
123404,541193.2666666666
123408,565516.4498556998
126533,361192.15377919324
126601,152217.2406527491
126825,114971.11208640497
126828,105000.0
126830,91886.92183033272
126832,79484.21485346244
126833,67534.65227055804
126834,79484.21485346244
126835,79484.21485346244
126837,97973.90535399859
126847,108135.33382011313
126849,117837.55156349206
126850,211852.73608849954
126851,153021.59700820502
126852,117582.60270208788
126853,153021.59700820502
126858,123263.7894777201
126859,140000.1216306958
126863,123263.7894777201
126864,123327.69742852711
126925,57374.225310111426
126927,77449.77407726865
126932,76188.10167695941
126934,105107.81613788521
126935,345045.57711167686
126936,77317.14003788448
126938,94290.45450874258
126995,124103.72009360202
127008,118133.867179181
127046,76323.14844539684
127062,161355.12283457836
127073,100433.54685187744
127080,116071.11157142856
127083,135832.29390816798
127084,208000.0
127086,100111.3394375709
127088,141883.9559482379
127095,520000.0
127138,154335.00566666666
127141,165293.1193537584
127162,76003.96930951874
127163,125516.9553351685
127164,125516.9553351685
127165,125516.9553351685
127166,125516.9553351685
127168,90101.33845332569
127176,75740.6816109668
127177,92441.09001708684
127178,166156.0632820513
127179,142279.81521289932
127181,142279.81521289932
127208,130034.37364470793
127216,125549.35097389141
127217,119910.992
127218,125549.35097389141
127219,68451.7306056166
127337,76056.76678937914
127339,98222.1700421629
127342,135444.38670970203
127343,193212.59047619047
127362,142901.09358974363
127392,169676.4780341772
127411,225731.71820552016
127419,214567.81610993066
127431,255680.76666666666
127439,246976.45405425056
127451,276494.0166190476
127476,268446.7151428571
127482,139914.24142575386
127483,152122.52857142856
127487,143378.9797798622
127497,201810.23829767737
127498,260972.51380375185
127521,182255.98121505365
127528,188817.63357413284
127530,160012.13946391118
127531,146066.3767547897
127587,230330.96308333334
127603,144689.49775303455
127612,537614.4492154763
127637,292993.69773075165
127638,269858.7390174906
127639,217840.688203897
127651,304883.20666666667
127681,289995.59450203367
127686,485626.2266666667
127687,439449.9666666667
127725,184982.66227018126
127726,190710.83872821103
127727,239936.14311844506
127790,813401.8
127813,571014.3876284705
127814,1197434.499
127817,621817.9251111111
132609,137687.15838216562
132615,118000.0
132619,67534.65227055804
132620,118798.65026035624
132621,117999.62790697675
132626,65001.44769234678
132641,504242.6203142857
132642,168325.03058821362
132646,112664.38172086455
132651,77449.77407726865
132652,77449.77407726865
132653,77449.77407726865
132654,73191.07818414802
132655,73191.07818414802
132656,73191.07818414802
132657,73191.07818414802
132658,77449.77407726865
132659,77449.77407726865
132672,85329.21933333333
132675,118000.0
132688,92316.93898021198
132824,90630.15688026554
132825,64613.37847809152
132856,148841.350672751
132857,159999.4802769779
132859,189986.44852113302
132864,93743.5201958789
132870,190000.23039215687
132919,146797.4005831564
132920,154773.97049681528
132921,104097.1967518253
132922,139326.07374125975
132923,151485.77127564105
132924,144378.80150318472
132925,146797.4005831564
132926,139439.1782388513
132933,98980.66701451282
132951,68034.04029780564
132953,112434.29206439784
132955,75678.34756889592
132956,118961.82362047899
133022,103618.846355671
133193,212927.074
133194,219999.74193548388
133195,187306.269469566
133196,189991.07171864586
133197,187306.269469566
133198,204965.2551558816
133199,131393.91154029997
133205,220000.0
133208,184994.97589343568
133232,247790.88158730158
133245,226996.18374885022
133258,220001.2
133260,126647.75317126751
133262,340009.2592956597
133263,148890.75139531842
133264,140066.8758658137
133266,189991.07171864586
133450,260998.3978807132
133451,259918.92160995936
133455,259918.92160995936
133457,273005.1804976958
133458,259918.92160995936
133462,351360.4608644688
133478,306682.8110225564
133493,248850.67448517345
133575,380507.0173166702
143844,104361.17239378857
143873,75027.70758777976
143895,87592.82483049712
143899,144949.8920150207
143960,138346.73298386982
143987,104361.17239378857
143990,112399.13771943239
144029,117277.67027560191
144030,99209.42233766234
144031,99209.42233766234
144289,73921.4600297466
144291,148502.98203616877
144292,165869.51877998508
144293,149326.81433286914
144428,347776.52813588106
144484,433357.454
144570,882301.8686666667
161005,86500.21515004955
161015,93995.03730646367
161020,119067.6782822131
161021,83791.75351161063
161023,165745.10328482513
161025,94092.14188763603
161026,110665.4142375539
161027,116309.04836656792
161028,115100.24490307979
161029,110985.15191613526
161030,135365.34692698414
161032,116309.04836656792
161033,115100.24490307979
161034,115100.24490307979
161036,109187.25679128972
161037,157152.98591553542
161038,98652.63481994695
161039,116309.04836656792
161040,110985.15191613526
161041,110665.4142375539
161042,155428.63724886873
161043,108227.41398234671
161044,116309.04836656792
161045,118798.65026035624
161049,110985.15191613526
161054,158828.75521868365
161055,109187.25679128972
161056,110665.4142375539
161057,121560.06222755724
161059,116309.04836656792
161060,116309.04836656792
161061,164882.00602044223
161063,126585.54112698414
161064,115100.24490307979
161066,110665.4142375539
161067,110665.4142375539
161069,110665.4142375539
161070,115100.24490307979
161071,115100.24490307979
161072,140309.52303774655
161073,115100.24490307979
161074,115100.24490307979
161075,110665.4142375539
161076,104566.66509204207
161078,110665.4142375539
161079,115100.24490307979
161081,104566.66509204207
161082,109187.25679128972
161083,116309.04836656792
161222,398246.05005881767
161224,284835.9751761106
161230,370582.004
161232,312094.4926349206
161234,267542.8711099898
161236,109228.65625485266
161249,105151.71801874193
161251,105151.71801874193
161259,73191.07818414802
161290,74394.00275494764
161292,119192.6225006937
161294,74394.00275494764
161307,171290.20295238093
161320,164154.70076610745
161478,68189.57606019745
161481,75589.05758257497
161483,142503.1882352941
161484,90071.91772095925
161486,170598.89110078098
161493,149463.9443215438
161494,94995.73094871794
161495,121305.74295238094
161499,139617.08608181818
161503,242523.89
161504,149463.9443215438
161546,113951.09281528663
161548,110782.96666666667
161561,134999.1666666667
161562,109276.64082466034
161576,169962.1893903806
161579,118507.303787737
161581,148741.35146182956
161584,87032.09351097216
161586,96367.66327685762
161682,86859.80779858104
161806,251900.20131087548
161807,184012.0387352096
161809,239984.69414297296
161858,137047.3510767449
161859,213598.2781204476
161921,97028.64921895505
162066,235000.0
162078,385103.95167263405
162080,493321.14285714284
162090,825000.0
162094,483698.17142857146
162096,501085.4404444444
162101,140497.51805347673
162102,420000.0
162104,469913.06533333333
162106,315389.2906695527
162108,201769.91579934818
162204,320000.0
170745,118064.02792583873
170748,120894.98599646467
170750,181990.35866666667
170751,260037.52666666667
170779,111780.85640887512
170781,98128.89869982812
170798,154901.63565567767
170809,301089.17209990014
170913,153188.3268571429
170926,126377.25826666669
170932,95441.71760428634
170933,251505.4137523809
170934,114933.52083821417
170935,114933.52083821417
170936,125788.951
170937,124261.83149655421
170938,88130.10579040555
170939,124261.83149655421
170940,209645.9261105435
170942,124261.83149655421
170943,114933.52083821417
170944,260928.60827494672
170945,209645.9261105435
171681,178925.250611465
172151,171711.3002056415
172155,294465.16395155166
172472,234349.4726915067
172474,363260.31019047624
173952,83997.18287579616
173953,83997.18287579616
175046,242036.28719017294
175055,109802.71171122006
175099,418089.1890766149
175597,97915.99114813968
176350,85361.57488789441
176351,107192.26970238096
176352,111870.60883658008
176354,114097.7824734334
176355,119567.83035506678
176356,119567.83035506678
176358,114097.7824734334
176359,114097.7824734334
176360,114097.7824734334
176361,119567.83035506678
176362,114097.7824734334
176364,114097.7824734334
176365,114097.7824734334
176366,119567.83035506678
176367,119567.83035506678
176368,119567.83035506678
176369,114097.7824734334
176370,119567.83035506678
176372,114097.7824734334
176373,106592.24834887331
176374,104406.20574162679
176375,94927.22632638084
176376,130000.0
176378,115003.44353512881
176380,109154.7772515873
176389,79989.67724158069
176392,94966.28779269212
176429,142303.16666666666
176431,154057.96850171438
176432,163913.93567682628
176434,89968.8178534298
176435,163913.93567682628
176436,163913.93567682628
176438,163913.93567682628
176440,163913.93567682628
176441,163913.93567682628
176443,163913.93567682628
176446,165000.0
176452,128718.04154718922
176468,162861.0653333333
176471,204155.67991228067
176472,168581.94861904767
176473,143913.0374
176475,136297.10184713374
176476,128866.9816984127
176482,122933.87868992474
176483,110748.31132486065
176495,90393.03691175317
176500,142279.81521289932
176501,142279.81521289932
176508,86981.19773147945
176509,109910.40499111061
176512,158000.17622594984
176553,207938.29825577085
176554,185447.48508004603
176559,213698.43015534716
176568,169258.76282543197
176572,140757.5392281545
176579,198999.79487179487
176597,173410.3230254985
176598,167255.54930211336
176608,183392.2946767022
176611,190036.223695052
176612,233068.69264794057
176649,207177.9247834637
176651,228724.506825668
176654,557606.1993333333
176655,183944.3847534092
176656,236301.92182271066
176661,201121.8259877449
176666,477148.7884948388
176670,474077.65300297237
176675,327827.6890461783
176678,230000.19418126423
176679,518553.9863333333
176703,900833.1013333333
176708,271494.948540107
177828,400874.9482424242
177872,731823.2666666667
177874,331256.7828842749
177875,421251.5466666667
177876,296785.19333333336
177877,208157.3863421218
177878,170978.6503082394
177881,72819.6
177886,389225.2065271061
177891,121519.31023089244
177893,156272.76069675072
177897,83746.29571431887
177899,89591.68838810384
177919,208013.08545908515
177925,269900.768
177943,100398.13310822516
178529,200126.3318490898
178822,344384.6301714285
178833,268558.7059194139
178846,234915.155
179811,376052.96356532344
180267,118459.34072391363
180271,164631.84935079364
180295,89870.8553662399
180435,118725.79629912568
180436,123106.96905905071
180438,125035.09233978244
180439,107945.70517476965
180440,80357.56149941137
180444,129915.03129243698
180446,110964.07850030482
180447,106519.81681813578
180472,153862.39567478988
180476,78639.37665056373
180477,126579.21476750696
180485,88688.6504144683
180491,75842.44324003544
180495,73191.07818414802
180497,73191.07818414802
180498,73191.07818414802
180501,73191.07818414802
180504,73191.07818414802
180508,120809.95636781587
180509,73191.07818414802
180517,68197.76942133575
180520,135723.7079666667
180523,108692.94300952379
180533,77081.52095460318
180535,149873.6031678666
180623,82286.64627742433
180625,106106.6718380952
180639,115972.69639882035
180641,224082.18402092808
180642,225634.2633333333
180652,98693.51226317202
180653,192583.2276714976
180655,84518.45830700209
180661,187827.09139549138
180663,230000.0
180675,200225.36
180677,128046.0
180678,210388.25347593083
180679,141883.9559482379
180680,100352.89976190476
180717,108570.48315238096
180719,128335.85113355327
180724,79869.02857142857
180725,108570.48315238096
180734,171081.17727414533
180735,104044.17532818273
180737,94337.77156277056
180739,93814.8646788057
180745,100027.35361948753
180751,116911.48007246376
180754,149852.1330917349
180756,149852.1330917349
180758,137984.36820562772
180760,142279.81521289932
180761,89506.61187234915
180766,123118.80531353103
180784,119489.93514454478
180788,109457.76302634063
180792,102997.18206806181
180794,106388.54200409459
180803,95097.11228817159
181119,175632.46586839788
181131,149810.45072490667
181133,254614.6566166593
181134,288186.01763827994
181138,254614.6566166593
181141,264968.4228922577
181144,254614.6566166593
181145,254614.6566166593
181146,254614.6566166593
181147,274156.1249454859
181186,160515.0902715539
181187,257287.8
181189,252847.28847619044
181199,160044.51028333337
181202,258035.89406384568
181203,197302.23157575756
181204,156295.74258313337
181205,160262.18400148556
181208,148091.60724964464
181210,171313.69995666173
181219,197695.24486105322
181222,156948.630543309
181247,265246.75266666664
181248,199756.64625099467
181249,146874.29370790278
181252,172729.81634631034
181253,194973.7065937269
181267,152052.4791333333
181269,170289.3060776066
181330,132015.80603436084
181482,321099.32159622555
181490,252181.05114285715
181495,185476.7680414053
181497,229962.8360381705
181500,316104.6957216117
181515,353775.77042038215
181524,306682.8110225564
181541,152040.4224871795
181542,197101.83865364132
181543,250006.83491424756
181545,199965.97356813028
181555,199622.61290134987
181557,374992.836996337
181558,228935.82584082586
181559,199428.7082065198
181676,531632.0112091503
181682,1222100.0
181686,375011.05550676613
181687,616002.0666666667
181700,374951.05550676613
181742,699490.0202020203
181743,699490.0202020203
181759,1216267.2475582552
182707,135003.83820512818
182710,141175.6059544513
182712,159892.575
182731,120634.77066520024
182742,105269.61806433987
182759,87003.0310562458
182807,98467.98103463204
182815,151003.8836088617
182885,120855.92
182902,197911.8253099901
182985,171581.6
183014,115961.70752153102
183151,403922.162
183152,443223.832
183153,195145.02415676115
183155,383929.098452381
183166,337585.01666666666
183173,257415.36436363638
183250,553452.1022925891
187367,89352.3281904762
187730,84711.7432327182
187810,177517.44601934485
187811,91922.05807902818
187854,91922.05807902818
187910,110476.45434685459
188009,100056.34187734488
188024,66470.8741000666
188026,75328.72662814963
188060,91922.05807902818
188093,170590.69270924525
188322,150003.7737878788
188768,274173.5228201862
190151,68969.50378610606
190186,52267.016495327945
190187,102748.04346757483
190205,102087.14667139923
190212,87520.10769230769
190213,87520.10769230769
190218,89038.8971287258
190219,108636.18716167263
190220,246580.99924675326
190221,119670.432
190355,79092.97005152813
190414,82950.14247543304
190417,100447.38418354759
190418,94579.68286330016
190422,98000.99847144863
190451,119026.12942173712
190479,107845.61903163373
190481,102997.18206806181
190484,102997.18206806181
190486,126777.54856305734
190487,107845.61903163373
190789,214917.8358032593
190791,120314.75529402691
190792,163459.21862894006
190794,151089.4087236753
190797,187490.97309308036
190798,165000.04687710124
190801,174009.174317135
190815,327130.4026190476
190816,353036.0304
190817,356767.49047619046
190820,260000.24407247957
190846,219999.74193548388
190848,150521.6750782312
190849,120287.98370592477
190914,120357.29057536165
190915,137563.73901628953
191020,217840.688203897
191022,386781.03699006734
191025,234993.7142857143
191026,325000.0
191036,403033.998
191043,419990.2121171692
191045,231339.97457947937
191062,338092.53011318116
191133,330000.0
191134,329000.0
191144,388059.11028070183
191151,201474.37491312338
191193,625931.9340555387
191399,103508.68094649684
191417,117334.9655881104
191456,91876.70099435688
191980,127849.72640360819
191982,140805.5781557421
192279,159230.4826421504
192304,119925.77251163709
192307,155248.34470561138
192542,261838.54123665995
192769,106519.81681813578
192770,129923.10714285714
192772,120952.99481074487
192779,124733.82088708716
192780,94989.04436535732
192789,104479.9550748903
192792,99108.87113778036
192793,91514.90358889718
192797,73191.07818414802
192800,89394.71016700113
192805,100978.58989194901
192829,213617.84065745692
192830,76193.63811953772
192831,149133.1944890578
192833,100445.98960683431
192834,99729.63394667384
192836,135028.68333333335
192837,164147.92124320124
192846,95717.54824194858
192860,116235.34342406693
192872,144940.86825704502
192875,160179.1252502275
192876,155999.75855378475
192892,97044.09670839034
192909,207938.29825577085
192910,189991.07171864586
192916,264442.1522222222
192917,286624.84829682694
192922,171526.0
192923,169948.0
192932,255251.32933333336
192947,211418.0819277223
192949,184140.56544188087
192960,184760.08212206434
192963,169178.64719443102
192976,369992.5128205128
192978,283979.9562490398
192979,200000.0
192984,317208.6591034781
192992,200000.0
192993,315026.82393578644
192994,408180.89841269836
193006,360000.0
193013,579980.9176545298
193014,979151.8673333332
193016,1327488.5361370656
195376,133451.2015271297
195386,110719.49875237387
195388,87754.71793650792
195389,145540.3749046876
195400,145540.3749046876
195446,73865.7346343199
195457,71000.16705946845
195458,77107.29244981076
195462,142576.23161964468
195463,142576.23161964468
195468,115407.24661835747
195470,115384.56328502415
195472,112353.08421951643
195474,90687.85423650793
195476,90687.85423650793
195477,90687.85423650793
195478,90687.85423650793
195479,90687.85423650793
195480,90687.85423650793
195481,90687.85423650793
195482,90687.85423650793
195483,90687.85423650793
195485,90687.85423650793
195486,90687.85423650793
195489,90687.85423650793
195490,90687.85423650793
195491,90687.85423650793
195492,90687.85423650793
195494,90687.85423650793
195514,102087.14667139923
195517,135807.8406536545
195518,126362.37388797729
195529,115401.9338779346
195532,50661.96666666667
195535,77449.77407726865
195539,77449.77407726865
195547,114742.9255226188
195556,70435.26176468527
195573,114579.56262472348
195581,144457.7266886596
195584,144457.7266886596
195585,144457.7266886596
195591,144457.7266886596
195593,163686.3729410524
195600,154135.99377418048
195605,144457.7266886596
195661,89253.24070657078
195668,90742.19909174653
195672,130044.73656920165
195674,121502.42029957831
195679,98003.37731749186
195682,107322.44300430779
195683,107747.07120409133
195684,107747.07120409133
195685,107747.07120409133
195686,107747.07120409133
195687,107747.07120409133
195688,107322.44300430779
195689,107747.07120409133
195690,107747.07120409133
195691,107322.44300430779
195692,107322.44300430779
195695,107747.07120409133
195697,107322.44300430779
195698,107322.44300430779
195700,107322.44300430779
195701,107322.44300430779
195702,107747.07120409133
195703,107747.07120409133
195704,107747.07120409133
195706,107747.07120409133
195707,107322.44300430779
195708,107322.44300430779
195709,107322.44300430779
195710,107747.07120409133
195711,107322.44300430779
195736,100703.24490196077
195741,330466.40916105546
195749,97942.34946731896
195750,97942.34946731896
195765,97320.29278262574
195768,192881.44108743456
195769,153088.11076605847
195772,171964.5685301486
195788,195006.61971878743
195792,84919.9837378509
195795,102997.18206806181
195796,158484.38736190478
195797,106388.54200409459
195798,123478.32265732884
195800,100272.1694832376
195801,158828.26063312238
195807,176604.63011342208
195808,155432.41267956045
195844,129839.12988563647
195853,154021.75729325745
195854,150404.5234922062
195855,156431.8031121324
195857,155962.8268621324
195858,156431.8031121324
195859,109012.74923932702
195953,325979.7899078046
195955,205256.60901698912
195956,160756.451137273
195960,206189.14035185668
195962,264362.1522222222
195993,298976.1198276257
196006,359244.3345948718
196007,158332.87772383308
196021,245266.234
196024,301623.18505928974
196025,168497.22227551063
196026,205457.28241300798
196027,175899.10956660204
196124,285283.0249861523
196127,224480.7447846006
196129,198056.78830625582
196132,229994.76783994582
196138,346730.4666666666
196139,522980.2941142857
196141,346730.4666666666
196143,309879.82809523813
196145,336432.9797777778
196147,198999.79487179487
196167,449397.34368511644
196175,253338.1934031032
196188,285382.60422862787
196190,229921.3281924468
196233,442516.00063636363
196241,573007.0666666667
200179,92777.40385858587
200276,113477.85177777777
200277,93995.03730646367
200283,119067.6782822131
200284,83791.75351161063
200285,94726.758
200286,110848.76024426192
200288,193076.85668629178
200292,127626.4540875421
200294,115340.56328502415
200295,118798.65026035624
200296,113369.57321904766
200309,160555.75876190478
200310,86722.20655164833
200311,113490.41799777576
200312,94393.21123544103
200313,153862.39567478988
200314,126309.79206666668
200315,116793.75267297518
200317,362122.5934285714
200318,82083.85326148986
200319,115226.35849701747
200320,108609.64236714997
200324,293734.24750515213
200326,160092.29879631463
200335,55424.69279206349
200348,105151.71801874193
200349,231855.14327076022
200350,105151.71801874193
200352,281922.3504542124
200353,649694.0380006066
200394,73191.07818414802
200432,119192.6225006937
200436,74394.00275494764
200447,260133.35576036866
200460,238472.54976190478
200461,195154.9726797404
200462,195154.9726797404
200463,124005.27017021045
200464,137111.38380586082
200465,195154.9726797404
200466,136354.3686372429
200467,136354.3686372429
200501,126446.88959321611
200502,211131.73140175745
200503,110714.8516471363
200608,68189.57606019745
200609,142503.1882352941
200613,170598.89110078098
200614,140554.64202283608
200616,150842.79315675775
200617,127497.5
200620,134127.82108179174
200621,94995.73094871794
200628,124711.57122952538
200629,119492.05844897823
200630,242523.89
200631,216201.81600388198
200632,134127.82108179174
200634,204012.5760651897
200636,145888.11802158016
200638,121775.0284047619
200639,90592.83458333333
200640,88189.27240514389
200641,173655.04756666668
200642,110505.01086462439
200643,134127.82108179174
200644,110505.01086462439
200645,132843.5983113553
200646,134127.82108179174
200670,148437.26342212886
200671,110659.38592009663
200682,179849.72149434668
200683,179849.72149434668
200686,179849.72149434668
200687,163002.71241587005
200689,179849.72149434668
200693,97320.29278262574
200698,66639.46298964803
200699,92365.49431972776
200704,82104.94643574205
200712,172307.08645941038
200713,172307.08645941038
200715,87129.68941992258
200716,172307.08645941038
200717,196769.7465591668
200727,87032.09351097216
200728,125925.19481594364
200732,118507.303787737
200736,133394.74672088108
200806,123180.31215440448
200807,97661.76116557348
200935,251900.20131087548
200936,240000.0
200937,239984.69414297296
200940,184012.0387352096
200941,258286.8607843137
200943,125807.5
200944,160581.32140603932
200945,265009.69621761603
200946,533308.254
200950,265111.0172735761
200967,323092.406
200973,265196.3774853801
200978,220707.266095238
200979,223201.2821929855
200980,148341.2549053928
200981,214711.49383835707
200982,122993.9199593437
200983,149600.47948406718
200992,136999.8776528067
200993,139854.04883320018
200996,137047.3510767449
201016,208039.11948571433
201017,270683.3487282912
201018,270683.3487282912
201032,148434.15792508505
201185,235000.0
201187,449362.90414502705
201193,854610.3333333334
201208,140497.51805347673
201209,420000.0
201211,201769.91579934818
201278,381578.55196825403
201954,46426.552380952424
201956,148037.72854978355
202016,223866.56066666666
202029,109188.66666666666
202040,76593.96474761289
202042,130435.33279041554
202046,122147.41572351215
202047,120064.35533333334
202048,106475.21444444443
202063,95571.64607595681
202068,71743.80408789113
202075,74462.548002886
202088,101012.91637752746
202099,108767.77697876454
202161,94572.41884923872
202171,188841.0865357143
202172,169313.3371357143
202182,231594.4185092655
202187,216776.8235
202188,115855.82460197623
202231,66104.99916811855
202239,95867.73524800323
202241,124537.28774174066
202250,193110.74666666667
202284,111106.62138391298
202287,120517.68548941254
202418,183048.3076504683
202435,270569.26199019037
202436,224471.10933333336
202437,176386.94596276092
202458,200521.32227824227
202462,200372.34395405758
202466,307811.2019047619
202468,307811.2019047619
202469,307811.2019047619
202500,197579.70390022342
202513,196497.7762703297
202585,517881.3961991799
202601,517472.0
202659,1193239.5238095236
213689,128632.96977777779
213690,127713.20495410627
213710,90174.16401572138
213712,136693.83400281356
213787,192182.62997989828
213849,87177.87747066551
214383,118448.09252460247
214521,88015.03462968447
214604,92768.24697753551
214694,223040.35666666666
214695,170300.08166074505
214919,199459.30490931674
214928,179129.75508014212
215077,280906.3697243959
215946,93995.03730646367
215948,84707.0142400822
215949,124973.0
215950,124531.60958310794
215951,68780.48932863849
215953,124531.60958310794
215957,90047.4824339922
215971,102546.21183682141
215972,102546.21183682141
215989,144981.04497278947
215990,149139.8664920147
215993,159671.72222830023
215996,149423.1512941778
216014,123983.28175462183
216017,95710.56107751466
216018,151836.0
216027,79083.5775659364
216028,85001.94068769914
216029,84140.52034462456
216031,118507.303787737
216055,185624.48508004603
216056,196833.5819658822
216058,279997.50616924383
216063,320210.21742784994
216072,169089.12844378024
216075,114988.25217853412
216076,117507.18364090413
216084,244408.99409523813
216086,137563.73901628953
216099,194625.15166233448
216108,220690.30790777196
216109,230009.6532981291
216151,92762.21890236918
216152,92888.50756848913
216156,92531.6953953084
216893,85746.13717697372
216965,73865.7346343199
216971,71000.16705946845
216973,142576.23161964468
216974,142576.23161964468
216975,130000.0
216978,134712.68516642723
217010,77449.77407726865
217011,77449.77407726865
217014,114742.9255226188
217015,85608.60185906454
217021,83970.64381033735
217022,70435.26176468527
217074,76323.14844539684
217094,89253.24070657078
217102,130044.73656920165
217103,90742.19909174653
217141,97942.34946731896
217181,97320.29278262574
217186,195006.61971878743
217188,84919.9837378509
217189,106388.54200409459
217190,117853.51309458906
217194,102997.18206806181
217196,109910.40499111061
217198,158484.38736190478
217211,129839.12988563647
217274,109012.74923932702
217361,149382.29575666634
217362,199483.7443200402
217371,160756.451137273
217374,264362.1522222222
217377,205256.60901698912
217378,206189.14035185668
217415,158332.87772383308
217416,226996.18374885022
217431,205457.28241300798
217558,172548.64260496726
217559,198056.78830625582
217561,283000.0
217562,183944.3847534092
217565,224480.7447846006
217566,285283.0249861523
217567,229994.76783994582
217570,225355.53353412013
217571,198999.79487179487
217585,449397.34368511644
217601,285382.60422862787
217634,442516.00063636363
226632,236293.82958888885
226635,104610.94501338145
226636,112035.04914040577
226638,113100.68268388596
226639,160118.90375485652
226678,105959.75219660562
226681,92538.53501139548
226682,85732.1404510787
226949,84517.00099454728
226954,240439.96142073598
226955,223683.34947346072
226956,164819.861256698
226957,94092.14188763603
226958,52267.016495327945
226959,122378.4416674366
226968,94474.60617067627
226969,109177.11616487103
226973,111261.60874735
226976,135989.41830476193
227048,96009.68286702188
227050,121927.87583581003
227051,98204.67448098825
227053,119618.34674382546
227054,117219.79044222998
227057,107988.2211904762
227060,84445.05073026582
227073,98346.19676947346
227074,105107.81613788521
227075,122444.76878571429
227113,107425.36350000002
227114,146735.86733555424
227115,146735.86733555424
227138,110714.8516471363
227142,68885.54583333334
227269,146637.90150508733
227276,89171.22901301467
227277,136588.47845473047
227279,119938.32195081138
227292,183255.0803592181
227303,115000.38095238096
227306,193850.28377146178
227308,141883.9559482379
227365,209993.91311826275
227367,202330.43502253428
227369,218117.35120242534
227387,122947.56594477188
227388,67614.70161003286
227394,142279.81521289932
227395,142279.81521289932
227408,194438.122777173
227411,129964.8920672215
227413,119910.92890778495
227415,115853.41943959206
227469,102717.51326876417
227470,93549.06925151226
227527,110272.1576672402
227535,67738.84134199134
227749,192491.4814018626
227772,215411.74033342805
227776,184012.0387352096
227777,169217.07819044281
227778,191622.8769341136
227779,146550.1263262277
227794,200010.4841091444
227801,200010.4841091444
227803,264442.1522222222
227823,357854.3045993591
227842,239995.1518210189
227844,192491.4814018626
227849,205743.1675937396
227856,186040.675
227862,179871.51445888236
227864,154610.93672730343
227865,109971.16316797743
227884,204705.5418305613
227920,143749.661931936
227921,235766.835006435
228062,261607.58235503754
228066,582154.9884079107
228069,237905.8170150331
228071,240019.33093167702
228073,240019.33093167702
228086,302964.54396825394
228091,251792.0
228104,249272.23529411762
228107,237357.3916396356
228109,198939.59344551415
228138,369992.5128205128
228220,520539.4946666667
228221,444722.1456292244
228276,1216267.2475582552
228466,127761.25749747963
228591,73865.7346343199
228594,71000.16705946845
228595,130000.0
228596,142576.23161964468
228602,102087.14667139923
228630,77449.77407726865
228634,88765.27106886372
229014,113728.22079648165
229127,138776.04240297922
229129,127518.92657689565
229130,92400.15680527643
229131,179574.96305083355
229397,112132.09703571428
229398,84603.17617208873
229401,125682.40250244392
229427,95536.80278572899
229429,204915.62907110096
229661,172312.57515484517
229724,166574.447401851
229727,89253.24070657078
229735,220689.97891528183
229737,98003.37731749186
229738,130044.73656920165
229742,90742.19909174653
229745,165547.07268944097
229750,214322.0395238095
229753,98708.94086400319
229763,98708.94086400319
229764,98708.94086400319
229766,98708.94086400319
229768,154750.30990351163
229770,97942.34946731896
229773,99361.53859770924
229777,135470.8777126681
229778,134816.14067450794
229779,97320.29278262574
229790,195006.61971878743
229791,134816.14067450794
229794,84919.9837378509
229795,117853.51309458906
229796,90243.23584022782
229797,106388.54200409459
229799,100272.1694832376
229801,123478.32265732884
229803,106388.54200409459
229806,158484.38736190478
229812,160235.28095237497
229815,129839.12988563647
229816,179463.72103454708
229819,160235.28095237497
229820,160235.28095237497
229826,109012.74923932702
230083,119819.10155878548
230092,106718.28882625788
230093,81686.6776208138
230184,195414.96623230423
230234,259454.77910006035
230235,212084.31396080187
230241,140949.912407639
230251,205256.60901698912
230256,160756.451137273
230261,264362.1522222222
230262,116538.03333333334
230263,169894.6919347428
230266,357854.3045993591
230267,169894.6919347428
230268,169894.6919347428
230274,239995.1518210189
230278,158332.87772383308
230286,397747.26984126994
230293,168497.22227551063
230601,312889.192952381
230692,345513.72747631656
230695,314766.0
230696,172548.64260496726
230699,224480.7447846006
230700,283000.0
230701,285283.0249861523
230702,183944.3847534092
230703,198056.78830625582
230707,229994.76783994582
230708,237905.8170150331
230713,198999.79487179487
230719,225355.53353412013
230721,414454.96370634914
230723,296877.2630549451
230724,240019.33093167702
230727,240019.33093167702
230729,374093.8835
230731,238090.2485899279
230737,449397.34368511644
230739,1055906.5637973133
230747,229921.3281924468
230749,285382.60422862787
231006,398907.6204051866
231007,1216267.2475582552
231012,629544.142857143
231013,634798.2857142857
231015,444722.1456292244
232205,103100.82531608923
232206,196904.52024242427
232210,97634.40576819287
232211,123760.21724685602
232217,239606.65133333334
232218,200292.51290052303
232221,173879.711330135
232224,76129.22234576147
232227,84733.93790938414
232228,77449.77407726865
232229,73191.07818414802
232230,77449.77407726865
232235,102546.21183682141
232236,102546.21183682141
232237,55716.7213569582
232238,91888.19377954701
232239,102546.21183682141
232241,64706.02643939393
232304,81995.44164045449
232306,95007.27831706783
232307,89435.2520178625
232309,79973.28977966945
232310,109991.63553740713
232312,136134.05029719768
232313,90317.73743637731
232314,125727.0392031746
232316,205000.0
232319,161125.78651577097
232332,148741.35146182956
232333,155999.75855378475
232335,135265.77090131582
232337,108866.46408076095
232385,113870.1508239057
232386,85181.21962956004
232451,160043.95194684077
232454,316745.3507849179
232455,177990.51278271814
232473,145337.30214312495
232475,184140.56544188087
232550,289999.46660415764
232551,142992.31437257986
232553,199104.67619047617
232588,568639.4681467965
233566,97208.27140889739
233572,134887.4431867988
233578,97854.74308998646
233580,174136.58050989296
233582,135509.13734141414
233583,163068.00780952378
233585,419622.8175668637
233586,84439.83170740229
233587,87852.78556426556
233588,366909.68344444444
233593,90687.85423650793
233594,90687.85423650793
233597,90687.85423650793
233598,90687.85423650793
233599,90687.85423650793
233600,90687.85423650793
233601,90687.85423650793
233602,90687.85423650793
233603,90687.85423650793
233604,90687.85423650793
233605,90687.85423650793
233606,90687.85423650793
233607,90687.85423650793
233608,90687.85423650793
233609,90687.85423650793
233610,90687.85423650793
233651,136549.13293469802
233652,96739.5286977821
233653,96739.5286977821
233654,136549.13293469802
233670,233405.17963330337
233673,1086411.8864488956
233675,95714.02624314024
233676,87725.8751389883
233679,94999.28571428571
233681,73703.04261264454
233683,217257.6833881722
233685,77588.41536163837
233686,158767.393666851
233694,71476.23053968254
233698,48325.24580952381
233705,134212.23204906206
233715,85324.10254155402
233716,111878.79160405179
233717,90228.39893333333
233718,89259.90961190478
233826,104356.17086331986
233829,96574.68638352712
233845,157452.87133333334
233850,110926.96895238095
233852,195007.82703407938
233877,57682.131681860854
233880,98767.8233319857
233886,106190.29628981544
233888,118669.82853060271
233889,102211.14263007659
233950,158828.26063312238
233951,129839.4571831385
234214,223955.29471278077
234218,245332.57538461543
234226,237521.7234279407
234227,215000.0
234228,164849.2723219409
234229,215000.0
234240,242930.11051171052
234242,272715.0
234244,207578.73477460904
234246,254831.391
234264,148844.3129047619
234265,184678.47013778036
234269,235506.76833976834
234270,153209.12652357866
234273,264919.3396213423
234274,223428.53405061289
234326,149600.47948406718
234327,214711.49383835707
234328,222379.1637679308
234458,359561.2471450119
234459,382780.7556499585
234460,325209.7434670232
234466,324940.24988968275
234476,263605.94295756065
234486,334803.2195609946
234487,305959.2570050126
234490,850790.208987013
234491,309465.4786071428
234503,299970.59119556914
234506,342006.6917832168
234510,155839.22865484408
234597,662340.2409299035
234598,654722.0188519815
234599,608820.3875180377
234600,608820.3875180377
234602,593194.2056277056
234603,629304.4410533912
234629,1395032.074
237578,116426.41079735517
237725,89946.48281395643
237726,89946.48281395643
237731,106758.31266706205
237733,97634.40576819287
237735,123188.32707326008
237736,127409.86342857142
237739,164971.77662180565
237740,123760.21724685602
237787,121774.36422222223
237788,119391.30765018206
237789,122555.90621647918
237802,76129.22234576147
237804,105643.86423070451
237805,96235.12363830618
237810,73191.07818414802
237813,77449.77407726865
237858,93202.74091682487
237859,94796.44386605368
237860,55716.7213569582
237861,102546.21183682141
237862,102546.21183682141
237864,94796.44386605368
237865,94796.44386605368
237866,102546.21183682141
237867,91888.19377954701
237868,94789.10339682538
237882,58456.07236810454
237884,99173.78485714283
237885,107530.86273837733
237898,80967.38493935023
237899,96023.33480472578
237901,96015.17710754127
237903,52206.74431390283
237966,80743.81734669486
237993,90317.73743637731
237995,118073.67982540764
237997,109991.63553740713
238009,128366.6
238010,128366.6
238014,205000.0
238015,161125.78651577097
238099,137430.2354771238
238102,171486.06950710109
238103,101596.23187027058
238118,136333.40045302975
238122,151533.9225714286
238126,152718.83242026126
238134,172848.2930951002
238138,728467.306
238140,135609.4016498837
238154,118439.61327851929
238157,148741.35146182956
238159,134903.380367056
238160,131325.0276405849
238161,155999.75855378475
238168,112950.25675049263
238169,108866.46408076095
238173,148741.35146182956
238175,148741.35146182956
238176,150929.62650202186
238276,85181.21962956004
238277,113056.5222631643
238458,134763.53880733796
238462,179350.2800336134
238466,160043.95194684077
238469,221327.51240312323
238471,248330.57676190478
238472,325979.7899078046
238473,361991.86968382174
238476,177990.51278271814
238483,258656.36485411806
238536,404836.85714285716
238539,271638.59986703994
238550,171264.01036832627
238551,285572.02136118663
238554,191073.89669989113
238568,175149.69633118887
238576,169550.50942346707
238582,164107.33540919286
238583,218746.61683760685
238613,187395.06571530804
238614,323307.7653398673
238615,175327.78316874235
238616,181656.53237557842
238675,138460.84305755532
238676,177746.4394956156
238677,199767.78656751482
238833,228724.506825668
238835,142992.31437257986
238839,289999.46660415764
238840,199104.67619047617
238841,224278.1591047619
238844,221956.61605002676
238883,513902.7199999999
238884,236005.36682388076
238885,557281.1654828175
238887,482790.0142857142
238890,238463.75304761907
238893,218211.99204108067
238910,292073.3410032325
238914,294011.0437477478
238915,481049.69569972705
238916,195827.26458561546
238917,188700.2521223082
238918,294011.0437477478
238919,183691.63594187764
239044,568639.4681467965
239088,770744.1286666668
255840,119324.75762654911
255842,92538.53501139548
255861,118000.0
255862,119067.6782822131
255863,110734.17987095853
255864,67534.65227055804
255865,118000.0
255867,179000.54600000003
255868,117999.62790697675
255870,118798.65026035624
255876,138618.48989905053
255880,77449.77407726865
255881,77449.77407726865
255882,77449.77407726865
255883,77449.77407726865
255884,73191.07818414802
255885,73191.07818414802
255886,73191.07818414802
255887,77449.77407726865
255888,73191.07818414802
255892,86786.99406029982
255893,119192.6225006937
255894,118000.0
255896,152661.45273155064
255897,131038.91140781682
255899,161395.0240863657
255912,189986.44852113302
255913,83991.69953639597
255914,148841.350672751
255916,159999.4802769779
255918,93743.5201958789
255919,190000.23039215687
255935,79592.81005998408
255936,77246.70394285713
255938,98980.66701451282
255945,112434.29206439784
255947,118961.82362047899
255949,189919.51457628363
255954,253579.58339490445
255955,199213.50967299042
255993,204965.2551558816
255995,187306.269469566
255997,187306.269469566
255998,189991.07171864586
255999,219999.74193548388
256001,187306.269469566
256002,220000.0
256003,265009.69621761603
256004,184994.97589343568
256009,167273.8704943863
256022,195075.001
256026,140066.8758658137
256027,204966.52788315434
256029,340009.2592956597
256030,189991.07171864586
256056,259918.92160995936
256057,341985.75886855024
256058,259918.92160995936
256059,259918.92160995936
256060,273005.1804976958
256062,260998.3978807132
256064,259918.92160995936
256068,812406.8624823347
256069,325558.42
256070,200648.1677715016
256072,248850.67448517345
260293,121784.51930052927
260419,133086.03100929293
260422,90906.61454677129
260423,60231.61852092353
260425,124531.60958310794
260428,89662.11257326714
260429,68780.48932863849
260430,124973.0
260431,93459.33543262897
260433,129915.03129243698
260436,108818.66032561247
260437,89991.0788968871
260439,90047.4824339922
260442,66128.14782549159
260469,143407.96148016033
260480,106208.43034169862
260483,94803.11668734645
260486,126001.64231578946
260499,37114.4615474447
260509,131473.2521509987
260513,162194.765
260521,71419.45163149973
260522,84715.07906688636
260523,103738.22163227179
260525,102546.21183682141
260526,102546.21183682141
260528,80206.61874111608
260549,82194.96494876301
260550,110448.74412444806
260571,80243.57167599718
260663,96193.7335863679
260684,149139.8664920147
260687,96574.68638352712
260694,109009.5192382851
260697,144981.04497278947
260698,159671.72222830023
260706,95184.47637082067
260707,187700.31666666665
260708,145888.11802158016
260742,131710.10858241454
260745,143043.87760437457
260746,99566.47
260749,159621.66580952378
260763,111503.03471962054
260768,131475.13916739076
260769,116158.61193510536
260770,155295.04774574118
260775,102021.72553837502
260777,98004.02937586565
260778,106494.57361858708
260781,111868.17395276962
260804,96255.14173585534
260805,119355.96350305251
260806,159056.66361089156
260810,132569.9919047619
260814,118507.303787737
260815,84140.52034462456
260816,123222.71051540616
260818,85001.94068769914
260860,125125.46421052633
260861,160235.28095237497
260863,178413.60912038755
260864,119085.58151515151
260865,152704.75499067182
260871,116424.05370398158
260890,115593.51301353789
260891,140613.37723123265
260894,202926.1986666667
261053,185624.48508004603
261055,196833.5819658822
261057,290000.2261239674
261058,213698.43015534716
261062,179906.5128299647
261066,457694.1486242037
261080,417221.8113333333
261081,198875.7243878788
261104,147617.5774108209
261105,202853.32222222222
261107,282206.00582285825
261108,184140.4704022009
261110,370694.9992063491
261128,137365.1126719791
261130,251412.47558993023
261134,95851.05517374646
261139,218870.06333333338
261140,200464.64473517126
261146,163626.77822655122
261149,153152.6481194069
261162,251575.79262004665
261163,251575.79262004665
261175,114988.25217853412
261177,146066.3767547897
261197,216920.6009978768
261216,137563.73901628953
261365,524814.2200000001
261379,447387.7764190477
261394,367447.4860004217
261402,450442.7480392157
261404,408986.79681318684
261405,134906.07949381074
261408,245525.7285725093
261409,267121.0823433425
261410,290268.9777888199
261420,671933.4519344489
261422,220690.30790777196
261423,174059.45961729507
261426,230009.6532981291
261442,414311.2247619048
261444,241172.85401223856
261525,265843.7444444444
261558,636950.9962021116
261562,504484.0873626373
271665,318155.96
271666,103287.14380239409
271667,144841.18659808574
271675,234989.89648316652
271676,120383.802
271682,90687.85423650793
271684,90687.85423650793
271685,90687.85423650793
271687,90687.85423650793
271688,90687.85423650793
271689,90687.85423650793
271690,90687.85423650793
271691,90687.85423650793
271694,90687.85423650793
271695,90687.85423650793
271710,111229.77477201368
271711,151815.68151575807
271712,151815.68151575807
271713,111229.77477201368
271715,111229.77477201368
271716,151815.68151575807
271717,151815.68151575807
271718,111229.77477201368
271719,111229.77477201368
271721,81474.08753333332
271722,198817.17157933398
271723,81474.08753333332
271770,105270.70567111949
271782,141502.70518496315
271783,125833.87850923475
271806,134848.569720339
271808,116016.85350680497
271816,154021.75729325745
272218,118304.43065853397
272228,149946.0752847346
272235,64700.7696460557
272250,74459.1245205752
272252,119561.89357412064
272253,134813.78392897503
272254,179520.7955534898
272309,177375.3351454985
272314,93783.1887081032
272320,177502.53707117218
272333,60722.274070234125
272368,124091.58680774804
272372,128071.0
272381,129684.62577894016
272422,162787.5976893516
272424,118054.40550933512
272445,85077.23947763743
272523,90565.13239133371
272723,169916.47466255657
272729,169916.47466255657
272743,292959.44301587297
272748,233869.95457875472
272750,133977.15135140752
272752,276160.435480859
272762,276245.1
272763,233869.95457875472
272766,260343.39967172893
272796,122279.140752497
272801,218118.414
272830,316493.556
272831,217365.3043986997
272832,189585.0460836941
272833,338325.06444444443
272878,283129.81672519614
272880,276160.435480859
272881,265847.0515478807
272882,219144.5198686097
272883,189585.0460836941
272884,267890.80554133625
272886,217365.3043986997
272887,235724.9692565457
272889,133075.22355902888
272928,119038.48683652356
272954,166848.86824499656
273317,231804.03609523823
273321,729827.1190476189
273325,420689.6666666666
273326,396408.5604221612
273342,357419.91814318893
273346,357419.91814318893
273351,908263.3293333334
273354,417756.2714920635
273360,265690.445968573
273374,235724.9692565457
273377,298011.6908148714
273380,632154.1333333333
273584,908263.3293333334
273588,795456.6626666668
273633,878030.0
273634,796146.6626666668
274560,101427.01728981988
274561,123059.11617002996
274572,115204.46990097057
274648,101475.76817460316
274649,141094.14784897308
274657,124976.34826430796
274658,153925.09588700195
274659,165044.75883034337
274660,104415.07947679887
274661,104415.07947679887
274678,145048.74276190478
274679,411839.8106666667
275126,346681.98
284082,206343.15290079365
284087,72174.675454264
284094,315822.78571428574
284096,115003.44353512881
284131,75278.15249000395
284147,131783.96930668372
284148,153024.99581831973
284154,117000.0
284155,141666.39014861995
284158,159433.43398164958
284159,187702.548615942
284163,204705.5418305613
284287,78868.5442715021
284292,80351.50317460315
284293,80351.50317460315
284294,80351.50317460315
284304,163913.93567682628
284306,112156.45666435364
284316,112596.61097584655
284320,180561.25359307366
284324,195008.01622326855
284326,183255.0803592181
284327,128142.0
284328,116948.49695906433
284329,102264.46396709958
284356,202330.43502253428
284359,209993.91311826275
284360,218117.35120242534
284364,133952.70838339234
284373,122947.56594477188
284374,122947.56594477188
284375,96676.98478912198
284376,144927.82863459503
284380,118010.19076923077
284387,128134.31486754485
284389,128134.31486754485
284390,149033.58614861994
284391,139041.26115144548
284393,95527.19343615715
284397,78469.63646411967
284402,82958.20136936936
284403,64460.098
284417,165649.39649887042
284418,112334.99754533835
284426,95424.57631925833
284427,111295.46266843095
284446,160415.47901629892
284448,121467.71159626542
284449,93237.28271915448
284450,121467.71159626542
284451,160415.47901629892
284452,160235.28095237497
284453,93237.28271915448
284454,121467.71159626542
284455,121467.71159626542
284456,160415.47901629892
284457,160235.28095237497
284459,121467.71159626542
284460,93237.28271915448
284543,153975.4451406866
284544,140451.3558924268
284664,136389.6481061448
284684,135695.8849260117
284686,156061.12518286568
284687,223955.29471278077
284689,200010.4841091444
284693,189980.36290893075
284694,190021.71902627405
284695,168547.09188065637
284698,233000.26493343577
284708,357854.3045993591
284714,229913.02826642772
284717,239995.1518210189
284718,310245.80555555556
284719,136389.6481061448
284730,216050.7979466461
284731,397747.26984126994
284733,190036.223695052
284741,265821.1308104575
284924,224480.7447846006
284926,237905.8170150331
284931,237395.71673015584
284934,240019.33093167702
284942,238090.2485899279
284944,620796.7463511016
284956,200883.1095754791
285020,442927.25009575894
285027,444722.1456292244
286303,129093.27026190478
286304,130748.99867918708
286598,103535.88297912544
286669,91818.55559956677
286670,103509.75735555252
286673,106519.81681813578
286675,192003.7903247272
286729,103926.65638194294
286755,113083.74920536626
286803,73191.07818414802
286804,73191.07818414802
286805,73191.07818414802
286807,73191.07818414802
286808,73191.07818414802
286809,73191.07818414802
286810,73191.07818414802
286811,73191.07818414802
286909,195167.75741240275
286916,98693.51226317202
286924,107034.3170045658
286926,100159.1876634772
286931,230000.0
286932,210179.72
286934,161125.78651577097
286935,200225.36
286936,141883.9559482379
287053,100027.35361948753
287101,149852.1330917349
287102,149852.1330917349
287103,142279.81521289932
287104,149852.1330917349
287105,149852.1330917349
287106,149852.1330917349
287107,123118.80531353103
287128,109457.76302634063
287137,158000.17150471976
287141,102997.18206806181
287188,173538.2204428904
287285,140483.64001661638
287287,99988.16039418303
287292,184362.2742625153
287295,288186.01763827994
287298,254614.6566166593
287299,149810.45072490667
287301,254614.6566166593
287304,254614.6566166593
287307,254614.6566166593
287313,286624.84829682694
287420,173059.61484382287
287422,368124.14385714283
287424,257627.12608654538
287431,419373.0093904926
287433,419373.0093904926
287495,264229.4031994966
287506,146874.29370790278
287507,199756.64625099467
287622,185476.7680414053
287623,229962.8360381705
287625,374992.836996337
287687,412340.22683958727
287692,369327.2579261728
287706,522689.3637142858
287718,414729.92079408106
287719,414729.92079408106
287720,414729.92079408106
287721,250006.83491424756
287722,250006.83491424756
287776,199428.7082065198
287777,374992.836996337
287833,375011.05550676613
287858,522446.04766286386
287864,506605.4486627223
287896,375011.05550676613
287941,742592.2873015872
293283,68969.50378610606
293297,89946.48281395643
293298,89946.48281395643
293299,217645.0179237873
293300,52267.016495327945
293301,84192.42809827211
293302,113828.83556931064
293304,136964.2881761905
293308,115943.41738773236
293339,158401.04204833246
293342,112225.23129192786
293343,102087.14667139923
293345,119145.29035683302
293346,104144.60194486215
293347,111232.38620551443
293365,165732.1153138233
293366,96790.8036843318
293368,67369.06318464034
293371,87520.10769230769
293372,87520.10769230769
293373,76034.09034207775
293376,79793.85270345656
293389,112213.00906970564
293390,131895.9951404635
293391,90590.34952376087
293399,119670.432
293400,89038.8971287258
293401,246580.99924675326
293405,166810.76335364152
293407,94139.40968719669
293408,99988.58626666667
293409,102024.4181670455
293422,74737.36071428574
293424,114627.83929761907
293433,80243.57167599718
293554,173050.16257308194
293556,146100.0238844897
293557,115744.24109017094
293560,97178.59448107447
293562,94579.68286330016
293565,106968.72680917825
293567,101995.9304177859
293569,130000.0
293586,128366.6
293588,130136.89781523973
293589,98000.99847144863
293591,95184.47637082067
293592,128366.6
293629,143266.77444444445
293631,96033.74427128426
293669,94674.68852930597
293671,120165.18321428572
293672,129243.77615384616
293678,69890.29896156784
293684,105493.4274666517
293690,75740.6816109668
293699,88182.62547619044
293713,79086.05000000002
293716,102997.18206806181
293718,126777.54856305734
293719,102997.18206806181
293721,107845.61903163373
293748,58519.89063955091
293750,68303.37423132101
293753,120245.16672727274
293755,140454.69675688396
293756,141662.15460246644
293759,156976.37812496602
293884,169676.4780341772
293889,180495.94616436504
293891,231472.55666666667
293892,163459.21862894006
293893,120314.75529402691
293894,214917.8358032593
293898,308035.14471794874
293902,174009.174317135
293904,263170.5642626263
293914,165000.04687710124
293943,186699.7286666667
293944,420593.840584379
293945,420593.840584379
293946,296741.9005018182
293948,273057.48475905514
293953,260000.24407247957
293957,137365.1126719791
293967,189489.416453733
293970,133330.61129600657
293972,138100.21469501127
293993,158887.3601018871
293994,124253.42489302967
293998,136780.25645413654
293999,219999.74193548388
294000,120287.98370592477
294012,185259.11175796425
294013,207830.4513333333
294014,224901.9784934066
294024,184010.74588299188
294025,137563.73901628953
294145,258288.2159105634
294146,217840.688203897
294147,190381.91724332212
294154,325000.0
294169,306682.8110225564
294182,239917.4695819586
294183,314924.1666666667
294186,236705.61979382098
294189,353179.1313333333
294195,419990.2121171692
294197,298399.3333333334
294198,231339.97457947937
294212,338092.53011318116
294263,330000.0
294264,329000.0
294266,649901.4920634922
294271,388398.6
294272,481015.7712916866
300754,156641.30428571426
300755,88179.6
300757,156641.30428571426
300758,156641.30428571426
300759,88179.6
300765,191638.9743002964
300803,124397.70553840221
300806,132000.83118730158
300807,447003.29458646616
300809,306077.64554761915
300810,194969.6262222222
300823,167260.0646544473
300830,126172.92161854974
300831,84498.62876178793
301086,102776.33564990565
301114,191117.9772269005
301118,151037.38727424003
301176,96984.30230952382
301203,95453.58030846935
301236,113894.15835107079
301243,110824.99735608917
301342,64080.67297657761
301516,115280.23360127796
301538,135783.45307343244
301546,191125.37459738803
301549,116989.05382190795
301618,434526.4533333333
301629,176379.7357784478
301641,231202.63517487003
301647,434510.4533333333
301655,206968.69221166256
301662,248101.44140634921
301700,189943.08079365076
301982,315616.37333333335
302005,240754.745
302018,242423.5538847118
302172,298330.29272431915
302965,89840.41162521663
302966,114853.10537915753
302969,72174.675454264
302970,233975.5823776981
302971,95415.76518242707
302974,89946.48281395643
303024,115003.44353512881
303028,113513.69580000002
303090,84670.1219120782
303136,93116.25819624819
303137,96595.83662673814
303160,73191.07818414802
303218,104145.13516530691
303346,78868.5442715021
303366,207889.06056034478
303367,192096.99916161617
303369,93385.06333063554
303370,72279.3559026512
303372,112156.45666435364
303373,163913.93567682628
303374,96829.42215039987
303375,84151.55395238096
303380,239942.51241734912
303388,112596.61097584655
303390,195008.01622326855
303392,163431.92226487704
303393,128142.0
303396,128366.6
303400,125829.08420320334
303417,111466.96728933771
303453,130558.77472959945
303454,94741.64295238092
303455,93873.38041327531
303457,93873.38041327531
303473,112334.99754533835
303476,153436.71046610433
303511,126231.56772911591
303573,125002.16467082548
303574,134105.1049726642
303575,124999.96428510183
303599,136389.6481061448
303628,135695.8849260117
303633,167342.9668990814
303638,233000.26493343577
303641,189980.36290893075
303642,189980.36290893075
303643,190021.71902627405
303693,326038.3333333333
303702,136389.6481061448
303707,120931.86148146767
303712,126947.75221342378
303713,129286.36919659721
303732,224481.6694047584
303734,158887.3601018871
303738,233068.69264794057
303847,136995.97464564943
303924,224480.7447846006
303980,1210099.998
303981,322553.44545454544
303984,375019.14959595946
303986,334803.2195609946
304008,342006.6917832168
304127,320849.2166666666
304139,280247.99999999994
309497,311955.59028571425
309512,85361.57488789441
309515,119567.83035506678
309517,114097.7824734334
309518,119567.83035506678
309519,179622.72392356687
309520,119567.83035506678
309521,114097.7824734334
309522,119567.83035506678
309523,119567.83035506678
309525,114097.7824734334
309526,119567.83035506678
309527,119567.83035506678
309529,114097.7824734334
309530,114097.7824734334
309531,114097.7824734334
309532,114097.7824734334
309533,119567.83035506678
309538,78298.24597701152
309539,115003.44353512881
309540,106159.72378846651
309541,104406.20574162679
309543,94927.22632638084
309545,106592.24834887331
309546,125681.15357016686
309558,118226.90479099828
309559,79232.52980075646
309560,57938.2159104559
309567,88793.96380230882
309571,59479.1862254136
309575,111387.25666666668
309584,79494.83519463488
309587,105252.84947308757
309596,83377.08094733965
309598,97925.10485541123
309599,94966.28779269212
309621,85281.57333333335
309623,113121.98888220554
309625,89968.8178534298
309627,163913.93567682628
309630,163913.93567682628
309631,163913.93567682628
309635,163913.93567682628
309636,163913.93567682628
309638,163913.93567682628
309641,165000.0
309645,128718.04154718922
309647,165000.0
309648,104903.08820099037
309666,176837.26053968252
309670,155082.5833333333
309671,132235.06902760087
309679,106009.70542458235
309680,99361.53859770924
309681,97379.43353264751
309684,90393.03691175317
309685,124496.55014506943
309688,124448.83815724048
309689,145140.76954732463
309691,142279.81521289932
309713,64171.91325119327
309716,145226.49044444444
309717,158000.17622594984
309719,109910.40499111061
309730,107095.55290962703
309734,137398.42800234476
309752,233395.663746983
309755,179333.8796984127
309756,213698.43015534716
309762,185447.48508004603
309764,159510.3714479058
309767,188154.2563748895
309770,169258.76282543197
309773,198999.79487179487
309775,141555.78101659808
309778,193939.4693230972
309793,203190.59151626145
309794,296741.9005018182
309804,368124.14385714283
309807,329316.5
309809,167255.54930211336
309821,154592.6440952991
309823,179910.2865720058
309824,188876.3396675642
309829,134300.4299972211
309831,183392.2946767022
309833,233068.69264794057
309842,221602.0149720085
309850,156255.53090767385
309857,183944.3847534092
309863,201121.8259877449
309865,359481.8008989345
309873,306682.8110225564
309874,272275.7773641632
309883,403857.44361904764
309888,230000.19418126423
309890,214951.37600553042
309897,364594.53501400567
309906,305148.0645288221
309907,539599.0047619047
311197,125986.7168911977
311200,103100.82531608923
311202,80557.51719047617
311205,131833.06597170985
311247,161668.27894736265
311249,168315.43666666668
311270,285704.2002095238
311271,76129.22234576147
311272,90422.20187847539
311277,83394.54328410447
311279,90750.38461592482
311280,85787.61190819087
311281,130337.00326118842
311284,73191.07818414802
311285,85050.47009559881
311286,77449.77407726865
311308,102546.21183682141
311309,102546.21183682141
311312,94796.44386605368
311313,102546.21183682141
311338,174588.2468729951
311339,181629.30619351985
311354,88983.384087012
311355,52206.74431390283
311356,202926.1986666667
311501,146100.0238844897
311505,136134.05029719768
311512,79973.28977966945
311521,161125.78651577097
311526,141414.83176427844
311527,111766.96761292304
311533,205000.0
311536,286624.84829682694
311539,155774.74940929987
311604,55913.62694701005
311606,130191.1388753422
311608,138737.11339728316
311614,101671.15460384173
311618,73605.72266666667
311619,90633.21700264407
311620,131825.54733333335
311621,102156.3944801866
311624,77181.67888578806
311626,83109.85391392498
311631,129719.07222222221
311632,130921.39689454988
311653,136879.08885699854
311655,90581.61542503118
311656,81487.41141650187
311664,109739.37385620916
311669,154876.21793608338
311672,148741.35146182956
311673,155999.75855378475
311676,148741.35146182956
311677,141176.8240386017
311681,118439.61327851929
311684,150929.62650202186
311685,95886.6189421396
311737,77406.88944829756
311740,129989.01699827805
311741,138378.86784126985
311743,100991.54155555555
311744,120517.68548941254
311745,148764.1407719706
311782,86131.54061219573
311783,113056.5222631643
311784,85181.21962956004
311785,153975.4451406866
311944,232444.56333333332
311950,134763.53880733796
311951,160043.95194684077
311956,237008.06168720973
311957,237008.06168720973
311968,340478.1584424242
311970,177990.51278271814
311972,171052.91680877862
311996,297276.91269583465
312000,148308.74590092734
312003,390211.25358701294
312004,252533.4456916932
312005,176088.1472560451
312012,108789.89876736308
312013,103197.9842187906
312020,241462.93567889667
312026,112460.87708731195
312027,115429.02725250294
312034,111918.05181454103
312051,199000.0
312054,234609.76010101012
312056,122166.04794302223
312057,184140.56544188087
312059,169550.50942346707
312062,145337.30214312495
312063,188473.27513748463
312067,218746.61683760685
312069,198999.07264224667
312071,112064.278
312127,179278.91807229805
312335,214972.00100553042
312337,142992.31437257986
312338,289999.46660415764
312347,199104.67619047617
312362,401008.86096688575
312366,505432.8132738853
312371,475528.66712820507
312376,475528.66712820507
312383,140964.4904191532
312396,195827.26458561546
312400,183691.63594187764
312402,294011.0437477478
312404,294011.0437477478
312419,209262.2140520374
312429,241172.85401223856
312431,241172.85401223856
312433,241172.85401223856
312550,568639.4681467965
312551,1327488.5361370656
312557,503101.2636819331
315289,102674.37737599331
315370,115597.45488661664
315371,94989.04436535732
315372,113106.020818455
315373,201412.3560952381
315375,184585.88865872295
315378,106519.81681813578
315423,75011.75575772423
315426,122288.69063616275
315429,153131.21408197176
315434,73191.07818414802
315442,79238.53303475991
315480,105625.1492067669
315481,79243.06081709368
315482,46859.16457142857
315551,109964.66583180882
315553,100445.98960683431
315554,149133.1944890578
315556,129995.52999857163
315557,99729.63394667384
315567,135028.68333333335
315569,142656.81131809918
315610,258143.17714285717
315619,276151.0688924477
315621,170810.37392744434
315624,389124.7498337767
315625,113936.34048558028
315640,118397.68664909594
315642,478422.9785225363
315651,144940.86825704502
315685,238472.54976190478
315688,248258.45088888888
315704,97044.09670839034
315801,189991.07171864586
315804,234020.14995881595
315806,300013.0392048009
315807,207938.29825577085
315815,200000.0
315818,169948.0
315821,330494.65725
315824,171526.0
315876,211418.0819277223
315906,208212.1537826516
315907,169178.64719443102
315997,503909.3750148629
315999,283979.9562490398
316001,317208.6591034781
316006,200000.0
316029,611475.8456190475
316032,408180.89841269836
316116,360000.0
316124,568639.4681467965
316129,579980.9176545298
327739,87003.11681026428
327755,113128.81772675211
327757,98904.13264126595
327766,85723.80431271953
327946,89403.22902468909
327952,146848.1115126908
327954,119067.6782822131
327955,94092.14188763603
327957,106475.21444444443
327958,125636.24147486241
327959,118798.65026035624
327966,146884.052288677
327968,106048.92482136749
327984,138299.10529966076
327987,120139.73013675478
327996,105151.71801874193
327999,105151.71801874193
328000,111667.12318768735
328001,105151.71801874193
328003,73191.07818414802
328022,74394.00275494764
328028,74394.00275494764
328069,100891.90680535334
328071,55999.237145650055
328176,68189.57606019745
328177,142503.1882352941
328182,140554.64202283608
328188,196508.96185546217
328189,145888.11802158016
328190,231390.57970810923
328195,94995.73094871794
328196,242523.89
328200,139617.08608181818
328240,97320.29278262574
328244,165495.51873016378
328245,134999.1666666667
328248,153922.29733333335
328265,94809.67627497768
328268,118507.303787737
328270,96367.66327685762
328272,133394.74672088108
328275,148741.35146182956
328554,251900.20131087548
328555,239984.69414297296
328556,184012.0387352096
328560,240000.0
328565,444248.7318333333
328571,265111.0172735761
328575,265009.69621761603
328578,380130.0583333333
328615,265196.3774853801
328616,187629.19021978023
328620,214711.49383835707
328645,137047.3510767449
328648,213598.2781204476
328663,199076.32051540617
328705,197758.2048079954
328851,236850.81129292934
328852,576906.4224652714
328858,385103.95167263405
328875,314414.0693333333
328877,601427.3249171975
328883,140497.51805347673
328885,289082.65492734464
328886,420000.0
329004,320000.0
330409,108325.56830187174
330439,86816.15092884592
330654,51585.6259047619
330655,63110.72465872547
330656,91215.4942497346
330695,137368.89740864825
330696,137368.89740864825
330699,65832.65042735038
330701,142498.4201838961
330703,76036.49652014654
330704,102863.83256316454
330706,87744.91366081132
330708,87496.94077881666
330711,101995.9304177859
330719,101140.62814407816
330720,65770.82844161906
330721,94092.14188763603
330723,71579.83347198805
330727,110849.0
330729,94313.01879007397
330730,77681.67112765563
330731,87496.94077881666
330735,78882.99373788509
330736,52267.016495327945
330741,78298.24597701152
330742,158957.23341721084
330744,91911.33292324506
330745,106401.50951431044
330751,107628.69045354647
330752,144011.7998296698
330755,110383.58133663938
330821,165073.18504418852
330823,199509.8843779193
330828,136479.67138309559
330829,111229.77477201368
330830,83433.35862669222
330831,109075.79843212327
330840,108676.42647320547
330841,107805.05057142857
330846,120622.07000000002
330847,93827.66123809523
330850,63837.454063960475
330851,63837.454063960475
330857,114782.12384126983
330859,93948.32767303403
330863,113648.21472824518
330864,181596.33517802198
330865,98362.36703933743
330866,98362.36703933743
330867,98362.36703933743
330871,63751.53602573663
330874,98131.42201587302
330875,98131.42201587302
330898,109107.82838095239
330900,78214.70470120142
330908,63859.385657142855
330911,109318.07967935162
330913,114843.40593672567
330914,72843.09956709956
330915,114843.40593672567
330916,72843.09956709956
330917,109318.07967935162
330918,72843.09956709956
330919,101421.34953941032
330922,72843.09956709956
330924,109318.07967935162
330925,114843.40593672567
330926,72843.09956709956
330928,72843.09956709956
330929,130898.69525614385
330956,83873.11448847437
330961,112886.3317015873
330962,99761.2244
331145,92200.87418694423
331151,113152.53246731982
331189,79588.51527924158
331190,79588.51527924158
331195,117969.88177373371
331238,128884.6511111111
331242,128884.6511111111
331247,87533.82440295561
331252,136588.47845473047
331253,194444.54284848485
331254,119398.39266666667
331258,135803.48816529126
331259,194444.54284848485
331260,96088.75847908705
331264,124191.00541926001
331266,121423.27280920718
331268,96088.75847908705
331272,107314.68503919248
331276,130516.67193157927
331278,141883.9559482379
331284,68815.098
331286,68815.098
331291,141987.96747104786
331295,68815.098
331297,115000.38095238096
331302,196501.73333333334
331304,142002.81938481634
331305,104601.11621520075
331306,142585.404
331368,128614.6180952381
331370,184081.95088887512
331371,161991.3836028259
331373,139683.0637060463
331374,132106.6223783299
331376,205009.0900289855
331379,136887.65657107136
331380,115930.27372625649
331398,103165.86065846053
331399,94450.75571305417
331416,104754.52757676977
331417,104754.52757676977
331418,104754.52757676977
331419,104754.52757676977
331420,104754.52757676977
331436,127792.52066666668
331437,127792.52066666668
331439,83377.1640290166
331447,94777.17875816993
331450,71210.73574603174
331451,77948.07209826836
331452,83302.21074717079
331454,85716.7478610872
331458,320224.1640178266
331459,171075.322679064
331460,166589.0090909091
331461,141420.91917775074
331463,101912.02138966863
331466,147745.4591963925
331468,191906.97320669913
331469,141420.91917775074
331473,80207.73745391957
331474,320224.1640178266
331477,106637.22335714287
331479,99428.34140680112
331485,92838.34099695453
331487,142279.81521289932
331490,105046.93902637275
331491,105046.93902637275
331544,157974.00578095237
331545,107962.93348218233
331550,124671.15999156403
331555,154380.18380631984
331556,170334.81549766028
331560,99785.22466666668
331565,109665.6
331568,129964.8920672215
331569,137865.96789987784
331609,105740.48443606628
331610,154365.90303213417
331611,125579.27127704288
331612,154609.32266666665
331617,154609.32266666665
331620,135186.66257731788
331622,128984.28087394958
331623,154609.32266666665
331626,135186.66257731788
331627,192210.13987731398
331628,154419.09333333335
331630,120285.30732616354
331714,99564.84359103395
331716,139399.56553622635
331718,110024.41901053871
331719,130422.05441955381
331722,110024.41901053871
331723,110024.41901053871
331724,108872.98008361227
331725,110189.84630837428
331727,110272.1576672402
331991,143094.8671971786
331992,169676.4780341772
331997,97329.74603713687
332018,186812.25323809523
332021,200533.1333333333
332039,147101.97888864035
332043,170038.40451415905
332044,151837.30381736511
332046,189322.8585993606
332048,169217.07819044281
332049,176237.12059245593
332053,131393.91154029997
332055,148558.15318140466
332056,184012.0387352096
332059,191622.8769341136
332060,131626.17559024922
332061,189287.78045865372
332062,148558.15318140466
332063,146550.1263262277
332072,315187.4454126266
332073,280605.04668449925
332075,214274.51183782716
332079,233055.34497200573
332080,186644.42304155615
332083,236866.78085714285
332084,213092.0230897436
332086,233055.34497200573
332087,188027.9233333333
332097,233055.34497200573
332098,190792.45730437667
332100,205760.19576790085
332101,233055.34497200573
332102,187284.76190476192
332132,440678.1693333333
332133,216828.32322098082
332134,167868.65099090568
332140,165759.02191789568
332141,167868.65099090568
332143,216828.32322098082
332144,256544.2493333333
332151,216828.32322098082
332154,266895.95436507935
332155,165759.02191789568
332166,107033.71151868129
332170,169664.33338868973
332175,332227.5654761905
332179,203585.55370114945
332183,247000.0
332184,210516.5155058275
332185,210516.5155058275
332187,160830.8570884071
332190,150989.82600403405
332191,189039.46807619045
332193,189039.46807619045
332194,192491.4814018626
332196,189039.46807619045
332200,133852.66174699357
332205,126778.05774509448
332207,133852.66174699357
332209,273686.4474166666
332224,177685.2554662237
332225,178270.9672076473
332226,239364.99787345988
332231,145331.3598768277
332235,117461.85550107187
332236,163337.2189
332237,171313.69995666173
332281,229079.26613186812
332283,243120.18736854108
332284,276291.2782051282
332285,142385.46587176237
332286,317396.39133333333
332288,120686.72575489654
332293,109971.16316797743
332298,212432.04466608737
332299,190036.223695052
332301,179871.51445888236
332302,154610.93672730343
332303,143658.11025173313
332308,229093.71816071428
332310,185838.98474089635
332315,107113.47033620322
332355,174767.57963927914
332357,280891.94761904766
332358,162211.0255238095
332359,280464.22813675215
332360,280891.94761904766
332361,183950.12854733432
332362,280891.94761904766
332363,221102.94005564394
332365,184607.41708571435
332367,167609.47124745595
332369,221102.94005564394
332371,280891.94761904766
332373,173114.39287050965
332374,269846.27425396827
332375,280891.94761904766
332376,227282.91642490844
332378,173114.39287050965
332381,221102.94005564394
332382,280891.94761904766
332421,137624.12602660534
332423,137624.12602660534
332427,137624.12602660534
332434,235766.835006435
332435,241436.5347944862
332633,246276.48516363636
332638,261607.58235503754
332639,184093.60512820512
332642,233771.25425271198
332648,171958.9448699634
332653,398694.9
332656,273975.70818612014
332660,273975.70818612014
332661,195593.0670596448
332666,352088.94286732946
332670,352088.94286732946
332671,352088.94286732946
332678,338689.5786666667
332688,374000.42903828196
332693,295708.7284735367
332695,306682.8110225564
332697,402250.02857142856
332703,374000.42903828196
332710,318265.39949783083
332727,322920.71337517124
332730,457640.0
332731,172828.61714285717
332732,135134.4190611803
332739,255899.8342931013
332742,343423.6433333333
332744,257085.14161593353
332745,330066.0
332754,208887.91381088112
332755,208887.91381088112
332756,208887.91381088112
332770,186689.1968411517
332771,305160.95859829825
332772,445097.72413333337
332774,154360.3613579192
332777,197903.37941666666
332780,154360.3613579192
332784,198939.59344551415
332786,302408.75931478303
332788,355779.20423742925
332789,355779.20423742925
332790,355779.20423742925
332799,421672.0
332801,421672.0
332806,219719.56818021982
332813,369992.5128205128
332934,292948.83003174595
332938,571450.0
332942,552380.0
332949,217268.60910110778
332951,233241.76057298356
332952,377370.2428571429
332953,377370.2428571429
332955,377370.2428571429
332956,377370.2428571429
332960,555649.0
332961,555649.0
332962,267132.83755982906
332963,267132.83755982906
332965,267132.83755982906
332966,267132.83755982906
332968,267132.83755982906
332970,260671.5193801587
332972,428575.73142857145
332975,156590.71019044315
333031,564776.1573411765
345027,520266.3500610501
345477,81321.0446010749
345479,123058.58382020201
345497,86010.86052831497
345501,90183.99439074306
345502,100795.27951169568
345803,90049.2492735604
345804,94092.14188763603
345806,83791.75351161063
345808,110964.07850030482
345812,155513.89355555552
345813,118798.65026035624
345844,74788.05203174605
345853,90235.88472057071
345856,134353.47769820815
345857,105151.71801874193
345858,105151.71801874193
345859,105151.71801874193
345861,105151.71801874193
345863,73191.07818414802
345876,74394.00275494764
345877,74394.00275494764
345880,119192.6225006937
345881,98846.87266666668
345889,89469.12464589963
345913,82865.31666666665
345914,107704.31385281387
345916,107704.31385281387
345938,55999.237145650055
346100,82286.64627742433
346120,68189.57606019745
346124,142503.1882352941
346125,121271.36624805663
346128,121242.24022655124
346129,170598.89110078098
346131,84528.38170232002
346134,152748.2203436041
346139,94995.73094871794
346140,145888.11802158016
346142,283975.66786013986
346143,113709.75971982838
346145,114888.03010072278
346149,281073.3482683982
346153,242523.89
346159,218993.26515743503
346203,183669.72817199782
346208,171914.68909523805
346228,117648.69186693121
346229,156639.5
346232,121522.74454370768
346236,103734.46804309518
346237,89320.78528550097
346238,97320.29278262574
346248,134999.1666666667
346249,192999.36091652192
346252,124448.83815724048
346253,124448.83815724048
346257,135064.38804954
346282,96367.66327685762
346285,118507.303787737
346288,133394.74672088108
346291,94809.67627497768
346298,114624.00957411052
346334,147524.977870693
346336,167458.54072137206
346683,169371.9401937475
346686,251900.20131087548
346689,240000.0
346690,184012.0387352096
346694,193134.7133303303
346700,211444.2677966961
346705,265111.0172735761
346708,265009.69621761603
346709,189318.45511111114
346711,351515.0563611111
346712,249822.188199983
346718,301381.83936271275
346720,128095.25808169882
346747,187348.5421190476
346752,171731.51740844434
346767,313578.30438596493
346769,265196.3774853801
346771,247000.0
346774,187157.57403231037
346776,148934.17151717172
346780,147563.54151717172
346781,130367.03976467151
346786,171313.69995666173
346788,153774.4714449921
346817,296033.0171246175
346827,137047.3510767449
346831,168999.7180967033
346859,254735.42101497992
346861,254735.42101497992
347092,235000.0
347105,356099.97866666666
347132,306682.8110225564
347134,336340.25
347136,509021.28171428567
347137,711527.142
347149,271200.97619047615
347150,259063.2025740025
347154,322802.2198507049
347155,340059.68212058384
347159,140497.51805347673
347164,420000.0
347166,242903.47689523813
347176,346822.34659523814
347321,339920.13088922563
347322,486287.6
347327,356775.5212910315
347329,320000.0
379660,76003.44962041467
379682,94989.04436535732
379683,106519.81681813578
379739,61038.390457416084
379746,73191.07818414802
379747,73191.07818414802
379748,165154.7947920332
379749,165154.7947920332
379893,129228.59409433452
379894,149133.1944890578
379895,100445.98960683431
379896,129995.52999857163
379897,60953.81599999999
379898,74890.60009690146
379900,125777.7667936508
379901,182508.10551447244
379904,142656.81131809918
379905,135028.68333333335
379906,236481.03603492063
379908,95717.54824194858
379909,151288.98579233148
379921,182119.41323689677
379922,115205.404669697
379936,101873.73075729494
379939,167607.51588571433
379940,100966.50879939384
379946,94322.48576640802
379947,131804.81152727274
379951,164640.5919969132
379961,58964.94899678459
379962,82032.02235926947
379967,106388.54200409459
379968,90248.23082916805
379982,126357.7725
379983,152329.05853714654
379985,125985.02376190475
380054,97044.09670839034
380071,189991.07171864586
380072,300013.0392048009
380073,234020.14995881595
380074,207938.29825577085
380077,171526.0
380078,200000.0
380079,169948.0
380080,264442.1522222222
380081,203779.1841644388
380089,301199.4984
380095,159838.7688468938
380114,177389.1733735746
380115,179893.66126286163
380116,233080.1692224409
380118,180022.89653395087
380133,184140.56544188087
380135,211418.0819277223
380142,205120.24122929815
380143,207197.6557142857
380147,169287.3888783313
380233,156493.02378343948
380234,208212.1537826516
380267,283979.9562490398
380268,369992.5128205128
380269,252506.80160985727
380286,410621.468
380293,426763.1666666667
380294,374338.662207907
380296,408180.89841269836
380298,319578.7443321424
380312,317536.9907621618
380315,266550.0847295521
380387,305383.18023779197
380392,568639.4681467965
380400,579980.9176545298
380401,311355.1306870185
381171,68969.50378610606
381179,102748.04346757483
381180,52267.016495327945
381195,102087.14667139923
381200,87520.10769230769
381211,94796.44386605368
381213,94796.44386605368
381214,108636.18716167263
381215,94796.44386605368
381216,89038.8971287258
381217,178562.28410008823
381219,109610.44300952379
381358,79092.97005152813
381391,94579.68286330016
381392,82950.14247543304
381395,100447.38418354759
381398,190738.20666666667
381440,147996.46266135524
381441,105493.4274666517
381456,154876.21793608338
381458,196212.6349258624
381460,107845.61903163373
381462,102997.18206806181
381463,126777.54856305734
381464,107845.61903163373
381465,141176.8240386017
381466,102997.18206806181
381657,214917.8358032593
381658,151089.4087236753
381664,174009.174317135
381665,189000.2346120994
381668,187490.97309308036
381669,165000.04687710124
381688,260000.24407247957
381708,219999.74193548388
381709,188473.27513748463
381712,150521.6750782312
381713,218746.61683760685
381841,217840.688203897
381843,325000.0
381851,259063.2025740025
381863,419990.2121171692
381867,188700.2521223082
381868,292073.3410032325
381869,294011.0437477478
381870,231339.97457947937
381872,294011.0437477478
381873,294011.0437477478
381881,338092.53011318116
381930,330000.0
381931,329000.0
381935,201474.37491312338
405835,84993.97185620165
405845,171471.832032409
405846,66512.7857932524
405851,94873.23522549018
405852,101961.40016189883
405854,135637.08353700556
405855,71000.16705946845
405858,117013.88281483494
405859,115051.09207792263
405860,83889.68402968184
405861,134358.80299567097
405862,142576.23161964468
405863,200170.81214012738
405865,318071.9428571429
405866,130000.0
405867,135914.54252828282
405870,138858.12398187228
405886,170164.84067202944
405887,233930.67006793208
405892,147399.15198932248
405893,240551.81733333334
405894,117994.08950980392
405919,113869.9772340275
405921,118785.34860480802
405922,89701.39814721397
405924,148589.81845010613
405926,194052.51747133757
405928,64239.96504201681
405929,85743.0080467536
405930,139929.09974034782
405936,140520.86651585586
405937,95497.50360860156
405940,94231.28594472811
405941,183731.5540287385
405945,77449.77407726865
405946,77449.77407726865
405947,195388.8990445102
405968,114742.9255226188
405973,147882.93395066154
405976,92727.44504996744
405977,98188.93742857143
405978,115414.94689421094
405979,140486.95955001193
405989,84264.10671428574
405990,91308.34174170459
405995,96520.48710822512
405996,224786.3380024252
406009,86430.0860173007
406016,139929.09974034782
406017,93571.97119005129
406178,113402.16489311059
406191,173050.16257308194
406193,124571.22669654524
406198,166416.1489371451
406201,83429.86545385905
406207,133392.21
406209,144295.42306098837
406218,210325.74648198087
406219,129532.94046592299
406231,130044.73656920165
406232,90742.19909174653
406234,210255.71861471856
406253,158959.66933333335
406255,108305.70138302275
406257,113356.72142850822
406258,97942.34946731896
406259,97942.34946731896
406271,99361.53859770924
406277,366252.96252525254
406279,171638.03052550566
406280,107601.08577777777
406285,97320.29278262574
406287,172579.283679064
406288,131301.64777834274
406290,97126.03531557882
406291,88508.98620226659
406293,162759.414730037
406296,142398.77869408365
406304,74250.95856859889
406327,53507.758095238096
406328,64099.636209523815
406330,158484.38736190478
406332,106388.54200409459
406334,84919.9837378509
406335,117853.51309458906
406337,95414.90549421746
406339,109910.40499111061
406342,102997.18206806181
406343,123478.32265732884
406346,93104.69488140124
406347,160340.80235675434
406381,133582.39745231988
406382,189076.0779047619
406383,165823.3796271431
406385,105313.2149511254
406387,98660.75257960244
406388,128173.12398378736
406389,128617.66792046049
406390,155557.92388448585
406391,135186.66257731788
406432,109012.74923932702
406552,128955.9747342045
406568,257770.05412777583
406579,140949.912407639
406584,205256.60901698912
406586,264362.1522222222
406587,206189.14035185668
406588,160756.451137273
406613,300622.7591177945
406614,274627.5425
406616,351274.57800899755
406618,173087.24157770476
406641,225178.22733333334
406644,200037.78977060935
406646,119347.67246995895
406648,133330.61129600657
406652,158332.87772383308
406659,311034.3757236881
406685,168497.22227551063
406686,205457.28241300798
406687,195203.45035932836
406718,260558.52787147576
406719,217466.417440824
406721,200182.6842424242
406928,237127.00000000006
406932,172548.64260496726
406933,198056.78830625582
406934,283000.0
406935,285283.0249861523
406936,314766.0
406937,183944.3847534092
406939,211133.09484017798
406942,229994.76783994582
406947,225355.53353412013
406948,217685.07142857142
406949,334902.50456895476
406951,829181.2464523809
406952,635236.7330543428
406953,198999.79487179487
406954,261699.32882539683
406955,250906.9946428572
406961,211697.71272993495
406964,431044.6
406968,262302.059047619
406974,506992.9565714286
406976,357714.3247614954
406977,427007.19397069595
406984,390071.57216061035
406990,188340.1290040551
406998,1048009.1241904761
407013,239443.73658823528
407030,285382.60422862787
407032,229921.3281924468
407102,442516.00063636363
407104,670990.1512380952
407145,864567.377333333
413239,121843.11171301246
413240,121843.11171301246
413241,142306.242
413242,114853.10537915753
413243,89840.41162521663
413244,72174.675454264
413245,89946.48281395643
413249,92905.21638095239
413251,115003.44353512881
413260,135263.10483699306
413263,146918.52056348746
413273,77858.22
413274,144065.138968671
413275,73191.07818414802
413283,62328.215539142526
413284,117000.0
413525,78868.5442715021
413537,108121.03128035771
413538,149426.96830972997
413540,163913.93567682628
413542,96829.42215039987
413543,112156.45666435364
413544,72279.3559026512
413547,101481.766416095
413548,130000.0
413551,195008.01622326855
413553,112215.3117224564
413557,128366.6
413561,128142.0
413563,116943.2213439866
413567,103647.00859540458
413598,115550.90277777775
413603,93873.38041327531
413604,93873.38041327531
413606,118010.19076923077
413615,112334.99754533835
413623,103317.8846048832
413626,160340.80235675434
413637,154609.32266666665
413822,146565.2949692281
413830,123490.33333333331
413833,135695.8849260117
413835,190021.71902627405
413838,223955.29471278077
413839,233000.26493343577
413846,189980.36290893075
413849,267334.88513174606
413868,196446.16756904763
413869,136389.6481061448
413871,147170.35164690614
413872,100915.48137747402
413874,257162.50892640688
413878,265997.06719745224
413882,158887.3601018871
413883,158887.3601018871
413884,158887.3601018871
413886,159667.51891533742
413890,233068.69264794057
413901,162211.0255238095
413904,221102.94005564394
414015,224480.7447846006
414022,256828.20371294432
414025,305148.0645288221
414028,300668.45588405797
414034,174059.45961729507
414036,310407.15121360426
414037,331525.3816105902
414038,261595.36420621717
414039,272826.476
414103,342051.65079756855
414116,768416.4600952382
417626,672915.0167724581
418015,97208.27140889739
418017,421759.1426278433
418019,107211.90302391788
418024,193815.0983827817
418025,241955.93904761903
418026,178420.500475485
418028,97854.74308998646
418031,156641.30428571426
418033,105745.49461002294
418034,93696.64179107922
418036,131352.79542061317
418076,218723.03433643637
418077,271495.9013921833
418079,161382.42724199043
418080,242177.51500732597
418081,353290.9291625874
418082,171154.5418937741
418084,114917.27799384619
418086,189298.6413300812
418090,182679.60775690016
418091,255585.41705627707
418146,98256.82075372226
418150,94999.28571428571
418153,82728.04262698413
418155,65836.33004962586
418157,77449.77407726865
418168,185544.66298245612
418169,73722.77137244717
418193,105395.07878324992
418233,173176.75431746844
418234,85324.10254155402
418434,121913.94149999999
418446,116277.27008095241
418450,150456.86142857143
418456,92226.56895249501
418457,125516.9562756931
418463,180561.25359307366
418470,170501.77880952376
418473,127647.38416751786
418531,209993.91311826275
418533,218117.35120242534
418536,182846.18369216617
418539,90633.21700264407
418549,70929.44682539684
418555,189434.08124102562
418556,103996.1446017699
418561,122947.56594477188
418565,91035.1264794245
418567,98767.8233319857
418573,58811.180614966026
418574,105435.4011413892
418577,74785.68034482759
418578,78591.77928225805
418600,88552.69745238093
418602,99480.53761904762
418603,91578.81517409766
418605,121252.29620317882
418606,129839.4571831385
418607,158828.26063312238
418609,143471.30920573216
418610,94249.16606354764
418611,178176.69999191185
418612,72719.85
418654,125106.09044341385
418729,88298.35034447092
418730,153975.4451406866
418732,87472.5167324721
418897,197047.23777777777
418898,223262.38958162014
418900,138765.81657084698
418901,212188.67219957747
418906,336361.2142978434
418910,215000.0
418912,215000.0
418914,160581.32140603932
418915,200010.4841091444
418917,271041.5793333333
418918,223760.99840874516
418920,176929.60154111584
418923,223955.29471278077
418928,132833.98335987914
418954,245722.04109557107
418972,425848.1021746032
418974,250574.9959967629
418975,462012.1
418976,197681.68839027954
418978,403184.648
418979,240044.9491932773
418980,239995.1518210189
418985,163417.36408095236
418990,417714.71084076434
419001,239986.50252873564
419002,168452.16689572495
419006,153209.12652357866
419008,248001.4
419009,223428.53405061289
419011,235506.76833976834
419041,173586.73650332977
419042,223559.20407609036
419072,122644.87862596664
419073,121862.4239704944
419076,222379.1637679308
419077,214711.49383835707
419251,258288.2159105634
419257,359561.2471450119
419258,359561.2471450119
419265,604872.9311666668
419270,324940.24988968275
419281,173091.80384615387
419291,232354.66457142856
419296,436987.6
419297,198346.31866666666
419298,155839.22865484408
419396,1452597.8786363634
442636,152001.20231796536
442638,88085.77118707249
442639,137342.70721478687
442646,99579.5189916337
442647,112138.07180647865
442650,171176.9413033633
442653,310799.0286147186
442669,174076.22666666668
442671,167467.35591593166
442672,84407.50876797839
442673,99457.20363463204
442674,242283.4394771895
442685,225737.45662293446
442686,299957.5330289244
442691,149056.72358659387
442702,133682.05331015962
442706,128428.6152090314
442810,93008.27357044032
442813,134211.60560625364
442826,224853.52990763
442827,154745.98081673295
443085,110199.47336842833
467469,263157.47145454545
467473,241391.02784149186
467505,279048.8154032177
467512,85324.10254155402
467514,140101.15701751583
467516,87510.008
467562,111775.83910995671
467689,101024.31731375093
467690,110129.13537251724
467695,96829.42215039987
467696,229956.0
467698,135668.6078901273
467707,230000.0
467801,219852.67576190477
467803,85597.9452677791
467806,138001.76946103896
467820,78202.35599206344
467821,109572.00859213437
467822,98819.66422033246
467875,222364.32950427348
467931,85181.21962956004
468041,308065.38953309396
468042,273962.00177291856
468044,131393.91154029997
468045,276673.1351558063
468046,153000.0
468055,183393.91453297436
468056,165000.04687710124
468058,311411.77880000003
468059,208505.83058895616
468063,256104.6624
468102,178230.0956508371
468104,300231.7726666668
468110,251865.800308815
468111,139761.29164724165
468112,187831.74242003096
468113,187831.74242003096
468115,187831.74242003096
468117,187831.74242003096
468132,174661.56069586406
468134,135167.64742844348
468222,138379.94041875962
468227,169178.64719443102
468429,297821.1205990088
468430,332014.4134199134
468431,332014.4134199134
468432,347588.5137296056
468439,353835.9160605804
468440,577143.162935014
468441,379165.5804878863
468442,380510.0
468444,225355.53353412013
468472,429102.0
468474,353677.8818853503
468482,349963.55381422787
471390,70512.86364208463
471391,78246.68003829378
471394,63930.91666666667
471416,222642.806
471423,115613.33436759868
471424,80331.59401274058
471450,105676.17685306522
474470,118660.41323204737
474491,97210.84339002824
474943,192878.26495686194
474948,156307.89309186494
474950,152451.55323155274
474954,114991.26468108747
474994,90717.56216256547
474995,87332.56392211313
475009,71260.19981277746
475013,94919.27096773636
475014,131139.18572983218
475015,55043.92722109526
475028,77619.3348912295
475030,130880.97745840371
475191,114853.10537915753
475192,72174.675454264
475193,89840.41162521663
475196,115003.44353512881
475202,73191.07818414802
475205,105281.34289800428
475207,80228.25740642355
475208,105281.34289800428
475209,117000.0
475210,105281.34289800428
475745,117079.34008675531
475782,101671.15460384173
475797,91689.49549680237
475846,81681.35618268853
475856,146893.51464314165
475858,72279.3559026512
475862,163913.93567682628
475863,112156.45666435364
475864,96829.42215039987
475865,111917.38072408964
475867,135906.61262788254
475870,110653.06865079365
475871,101523.0542485705
475873,101523.0542485705
475875,108390.58865079364
475877,116991.07826157175
475880,128142.0
475881,92241.81305992082
475888,101523.0542485705
475896,189434.08124102562
475897,117016.11837732763
475898,118010.19076923077
475912,94667.46691252638
475914,128275.60767562097
475915,134713.1005886725
475916,107111.43560317463
475920,108850.39897274136
475923,155557.92388448585
476113,183984.7622691067
476281,248225.61471637248
476332,139655.26799438437
476333,165036.46606233172
476335,156746.64743471923
476339,255928.0761952381
476341,364401.9562433121
476342,269730.4588803102
476343,189980.36290893075
476344,393235.3887333333
476346,189980.36290893075
476347,190021.71902627405
476349,233000.26493343577
476351,156061.12518286568
476356,293591.55643762904
476357,223955.29471278077
476378,133924.6089921647
476379,142092.1506050976
476381,190036.223695052
476389,204068.86361844902
476391,204434.15450806974
476739,224480.7447846006
476744,579138.111111111
476746,449143.97762651724
476753,381402.0341465201
476960,908108.2492753622
477981,90092.54632593798
477984,89946.48281395643
477986,79000.30625
477993,88922.71103908357
478001,106159.72378846651
478048,77449.77407726865
478049,77449.77407726865
478058,79810.26735955186
478060,86690.88045881293
478081,76035.44497169672
478145,90493.24585510942
478151,101998.31084656084
478169,170598.89110078098
478172,110052.53752178932
478176,103383.10325731717
478180,90336.22828292036
478183,130000.0
478190,182597.98963023679
478261,96106.2805584187
478265,122816.72513641164
478266,96106.87205105381
478269,95585.88796602962
478280,109457.76302634063
478288,102729.40069581078
478289,118507.303787737
478291,101020.26331375093
478448,196833.5819658822
478450,185632.10717460015
478460,184573.5000857095
478521,185113.67777646726
478524,117584.79526567542
478529,178716.2013770312
478531,214607.42652144763
478539,185113.67777646726
478542,158887.3601018871
478543,245895.33538977732
478544,134675.06360926758
478545,160041.96064536533
478547,129559.1787706786
478653,199025.1861837659
478683,270002.4982103611
478690,334676.3398404205
478699,182294.0346290727
490871,91898.80643765206
490875,93995.03730646367
490881,117741.76119047617
490882,119345.11950174803
490883,119067.6782822131
490884,83791.75351161063
490885,94092.14188763603
490889,92905.21638095239
490892,118798.65026035624
490920,120626.34810613647
490922,105151.71801874193
490924,440053.5
490925,105151.71801874193
490929,73191.07818414802
490937,74394.00275494764
490947,74394.00275494764
490948,119192.6225006937
490953,72692.62814141139
490961,92554.52474569486
490962,55999.237145650055
490963,84977.29918310292
491006,170598.89110078098
491007,68189.57606019745
491011,142503.1882352941
491017,94995.73094871794
491018,145888.11802158016
491020,129752.11922603287
491021,139617.08608181818
491023,128152.19968253968
491025,242523.89
491050,97320.29278262574
491056,121146.84879330319
491058,106690.0
491061,118507.303787737
491063,94809.67627497768
491066,140381.96189684587
491069,148741.35146182956
491071,96367.66327685762
491072,133394.74672088108
491073,87032.09351097216
491088,81681.35618268853
491089,127393.93840496257
491145,240000.0
491148,239984.69414297296
491153,205760.19576790085
491155,265009.69621761603
491158,160581.32140603932
491160,190792.45730437667
491181,256578.7630262363
491182,149600.47948406718
491185,273446.3254782609
491187,171313.69995666173
491191,216689.36354311637
491193,213598.2781204476
491195,139854.04883320018
491196,168999.7180967033
491216,189027.8011961068
491217,223792.20088196255
491297,235000.0
491298,538320.1404761905
491301,795494.6
491302,385103.95167263405
491307,264793.3839569788
491316,537108.75
491317,140497.51805347673
491318,307223.48086893675
491319,420000.0
491320,457164.19999999995
491361,983086.6666666666
493949,106519.81681813578
493954,94989.04436535732
493971,98656.85059740256
493993,73191.07818414802
493995,73191.07818414802
494237,129995.52999857163
494239,149133.1944890578
494243,196736.639
494244,95717.54824194858
494245,113708.01555555557
494249,135028.68333333335
494251,105008.2
494256,81889.51493882782
494336,144940.86825704502
494341,106388.54200409459
494342,155999.75855378475
494343,102997.18206806181
494393,81596.07277777066
494449,99110.22245202132
494455,97044.09670839034
494589,234020.14995881595
494590,189991.07171864586
494592,130240.62100915422
494595,300013.0392048009
494596,207938.29825577085
494601,171526.0
494604,264442.1522222222
494605,185889.25306178213
494606,189023.45322542285
494608,200000.0
494626,85827.66644261155
494669,211418.0819277223
494671,184140.56544188087
494751,208212.1537826516
494753,169178.64719443102
494897,200000.0
494901,317208.6591034781
494911,328685.0366666666
494917,408180.89841269836
495052,360000.0
495057,568639.4681467965
495059,579980.9176545298
515660,85097.39604106445
515661,127613.54033333334
515662,171574.66123930845
515667,139168.91215172186
515690,170678.7263391778
515696,104612.39980775911
515713,274866.5976467976
515718,128927.45176666667
515757,219693.20745726497
515857,553086.2602748128
516158,115437.72016666667
516159,115437.72016666667
516160,111671.27550324675
516161,108052.93636904762
516162,130551.84060238095
516163,56000.81290322581
516164,52267.016495327945
516170,94092.14188763603
516171,96549.31011768273
516177,107678.3206766917
516187,116371.5015
516188,74686.00243809524
516189,112790.34898261183
516190,130315.66025714284
516194,66790.03277639751
516195,85324.10254155402
516196,76490.49034486401
516199,87510.008
516201,79000.30625
516202,344279.8272455321
516267,96829.42215039987
516270,124228.55669139192
516271,119938.32195081138
516272,114504.59326041749
516277,229956.0
516285,141987.96747104786
516286,230000.0
516289,105971.12736138441
516290,115000.38095238096
516297,215814.10603708512
516298,129608.22818315018
516308,196501.73333333334
516312,150302.34736421588
516313,142002.81938481634
516320,152195.78082946132
516321,77770.76147755752
516335,85597.9452677791
516344,89870.17154711955
516345,142279.81521289932
516352,98819.66422033246
516355,129964.8920672215
516356,109572.00859213437
516358,78202.35599206344
516364,97915.99114813968
516365,109881.90827342494
516366,117945.3100068516
516371,89862.04353479852
516372,95190.48529228591
516373,110272.1576672402
516405,192491.4814018626
516407,169676.4780341772
516426,138503.56388355937
516427,146550.1263262277
516428,153000.0
516429,212188.67219957747
516430,131393.91154029997
516431,131393.91154029997
516434,169217.07819044281
516436,184012.0387352096
516442,264442.1522222222
516444,183393.91453297436
516456,208505.83058895616
516457,325979.7899078046
516458,208505.83058895616
516469,271638.59986703994
516471,139761.29164724165
516472,192491.4814018626
516473,167418.85341300812
516474,228781.01376866898
516477,188008.90778309407
516478,156891.22835889316
516481,156266.34566239922
516484,135167.64742844348
516486,114973.6573312502
516491,154610.93672730343
516492,174661.56069586406
516493,109971.16316797743
516496,190036.223695052
516502,236543.61342857147
516506,208212.1537826516
516507,138379.94041875962
516508,143749.661931936
516509,235766.835006435
516564,261607.58235503754
516572,195593.0670596448
516573,265471.01689820434
516576,379165.5804878863
516581,225355.53353412013
516588,417073.7824099483
516589,498681.492976827
516590,361466.1421322427
516592,426894.3054603174
516597,263379.5
516598,667598.0
516600,293059.16410251736
516601,391507.56663552724
516602,444831.004
516603,442278.8817460318
516607,198939.59344551415
516609,349963.55381422787
516610,378865.6660621117
516611,266924.38090726815
516615,369992.5128205128
516659,1020619.3809523811
516660,1155964.148
524743,596027.8115643312
524744,759644.9746666667
524748,152629.91657287156
524749,181990.35866666667
524751,260037.52666666667
524756,89946.48281395643
524757,124531.60958310794
524758,124973.0
524759,68780.48932863849
524760,89946.48281395643
524761,90906.61454677129
524762,124531.60958310794
524766,89991.0788968871
524767,215771.10929621852
524781,183141.22769105196
524782,188965.4344241293
524785,67187.82820512819
524786,145043.09561072334
524787,113592.68663246339
524847,91879.75539092092
524851,132367.50776079262
524852,103170.13903068447
524853,101232.38203391609
524858,406399.67598159943
524872,193110.74666666667
524874,181997.19419752716
524878,100063.67858466707
524879,102546.21183682141
524880,106575.80450067634
524882,127279.93122105149
524883,350355.87903787877
524884,196583.35266171308
524889,136919.45047252747
524891,177351.2728014876
524893,203372.92405729633
524894,148492.43079363194
524895,243036.1591992527
524896,101441.97720788099
524898,206492.23046371728
524900,78783.90321261753
524901,265675.70750092017
524904,128107.72640360819
524910,112078.96698985243
524912,197876.37057777776
525089,101998.31084656084
525092,98639.99533333333
525099,135851.66317460316
525100,117150.93597352761
525101,116171.16183383203
525102,135851.66317460316
525104,118313.8653971528
525109,149139.8664920147
525113,101481.766416095
525117,128366.6
525121,187700.31666666665
525123,128366.6
525124,145888.11802158016
525125,177153.2426969684
525126,122627.9392267732
525127,126508.9756182934
525158,49521.066666666666
525164,163452.99200915755
525170,57785.906098901105
525172,126933.47340074695
525175,94446.01034764205
525177,112649.48284961656
525178,93754.71880274637
525179,142639.3864598676
525181,103135.87035869657
525182,91170.31746266942
525197,118507.303787737
525198,79083.5775659364
525201,84140.52034462456
525219,155557.92388448585
525380,357521.30466666666
525383,196833.5819658822
525384,185624.48508004603
525390,211658.9216254493
525394,279997.50616924383
525413,367664.0439047619
525421,225178.22733333334
525423,340505.3333333334
525424,244683.76528051423
525427,181975.47007752265
525433,234933.95809523808
525443,263780.4676190476
525455,117507.18364090413
525479,137563.73901628953
525655,508989.74733333336
525656,449362.90414502705
525658,257293.40369083238
525667,320301.6875
525673,825000.0
525680,230619.27535333176
525682,498666.79761904763
525685,253829.09059523809
525688,666594.0
525689,235260.92308836652
525690,167760.4910741417
525691,386344.7122052838
525696,364755.70048629533
525697,240545.33702575276
525698,220690.30790777196
525700,184017.23554183939
525711,136844.20018547526
539753,96983.67250730589
539777,111993.85047289266
539778,108325.56830187174
539779,132214.16230169797
539953,88872.38485714287
539954,96739.5286977821
539955,136549.13293469802
539956,136319.132934698
539957,136549.13293469802
539961,136549.13293469802
539962,136549.13293469802
539963,80359.79553333334
539964,80359.79553333334
539965,113365.5624092613
539966,113365.5624092613
539967,113365.5624092613
539968,113365.5624092613
539969,113365.5624092613
539971,151608.84921054982
539972,151608.84921054982
539973,151608.84921054982
539974,151608.84921054982
540081,120548.31967682525
540090,63953.78273369564
540110,125586.49410729745
540254,288992.0654360778
541463,103769.63913462668
541599,144957.11193664046
541853,109275.08325872007
541877,118669.82853060271
541878,118669.82853060271
541879,118669.82853060271
541880,118669.82853060271
541885,174163.6118857143
541886,174163.6118857143
542909,186853.62672257292
543093,313521.6
543710,235645.72971598335
544210,190341.25989455776
544215,231735.09647179488
544327,500522.69762641896
558074,101201.58928484515
558075,107940.23347186147
558077,73273.76452672583
558083,73273.76452672583
558085,120509.94149999999
558086,118467.97476363633
558087,120509.94149999999
558090,143369.26089568017
558091,104451.93310323257
558093,111823.02492956778
558094,136925.98953333337
558095,176449.1935843601
558098,125251.27668451551
558099,104451.93310323257
558100,158296.49970457994
558101,113583.43154264068
558103,106519.81681813578
558104,266029.498
558105,109553.3640745838
558106,106907.22274015158
558108,101079.68646482135
558110,184540.61066884134
558111,116510.18844056128
558112,155638.17964102564
558113,136147.3390318471
558114,113780.31689841273
558115,373263.22306414566
558118,109225.43085158728
558119,113583.43154264068
558121,153745.05564102562
558127,114471.61365818627
558129,98087.79913308915
558130,114471.61365818627
558131,106788.29038128538
558134,114471.61365818627
558136,106788.29038128538
558137,106788.29038128538
558140,108678.76048837433
558148,184103.68509918838
558152,85059.51087692572
558153,184032.1517658551
558156,127340.25837368327
558157,127340.25837368327
558158,186086.4090991884
558159,127340.25837368327
558161,186086.4090991884
558165,99060.28275583866
558166,116342.2182222222
558167,133299.8414595238
558168,161468.30737575938
558172,159297.9610900451
558173,105349.4543187622
558174,99060.28275583866
558175,217536.33961904762
558177,114889.7572478764
558178,147973.8514540786
558179,129209.8986848804
558180,107126.17067440308
558182,82062.18334779523
558183,151706.20589558603
558184,100476.61853124217
558185,105420.03590435097
558187,100051.69053550174
558188,122629.66048686372
558190,129209.8986848804
558191,82062.18334779523
558194,97160.00161004954
558195,145929.6297626742
558197,70698.46076864339
558199,119860.92599907109
558200,102467.22613313401
558201,122177.24413236116
558202,110434.60915381035
558203,83991.41111372593
558204,132131.704991342
558206,60266.13332034809
558212,71359.2064059916
558213,69776.64687986576
558216,73191.07818414802
558217,73191.07818414802
558219,73191.07818414802
558221,80704.37960524994
558223,73191.07818414802
558225,73191.07818414802
558229,76392.35642203662
558237,151472.37259832176
558238,129424.97562110615
558244,185368.78308998092
558245,147317.1691818182
558246,119916.52288095238
558258,107833.96524418412
558260,115808.93120476189
558261,154746.86561688886
558315,150606.24552926136
558319,98693.51226317202
558324,204915.59629186644
558326,204915.59629186644
558327,254019.26268772277
558328,204915.59629186644
558329,204915.59629186644
558332,178853.21253738416
558334,141883.9559482379
558336,124347.17902767754
558341,210179.72
558342,128046.0
558345,200225.36
558351,157622.35711598123
558361,222676.97069013547
558362,250567.23194156305
558363,194704.8919047619
558366,89320.78528550097
558367,184518.34118063853
558368,208767.48545975576
558369,194985.07755907974
558370,186585.3679152939
558371,182791.6555354331
558372,200936.95431862745
558373,211447.40361827865
558375,163960.12947551184
558376,145821.4017554628
558377,187655.60447769266
558379,208259.7320678792
558380,187655.60447769266
558381,201684.1449884541
558382,190686.0548889086
558383,205950.70477953594
558384,158251.57508333345
558389,149852.1330917349
558390,149852.1330917349
558391,134161.19427058863
558392,123118.80531353103
558393,149852.1330917349
558395,193577.98502215688
558396,149852.1330917349
558404,255900.4754634921
558405,190722.19044151236
558412,155587.78078032463
558413,102997.18206806181
558415,157632.04965385963
558417,182570.2044237531
558419,134552.18245153062
558420,182570.2044237531
558423,158000.17150471976
558482,109664.20146578492
558487,94757.62460206372
558575,150728.67271996255
558579,287150.49549761903
558580,258634.99052471947
558582,264968.4228922577
558586,149810.45072490667
558587,445171.60919629637
558588,254614.6566166593
558589,288186.01763827994
558590,373475.1203809524
558592,254614.6566166593
558596,288186.01763827994
558598,254614.6566166593
558599,213642.14754166667
558600,254614.6566166593
558601,184980.1777777778
558602,254614.6566166593
558612,306477.7586151391
558616,551496.0
558618,190725.10724067694
558619,293818.046511509
558621,209242.70488763895
558623,236526.91789000967
558624,255562.7377388246
558626,255562.7377388246
558627,369871.9341901555
558628,267138.5937649507
558642,341026.4666666666
558643,341026.4666666666
558645,341026.4666666666
558646,341026.4666666666
558744,374992.836996337
558745,185476.7680414053
558746,229962.8360381705
558749,322975.5020714286
558752,306682.8110225564
558757,361400.3251236803
558758,250006.83491424756
558759,250006.83491424756
558767,228935.82584082586
558769,272732.2985485303
558771,374992.836996337
558811,375011.05550676613
558813,374951.05550676613
568428,206071.7594352314
568488,110169.79834188656
568493,106075.68696536125
568513,125721.79721386799
568514,101858.95858793893
568678,339215.532
568737,163619.7164173607
569283,105841.43473889546
569291,116791.53799628334
569296,443504.8905185185
569297,225546.37489127083
569577,153596.8657155481
569590,61650.35152380953
569721,94229.5724581352
569782,166643.7925168013
569784,77170.63715876771
570328,73865.7346343199
570329,81609.71261186956
570331,71000.16705946845
570337,142576.23161964468
570339,142576.23161964468
570340,122483.44412431003
570343,102087.14667139923
570345,151085.7526435469
570347,128245.50334811166
570349,106502.7729122104
570350,151085.7526435469
570351,151149.23306998817
570354,126893.39841269841
570356,137729.5971892224
570358,156969.00074140102
570359,148558.64739393938
570360,151085.7526435469
570361,148558.64739393938
570362,151149.23306998817
570363,151149.23306998817
570364,151149.23306998817
570365,82996.2971581241
570366,82996.2971581241
570368,82996.2971581241
570370,77449.77407726865
570373,156698.98255958286
570374,156698.98255958286
570375,151091.73306998817
570376,151091.73306998817
570377,151091.73306998817
570378,156698.98255958286
570380,137993.52539212097
570382,151091.73306998817
570404,114523.90111111113
570406,166574.447401851
570408,89253.24070657078
570414,98003.37731749186
570415,122000.08126635046
570417,130044.73656920165
570419,90742.19909174653
570427,123855.14630374867
570429,97942.34946731896
570437,100763.87818553681
570439,100763.87818553681
570440,100763.87818553681
570450,195006.61971878743
570458,129456.1276256981
570459,106388.54200409459
570461,117853.51309458906
570462,100272.1694832376
570464,158828.26063312238
570466,106388.54200409459
570468,123478.32265732884
570473,129839.12988563647
570497,140949.912407639
570500,199483.7443200402
570504,264362.1522222222
570506,206189.14035185668
570507,205256.60901698912
570509,160756.451137273
570519,158332.87772383308
570520,226996.18374885022
570523,264346.58761904767
570528,168497.22227551063
570537,204552.7775025641
570538,180279.33206990254
570555,172548.64260496726
570556,224480.7447846006
570557,283000.0
570561,183944.3847534092
570562,198056.78830625582
570563,285283.0249861523
570569,198999.79487179487
570573,521799.86741337273
570578,304516.076
570585,229921.3281924468
570586,285382.60422862787
570594,442516.00063636363
570596,464745.85
570598,427897.4039089389
593356,129178.6780413872
593382,95474.96553033442
593448,411230.33333333326
593531,354531.62371963856
593551,145967.0575508103
593561,203178.89050634985
593615,1626184.222
594359,85240.00401837927
594365,119201.91595706827
594367,176738.67841343855
594402,133451.69914466646
594574,126567.71168571427
594609,286181.1585334086
594610,256328.35173685936
594613,284096.87160317454
594628,75331.55668578221
594631,118268.29333075165
595047,347736.57252380956
595289,140586.310815313
595420,50198.61433333334
595423,103100.82531608923
595425,89946.48281395643
595442,106159.72378846651
595448,76129.22234576147
595450,106601.58531188457
595451,93948.32767303403
595452,83730.19240768821
595453,73191.07818414802
595455,77449.77407726865
595456,77449.77407726865
595458,77449.77407726865
595461,94796.44386605368
595462,94796.44386605368
595465,102546.21183682141
595466,91888.19377954701
595468,94796.44386605368
595470,102546.21183682141
595471,94796.44386605368
595475,102546.21183682141
595477,55716.7213569582
595478,95000.0
595482,76035.44497169672
595488,52206.74431390283
595523,90493.24585510942
595535,90317.73743637731
595537,79973.28977966945
595540,116713.33879917108
595541,109991.63553740713
595542,136134.05029719768
595543,170598.89110078098
595546,89435.2520178625
595547,107037.85925353835
595548,103383.10325731717
595549,101481.766416095
595552,135815.2990111111
595557,95007.27831706783
595560,168722.2642857143
595565,161125.78651577097
595582,182597.98963023679
595591,168985.65514699518
595598,96106.2805584187
595600,104755.00982648434
595620,104819.43257637994
595626,148741.35146182956
595628,154876.21793608338
595633,101020.26331375093
595635,118507.303787737
595636,150929.62650202186
595638,102729.40069581078
595641,108866.46408076095
595643,148741.35146182956
595644,148741.35146182956
595647,107845.61903163373
595648,112950.25675049263
595658,85181.21962956004
595660,113056.5222631643
595685,139914.24142575386
595688,196833.5819658822
595689,185632.10717460015
595695,184573.5000857095
595696,177990.51278271814
595697,239553.68
595698,183963.07242757228
595700,249839.0
595703,288186.01763827994
595706,184573.5000857095
595714,185113.67777646726
595718,177507.05389638437
595725,199000.0
595732,129559.1787706786
595734,169550.50942346707
595736,218746.61683760685
595737,145337.30214312495
595739,134675.06360926758
595740,160041.96064536533
595741,184140.56544188087
595742,245895.33538977732
595796,269294.741667851
595797,142992.31437257986
595799,289999.46660415764
595801,214972.00100553042
595802,199025.1861837659
595829,188700.2521223082
595830,294011.0437477478
595831,195827.26458561546
595832,294011.0437477478
595838,334676.3398404205
595840,292073.3410032325
595841,183691.63594187764
595864,568639.4681467965
595866,285688.1921666666
595867,281867.2372729384
595871,276793.5044124539
595872,275838.0407835498
595873,279342.98055687
695664,47605.70433333333
695713,108045.51148986032
695740,84314.0411811777
695980,138667.2000952869
695982,205799.60793952827
695988,51798.36268845921
695990,241859.14621356424
695991,417250.0571428572
695992,283506.5484708896
695997,74750.77743106373
696003,146509.90300633057
696004,139496.26212027416
696286,109904.30444444445
696293,120952.99481074487
696305,109951.8094226035
696307,85324.10254155402
696308,87510.008
696311,344279.8272455321
696315,107517.41405970183
696350,117026.68296195565
696869,101024.31731375093
696873,129183.858568254
696877,229956.0
696878,105000.0
696884,105971.12736138441
696886,135668.6078901273
696899,222554.89953175368
696907,103331.84879785067
696915,105000.0
696916,75027.22875912976
696919,85597.9452677791
696920,120002.61525064126
696924,78202.35599206344
696929,98819.66422033246
696939,129989.01699827805
696940,125002.16467082548
696942,124999.96428510183
696943,85181.21962956004
697271,131393.91154029997
697273,153000.0
697274,138503.56388355937
697275,286373.7906150256
697280,208049.5808057608
697281,183393.91453297436
697283,208505.83058895616
697286,208505.83058895616
697287,165000.04687710124
697296,192970.6204672503
697297,264903.7024687088
697303,139761.29164724165
697305,228781.01376866898
697309,114973.6573312502
697311,134995.26557575757
697319,138379.94041875962
697320,169178.64719443102
697552,509593.61677777773
697710,341985.75886855024
697712,225355.53353412013
697715,285850.23581013293
697717,380510.0
697723,306682.8110225564
697726,276558.672
697729,445014.1744561404
697732,349963.55381422787
697874,1479925.313555725
698220,124166.25639107954
698327,240450.86709523806
698446,598843.6569673202
700159,233504.0
700179,233757.51428571428
700194,406533.11980952375
700545,117231.71788322278
700552,120462.05880189253
700625,63477.35045569234
700675,87816.60771718461
700716,160645.29181293183
700901,240082.2634170966
741348,499705.29649189813
742385,97854.74308998646
742389,131639.16561904762
742393,150048.45781440783
742423,146283.53900666625
742425,537610.5587380953
742446,182837.30333931043
742449,514072.8380952381
742450,182837.30333931043
742458,94999.28571428571
742464,50866.69355214464
742467,77449.77407726865
742468,77449.77407726865
742531,104389.26840418897
742533,104389.26840418897
742571,106018.23304596468
742573,130638.96308620334
742929,158024.79790892545
742930,151387.36666666667
742939,96574.68638352712
742964,122510.49999289097
742971,120551.18188888891
742973,56647.920728715726
742974,168722.2642857143
743033,168985.65514699518
743034,131690.82278785369
743038,176736.4584047619
743063,171525.64323876394
743065,171525.64323876394
743070,151162.14259379767
743073,119050.00233333334
743076,74662.1847836656
743084,78560.5940116175
743086,159991.95397121352
743088,98767.8233319857
743089,98797.70744400776
743094,74785.68034482759
743100,99956.13713015874
743113,114889.43099906629
743117,242595.60499206348
743119,94831.02592888847
743135,157351.48544785532
743136,157218.98544785532
743139,123168.10914118885
743140,123168.10914118885
743190,66022.54715279653
743192,145914.57948484848
743194,152408.902
743369,99875.90307692309
743690,200990.00048535553
743695,175204.20429437232
743699,223262.38958162014
743701,132833.98335987914
743705,160581.32140603932
743711,215000.0
743712,223955.29471278077
743717,215000.0
743760,244873.29088011693
743761,245660.0451871111
743762,132355.74423120506
743772,165384.118960018
743779,262844.13561038964
743782,113170.07996011004
743795,245882.82105555554
743796,239986.50252873564
743801,264919.3396213423
743802,153209.12652357866
743804,264919.3396213423
743805,235506.76833976834
743806,223428.53405061289
743808,137769.56502643658
743810,248001.4
743814,178963.77953220095
743817,246428.89400000003
743842,294526.76250897435
743994,222379.1637679308
744663,325209.7434670232
744679,240768.4905542389
744680,309225.21037542884
744694,324940.24988968275
744695,681394.1497636364
744736,156010.0769571397
744752,155839.22865484408
899301,108482.63346631902
899306,130022.24348571428
899324,94092.14188763603
899326,185990.16898333334
899337,51611.26533333333
899339,105107.81613788521
899340,99700.31334506553
899343,91440.48056338298
899352,146241.38089280803
899354,119938.32195081138
899355,136588.47845473047
899359,257362.42415831925
899360,141883.9559482379
899368,141987.96747104786
899370,150302.34736421588
899372,205091.85378728487
899373,155341.78377724893
899374,95999.88645938376
899375,201496.3723333333
899376,67614.70161003286
899377,66754.40107283021
899378,142297.94951241795
899379,124448.83815724048
899381,142279.81521289932
899382,142279.81521289932
899388,129964.8920672215
899391,165906.5250881064
899392,110272.1576672402
899399,169676.4780341772
899400,192491.4814018626
899401,139761.29164724165
899404,189287.78045865372
899405,191622.8769341136
899406,159400.6570989198
899408,169217.07819044281
899409,184012.0387352096
899413,340040.9898444444
899414,518744.1666666666
899417,192491.4814018626
899419,191887.3496828735
899421,187831.74242003096
899425,143658.11025173313
899426,109971.16316797743
899427,158867.03964410044
899428,122534.15250692844
899430,190036.223695052
899431,167951.7454822663
899432,154610.93672730343
899433,179871.51445888236
899437,235766.835006435
899438,143749.661931936
899451,261607.58235503754
899461,486867.628
899463,363461.1689098511
899465,376445.2
899467,289146.5096197113
899468,155204.2473512507
899469,236665.5510214477
899472,198939.59344551415
899474,369992.5128205128
899475,449397.34368511644
899480,388298.1333333333
899481,469372.49411764706
955997,80918.24449048274
955998,166978.01604669902
955999,149182.88544444446
956000,90821.4505906442
956005,180760.0896618138
956006,204240.90000000002
956007,186449.07022226317
956010,125756.96525828497
956013,198886.75613152087
956017,167616.82066033332
956024,99887.21950318471
956025,103829.65198513799
956034,86758.88387273627
956037,381843.0
956043,194157.23132984532
956052,108818.66032561247
956053,271409.4749283868
956055,91210.02797619048
956057,194157.23132984532
956058,114120.64672519914
956069,84567.47930032814
956070,97293.62356284152
956072,98108.24356284153
956073,98108.24356284153
956074,98108.24356284153
956075,97293.62356284152
956076,97293.62356284152
956080,97293.62356284152
956081,97293.62356284152
956082,84567.47930032814
956083,97293.62356284152
956084,84567.47930032814
956085,97293.62356284152
956086,98108.24356284153
956087,98108.24356284153
956088,84567.47930032814
956089,84567.47930032814
956090,84567.47930032814
956091,98108.24356284153
956092,98108.24356284153
956093,98108.24356284153
956095,84567.47930032814
956096,98108.24356284153
956097,97293.62356284152
956098,98108.24356284153
956100,97293.62356284152
956101,97293.62356284152
956102,84567.47930032814
956104,84567.47930032814
956105,98108.24356284153
956106,97293.62356284152
956107,97293.62356284152
956109,84567.47930032814
956110,97293.62356284152
956111,97293.62356284152
956112,98108.24356284153
956113,84567.47930032814
956127,96414.2515828884
956136,139092.5649047619
956137,116871.0
956139,136549.13293469802
956140,363914.43831710506
956147,176066.02905641493
956148,57381.18108058609
956150,74967.41783195661
956154,131097.86674586977
956155,131063.01607142857
956156,90927.20434244415
956165,159240.7321861848
956171,177213.49180091947
956174,140404.93873385436
956175,164821.18983014862
956176,92304.52519826157
956177,146591.16537803755
956178,177549.39819330917
956179,151850.29218713316
956180,121233.24666666667
956182,121233.24666666667
956183,122972.98437402597
956184,121233.24666666667
956187,111668.35087301586
956199,67823.80747585748
956200,78867.11000000002
956203,118515.82852735234
956206,211414.01799999998
956207,197102.19040717735
956215,172371.33614139762
956216,363603.02739999996
956219,103908.83423952195
956260,200692.16261604492
956263,102616.548
956265,107071.50246892904
956278,132994.08897335248
956282,156997.29715698614
956284,140735.59515054538
956286,123785.34002074783
956287,110506.94024156284
956296,143666.93336618954
956299,89296.94100217489
956300,79587.60543939845
956301,205556.06753576428
956302,219046.86345805248
956303,93123.78237559932
956304,106133.49201506632
956305,114373.59279010567
956306,237019.77691246002
956308,130609.8003858534
956314,93424.59743492943
956448,89402.3495011304
956593,99501.14163109934
956658,116330.18469454242
956809,139718.2723832535
956858,178286.06275715894
956897,184326.44179892537
956898,199989.26906959215
956901,200406.11904760785
957097,293763.1087628161
957206,397763.49841269845
957298,112806.88342467403
957343,167621.2967473541
957367,175003.0179105053
957390,85777.4459330029
957447,72001.62715018315
957458,232346.97808300154
957494,220280.03351283184
957534,286777.7651866298
957542,250657.58935714286
957549,276866.2078111386
957560,93898.27552789763
957577,120860.25831041191
957604,326969.139588061
957607,398395.87780952384
957925,123317.53595957329
958055,93428.3852177993
958085,101742.30709236127
958089,163509.79756445257
958108,242870.72451315352
958114,231684.04652014648
958138,649694.0380006066
958139,231855.14327076022
958215,107425.28593205672
958216,106026.42977168412
960013,67534.65227055804
960014,118000.0
960015,118000.0
960016,119067.6782822131
960018,118798.65026035624
960019,65001.44769234678
960022,117999.62790697675
960023,102170.15151233794
960024,129679.47872226808
960025,112564.9726217406
960030,108802.36018504303
960031,123164.41397749836
960032,108802.36018504303
960033,123164.41397749836
960035,73191.07818414802
960036,73191.07818414802
960037,73191.07818414802
960038,73191.07818414802
960039,77449.77407726865
960040,77449.77407726865
960041,77449.77407726865
960042,77449.77407726865
960046,79810.26735955186
960048,82028.3535472364
960049,119192.6225006937
960050,118000.0
960052,86786.99406029982
960053,93108.40951934048
960066,120688.25714285715
960069,159999.4802769779
960071,148841.350672751
960077,190000.23039215687
960078,111599.07516478696
960080,147998.3409230769
960092,113854.73333333334
960093,140381.6432388889
960095,97621.92343333332
960096,136330.4796190476
960101,119281.68980429505
960102,121522.74454370768
960103,121522.74454370768
960105,93814.8646788057
960109,71051.35441666665
960115,112434.29206439784
960117,189919.51457628363
960120,118961.82362047899
960122,115942.68819102622
960150,187306.269469566
960151,189991.07171864586
960152,131393.91154029997
960154,204965.2551558816
960155,187306.269469566
960157,187306.269469566
960159,220000.0
960161,184994.97589343568
960166,265009.69621761603
960172,198641.8781511475
960177,257739.97950476193
960180,130367.03976467151
960182,167273.8704943863
960185,169936.32096262006
960186,220001.2
960187,204966.52788315434
960188,195075.001
960189,140066.8758658137
960198,250122.04300077734
960199,250122.04300077734
960212,259918.92160995936
960213,273005.1804976958
960214,260998.3978807132
960215,259918.92160995936
960216,341985.75886855024
960217,259918.92160995936
960218,260998.3978807132
960220,320301.6875
960226,825000.0
960227,200648.1677715016
960229,248850.67448517345
1068,476740.907139406
1069,790000.0
1073,212061.22133333332
1082,386789.5991098398
1091,260648.459
1363,114334.75836214742
1535,217941.0999047619
11023,362456.78475361306
13114,680000.1226861029
13121,980000.0
13122,476740.907139406
13123,980520.0
13129,549886.1960784313
13135,475121.9245008701
13136,600000.0
13859,244145.46666666665
14120,341157.4813333333
17962,356730.7637085088
18023,168018.7952380952
18026,272980.3062182152
18031,132195.30142857146
18033,420178.2356628651
18055,173432.63428571427
18056,192477.26733333332
18641,176637.02400000003
18952,790116.5072440443
24270,502707.1890476191
24300,242304.6
24962,236959.56466666667
29513,790116.5072440443
30487,474404.0395056794
30496,650000.1292665801
30986,332919.2666666666
32487,394422.8
32497,579563.6151058824
34223,680000.1226861029
34228,980520.0
34229,476740.907139406
34241,600000.0
34447,199801.73333333334
34556,118328.47866666668
34560,295403.7651994567
35408,680000.1226861029
36283,476740.907139406
36297,549886.1960784313
36313,475121.9245008701
36503,600000.0
36593,980000.0
36594,980520.0
43990,117802.712
44484,185152.74876190475
44522,177265.83666666664
44541,179747.48571428572
44795,254075.3119047619
44810,259898.19403743383
44921,354606.4269086995
44941,343578.8666666667
48130,314919.8358888889
48906,790116.5072440443
61506,474404.0395056794
61520,475121.9245008701
61635,521425.5570401375
63611,784375.3684075522
63615,2726838.7472627624
63616,249772.7
63654,368343.1265714286
64454,329288.3333333333
64458,167738.8646666667
64687,476740.907139406
64693,358813.5654285715
64694,217375.2
64707,475059.004
64711,142363.8
64714,178468.73133333333
64864,133473.598
76712,173163.0
107512,351718.5684833582
107617,460000.0624511557
107648,520160.0
121692,176880.65333333335
121693,180630.78031746033
123342,351718.5684833582
123378,460000.0624511557
123380,520160.0
126492,680000.1226861029
126525,980000.0
126530,980520.0
126531,476740.907139406
126602,549886.1960784313
126708,475121.9245008701
127160,135995.7666666667
127755,386892.08657387056
133612,1484695.826183482
144042,309731.12
144080,100968.16448407642
144429,268566.1573333334
170404,236335.06666666668
172269,261365.17554289877
173866,134348.0
173868,88549.24666666667
174902,119213.0304761905
177586,97473.23248407643
179914,221131.93333333335
179924,585524.4285714285
179963,650000.1292665801
179977,285718.4333333333
181779,1633512.701194709
187943,178115.06222222222
189578,538093.7673696725
189587,580000.0569548167
189588,1200000.1014152244
189589,580000.1890753104
191430,123365.27142857145
191965,87162.13333333333
191966,81938.11558441559
191967,75363.4165811966
192661,476740.907139406
195919,160666.17833333332
196103,175910.03706943136
196105,175910.03706943136
196106,175910.03706943136
199867,205618.4857142857
199881,166924.9611984127
201115,392708.30677655677
201277,301081.8256410257
201303,512550.0
201766,113702.57823930847
202123,147371.95333333337
202124,125271.22904761904
202125,114412.18309978768
202129,164404.2666666667
202354,276875.6666666666
202355,241422.47333333336
202358,206067.6
213982,368772.7333333334
215836,460000.0624511557
215846,520160.0
215857,351718.5684833582
226279,409864.05677655677
226280,914070.3833
226291,771122.0685333263
226292,519418.9867909859
226309,435000.0
226325,531395.8053538143
227218,137385.25
227616,183529.4385
227714,190441.25333333336
227730,279379.19388005056
227985,292907.8854738829
231004,435000.0
231095,400000.0
232092,525090.960820043
232097,162357.63333333333
232099,208713.42733333333
232101,315499.16340740747
232102,196238.269756076
232103,140330.4372454213
232417,207474.6308941059
232525,474404.0395056794
232527,475121.9245008701
232529,169849.53333333335
232575,521425.5570401375
233259,865532.0
233270,141748.9135064935
234636,790116.5072440443
237179,474404.0395056794
237225,475121.9245008701
237228,521425.5570401375
237651,342570.2765
237944,406915.98807252
238337,234465.24689730635
238366,199368.8
238758,419389.8
238767,290111.2
238986,442626.43791208795
239068,418556.52380952385
239080,237744.15236528177
255774,1484695.826183482
259949,520160.0
259961,351718.5684833582
259962,246037.200372093
259975,456597.3011428571
261283,387692.40708658006
261349,270449.77802197804
261464,289526.23333333334
261552,559975.9242175175
261555,338496.4
261577,260209.35997435896
271287,195081.796
271289,195081.796
283783,354956.07255555555
283802,729557.1399748098
285000,435000.0
285036,400000.0
286226,199204.3
286298,474404.0395056794
292949,538093.7673696725
292957,110257.2
292994,228083.12800000003
293001,197420.98904761905
294088,360978.02857142856
294239,580000.0569548167
294242,580000.1890753104
294302,1200000.1014152244
300375,220881.86571428573
310846,1454432.904701041
310857,190047.1238095238
310861,111151.2
312221,474404.0395056794
312242,261013.89523809523
312286,475121.9245008701
312525,386454.6938466819
314881,476740.907139406
315338,99923.28892307692
315772,154643.28761904765
316101,531519.4686666667
330009,809015.774
330069,448839.0
330080,771122.0685333263
330082,519418.9867909859
330083,659808.9445857144
330097,339588.44192915305
330114,487115.0
331958,387067.406
332547,177213.275
345112,198930.596
346026,217934.76666666663
346028,171234.40066666668
347071,219046.558
347256,322820.85714285716
347275,354112.41111111117
380265,377454.01843827846
380274,476740.907139406
380434,790000.0
380988,538093.7673696725
381755,180801.4474819735
381902,580000.0569548167
381963,1200000.1014152244
405457,106519.9859047619
405458,104299.65257142857
405459,153616.9
405487,290092.6666666666
405495,146419.45
405496,312210.540952381
405500,628495.1285714286
405513,635283.6680510745
405514,203787.40952380956
405520,210916.69047619047
405521,638901.2788199501
405523,269140.198
405525,213663.67878787877
405526,441261.5884707704
405528,298007.1047619048
405529,337692.35
406834,336924.63333333336
406880,351907.70000000007
406909,374537.81253911543
406916,336060.5985925926
407071,442626.43791208795
407136,982099.8026747156
414078,386789.5991098398
417678,287736.2
417709,260314.70088888885
419177,335913.0483829574
419215,367310.248
419338,280590.13077251916
419415,431949.8134049534
419437,327794.14285714284
419443,790116.5072440443
419445,1089146.9797707004
442375,312799.0714285715
467192,190162.0380952381
474797,227742.6690185185
474799,113710.86466666668
490742,186898.26666666666
493377,790000.0
494808,476740.907139406
495047,386454.6938466819
514606,811973.6209282917
516544,519418.9867909859
516545,771122.0685333263
516547,168535.91266666667
516644,339663.71558505186
516676,434503.07390813075
524391,229596.35371610845
524399,429232.4133483713
525351,351718.5684833582
525352,216451.86666666667
525359,255089.78666666668
525580,460000.0624511557
525606,520160.0
525626,333301.52905712585
525638,303801.55
557785,650000.1292665801
557990,138084.6
558284,239677.60952380951
558285,114988.4
558288,147193.18666666665
558300,199492.8
558301,181873.62733333334
558553,208407.8664761905
558702,292589.86666666664
593271,371520.4686666667
594432,447595.2166666666
594440,131287.55407549022
595788,475121.9245008701
595859,521425.5570401375
695594,75200.21802380953
695928,230884.365
697939,339663.71558505186
700851,1006588.9797484076
744025,162296.96866445374
744527,297694.3666666667
745088,355252.008974359
745212,790116.5072440443
899274,771122.0685333263
899275,519418.9867909859
955557,184169.0
955558,149678.88478101607
955584,301301.3142857143
955585,150263.8052592592
955591,1332136.7028193278
955603,143287.53333333335
955633,193939.99788935872
955654,396051.8957694236
955660,343317.06666666665
959906,1484695.826183482
18186,104734.33333333334
24465,19559.982274233014
24469,29622.759523809527
24470,17129.364143335664
24473,21803.94263841422
24477,28138.11648375221
24478,28377.533333333336
24479,29830.723463203463
24481,21009.852380952383
24487,19242.46666666667
24491,44958.06666666667
24493,27998.166296296295
24495,30446.25166666667
24500,27798.57930665713
24501,33125.06238161814
24502,24552.899999999998
24504,30289.659717948714
24505,29802.831002996994
24509,22758.11238095238
24510,24048.028571428575
43824,19693.09005018336
63797,23723.399999999998
63805,20492.0
63806,20500.0
63807,24921.39
63809,30000.0
120976,24216.441304347823
126494,21846.338095238098
143965,20540.43506631373
144028,25532.134987499052
160946,29820.051517390653
160947,29820.051517390653
160955,26498.77929698246
177755,22469.033333333336
180197,21575.4328494544
180198,21575.4328494544
180199,62745.0
180204,22548.717222222225
180208,60919.24761904763
182583,16830.993468622877
182585,16830.993468622877
182595,22207.993867551035
182602,23445.247587301583
195340,93813.2
201925,27182.466666666667
214341,24725.4
226560,20287.26458602285
233510,14672.414285714285
233511,79353.99666666666
237508,17129.364143335664
260231,14367.0
260234,21336.0
274481,15390.91944444444
283991,27972.433766233768
283995,60925.74047619047
284001,26343.019333333334
293222,17129.364143335664
300684,24275.415515735338
300685,27574.801428571434
302972,17129.364143335664
315192,21702.071692852085
327700,21715.019047619047
327705,18489.805238095232
327706,18489.805238095232
330362,28035.230142060842
405777,26664.28333333333
405783,27755.965285714283
417959,18305.339848484844
417960,19414.85
417964,17283.984171428576
417965,15997.34872611465
467425,21321.47770700637
477906,17129.364143335664
516102,22716.5380952381
524657,17129.364143335664
524666,22121.49785714286
524667,21724.509523809524
557901,16195.882142857143
557902,18396.454761904773
557905,17310.433121019105
557907,24241.26572823779
594352,22821.172721043662
595361,21011.727725052733
595362,21011.727725052733
595363,20492.0
595364,20500.0
595365,30000.0
955950,45880.959444444445
955951,134436.74666666667
