id,price
1068,476749.3432668346
1069,790000.0
1073,215401.819047619
1082,398286.3120642324
1091,257100.89533333332
1363,101028.4
1535,207019.32890404042
11023,340178.87718732405
13114,680000.121268491
13121,979940.0
13122,476749.3432668346
13123,981700.0
13129,549947.8181818182
13135,475151.3312324024
13136,600000.0
13859,227486.93333333335
14120,391229.4458476191
17962,365358.22
18023,166285.13425871264
18026,259530.7613419914
18031,141227.61652661068
18033,332508.1144190776
18055,151395.22882305554
18056,210238.24394458873
18641,176538.7235
18952,790117.0304275829
24270,576370.8995238096
24300,239491.3467888889
24962,221602.5379725219
29513,790117.0304275829
30487,474358.5326258872
30496,650000.1199528906
30986,324129.25920634926
32487,391066.3642857143
32497,618038.8013181818
34223,680000.121268491
34228,981700.0
34229,476749.3432668346
34241,600000.0
34447,202811.67331671732
34556,119759.30199999998
34560,337332.1518181818
35408,680000.121268491
36283,476749.3432668346
36297,549947.8181818182
36313,475151.3312324024
36503,600000.0
36593,979940.0
36594,981700.0
43990,123828.26654603172
44484,205478.29999999996
44522,194813.2
44541,181627.33333333334
44795,235948.0673333333
44810,247339.77180918044
44921,336495.8417720058
44941,353804.4666666666
48130,296913.8026666667
48906,790117.0304275829
61506,474358.5326258872
61520,475151.3312324024
61635,521287.3716961116
63611,809986.7213333334
63615,1665986.2044615978
63616,223593.68311507933
63654,372481.76666666666
64454,343511.49152380956
64458,167342.96466165414
64687,476749.3432668346
64693,347936.79
64694,210947.2666666667
64707,460444.6726666666
64711,133745.8
64714,181046.8
64864,115223.04063578919
76712,150072.6
107512,351495.9403562843
107617,460000.0785912649
107648,519860.0
121692,167005.06132918503
121693,156708.5
123342,351495.9403562843
123378,460000.0785912649
123380,519860.0
126492,680000.121268491
126525,979940.0
126530,981700.0
126531,476749.3432668346
126602,549947.8181818182
126708,475151.3312324024
127160,127626.07024945057
127755,369653.7904761905
133612,1485179.329136657
144042,252422.294
144080,104407.9288906807
144429,264254.34533333336
170404,239249.4786666667
172269,275403.9872106779
173866,132979.28457142858
173868,82887.00119047618
174902,116175.44772077922
177586,103607.56666666665
179914,215890.8921458487
179924,461569.9325165946
179963,650000.1199528906
179977,253922.41818181818
181779,1621159.5686582979
187943,162813.77469841272
189578,538132.1197943593
189587,580000.0595027052
189588,1200000.0938904015
189589,580000.1825393762
191430,114012.31933333335
191965,90547.70173160173
191966,82017.41520812523
191967,86650.76991341992
192661,476749.3432668346
195919,161401.33266666668
196103,187219.66903524363
196105,187219.66903524363
196106,187219.66903524363
199867,195793.82419047618
199881,148858.9655660306
201115,391061.2886666667
201277,300273.21569444437
201303,510770.0
201766,113030.3
202123,142531.6385
202124,132264.58166666667
202125,109531.8
202129,145362.4566666667
202354,273336.69664809084
202355,250474.02795238094
202358,230117.14868562808
213982,345513.55133333337
215836,460000.0785912649
215846,519860.0
215857,351495.9403562843
226279,382493.56933333335
226280,930968.2033333333
226291,771170.1405746798
226292,519860.99698340794
226309,434996.5812807881
226325,515259.17619047617
227218,132623.52933333334
227616,180599.82361904765
227714,208109.42476190478
227730,254798.29080844612
227985,279276.8267411533
231004,434996.5812807881
231095,399995.63636363635
232092,404075.0484848485
232097,127873.99193333334
232099,190284.41907142854
232101,295664.047344697
232102,187669.90433333334
232103,127802.8105592487
232417,255471.933006993
232525,474358.5326258872
232527,475151.3312324024
232529,162390.08847117794
232575,521287.3716961116
233259,886507.687958153
233270,132008.75555555554
234636,790117.0304275829
237179,474358.5326258872
237225,475151.3312324024
237228,521287.3716961116
237651,330339.2005714286
237944,396029.4966666667
238337,242094.61818398756
238366,186828.33809523808
238758,391729.06666666665
238767,266754.9295238096
238986,380732.7733333334
239068,449182.1313333333
239080,218747.05242857145
255774,1485179.329136657
259949,519860.0
259961,351495.9403562843
259962,233677.9501035197
259975,349413.8877751238
261283,465506.1393968254
261349,292950.6261874266
261464,294758.7777777778
261552,567252.0423599472
261555,360445.1733333333
261577,259059.66494484319
271287,190605.55200000003
271289,190605.55200000003
283783,322876.17066666664
283802,729737.4679897435
285000,434996.5812807881
285036,399995.63636363635
286226,188038.25555555554
286298,474358.5326258872
292949,538132.1197943593
292957,109129.82857142857
292994,230742.49
293001,223319.461269019
294088,326470.2166666667
294239,580000.0595027052
294242,580000.1825393762
294302,1200000.0938904015
300375,216858.07880603024
310846,1482195.4473396547
310857,174288.2942857143
310861,113629.76666666668
312221,474358.5326258872
312242,254090.66923076924
312286,475151.3312324024
312525,391097.2690313377
314881,476749.3432668346
315338,93846.30120634919
315772,150497.0
316101,566526.002
330009,912871.1099999999
330069,457118.21428571426
330080,771170.1405746798
330082,519860.99698340794
330083,674943.8011929826
330097,386431.761408658
330114,476346.8333333333
331958,340222.2
332547,173755.13333333333
345112,196389.24666666667
346026,210765.7798789855
346028,172091.78533333333
347071,207068.5903697322
347256,322072.375
347275,351801.2
380265,359416.2394054187
380274,476749.3432668346
380434,790000.0
380988,538132.1197943593
381755,237908.8815796555
381902,580000.0595027052
381963,1200000.0938904015
405457,108105.99921816828
405458,105585.56392405063
405459,152087.664
405487,280356.996
405495,140170.12203174602
405496,291170.94386666664
405500,709639.2266666668
405513,680491.4397698414
405514,209076.80333765887
405520,219214.83589726157
405521,679791.8728809525
405523,247023.9836595238
405525,196154.7
405526,320904.3382388889
405528,262755.99237903184
405529,295366.6553236069
406834,322398.0672380952
406880,334560.2626666667
406909,371661.6784741201
406916,297744.00097777304
407071,380732.7733333334
407136,1038394.9523142858
414078,398286.3120642324
417678,276752.0759444444
417709,220548.83
419177,284789.1080310035
419215,341224.1373333333
419338,257602.32035064933
419415,438532.74328672496
419437,323074.1666666667
419443,790117.0304275829
419445,1028541.6476515151
442375,311367.26022222225
467192,200657.00411546841
474797,212553.2272341384
474799,108316.05714285713
490742,178530.6727878788
493377,790000.0
494808,476749.3432668346
495047,391097.2690313377
514606,755266.1179000001
516544,519860.99698340794
516545,771170.1405746798
516547,154692.26142857142
516644,339661.9662183258
516676,485946.22493925365
524391,235950.9515151515
524399,497034.12601008324
525351,351495.9403562843
525352,197507.07446069169
525359,282414.288
525580,460000.0785912649
525606,519860.0
525626,301589.96086807933
525638,286587.00081686606
557785,650000.1199528906
557990,120941.898
558284,207965.99792967155
558285,109331.03133333333
558288,144604.7333333333
558300,185393.19056666666
558301,183250.3432083333
558553,175793.49589743587
558702,288836.3058095238
593271,348816.26666666666
594432,427901.14850000007
594440,123086.26241294261
595788,475151.3312324024
595859,521287.3716961116
695594,63488.7
695928,236942.00261904762
697939,339661.9662183258
700851,899606.1840000001
744025,179615.8666450903
744527,290007.84
745088,306137.7475793646
745212,790117.0304275829
899274,771170.1405746798
899275,519860.99698340794
955557,174680.67333333334
955558,145784.91040811967
955584,295477.73066666664
955585,141107.2949473306
955591,1123409.2732856208
955603,139190.7621111111
955633,182747.63196745914
955654,365270.568
955660,307096.8333333334
959906,1485179.329136657
18186,173099.65339169741
24465,19459.744020050126
24469,29728.634085213034
24470,17049.25831554409
24473,21524.83485629998
24477,29598.56
24478,24477.326060606058
24479,30336.346666666668
24481,20992.99682983683
24487,18866.13333333333
24491,43738.066666666666
24493,25184.5
24495,37368.095238095244
24500,27140.39666666666
24501,29357.49666666666
24502,24855.14761904762
24504,27171.937012987015
24505,23095.76095238095
24509,19165.31428571429
24510,24018.841847041844
43824,20414.347619047618
63797,16201.4
63805,20492.16542948038
63806,20500.17082339996
63807,26468.91294047619
63809,30000.0
120976,24739.545413919415
126494,19612.0
143965,21076.42380952381
144028,20490.679333333333
160946,27642.894
160947,27642.894
160955,27608.826190476193
177755,21849.27333333333
180197,21659.550000000003
180198,21659.550000000003
180199,76682.7
180204,20257.704660894673
180208,23555.58
182583,17773.40153307305
182585,17773.40153307305
182595,20366.43333333333
182602,21701.542412698414
195340,21625.173714285713
201925,24540.6
214341,24538.4
226560,19762.922111201937
233510,15016.4
233511,30529.648484848483
237508,17049.25831554409
260231,14953.478504828501
260234,20647.0
274481,15131.239285714268
283991,28744.432738095235
283995,230521.72330239762
284001,26145.63553113553
293222,17049.25831554409
300684,24484.56874458874
300685,27052.70617532468
302972,17049.25831554409
315192,21197.729333333336
327700,21119.766
327705,19105.408225108225
327706,19105.408225108225
330362,23700.000000000004
405777,26059.691111111104
405783,20744.169285714288
417959,18342.861432748534
417960,19829.18787627439
417964,16519.574319047624
417965,14230.0
467425,20777.56666666667
477906,17049.25831554409
516102,20962.39822222222
524657,17049.25831554409
524666,23530.738333333335
524667,19737.85
557901,16102.721428571427
557902,18277.563047619045
557905,18274.80857142857
557907,22714.66066666667
594352,19469.15942857143
595361,21013.33304334554
595362,21013.33304334554
595363,20492.16542948038
595364,20500.17082339996
595365,30000.0
955950,23168.78161904762
955951,24592.623333333333
287176,1210948.5168333335
64597,509417.6244969697
332336,1112709.3893523808
13567,502342.7447627537
25431,652005.9795126982
34755,674834.0252017078
64598,767808.154
123333,280271.1168
123334,677358.0238095239
123370,650000.0
127584,631033.7607999999
170931,1378326.0450690482
176518,362578.81081796536
176519,449336.46031746006
176614,1357915.2413015873
176682,1501884.3172380948
176683,1280208.383501271
176709,3194504.606
176710,1780424.8947282715
176711,1791974.2511142867
181564,1296491.2050350816
188774,2499370.0006666663
200458,180246.2101333333
202283,548109.6697261906
215976,280271.1168
216034,677358.0238095239
216131,3300000.014
238608,366728.3538391013
260548,270783.4738571429
287177,1255811.6799380952
287791,1296491.2050350816
328317,515178.4158714286
331595,324480.75653333333
331599,324480.75653333333
332329,1112709.3893523808
332332,1230051.5616190475
332334,1112709.3893523808
332338,1112709.3893523808
332344,1112709.3893523808
332792,903392.8863418549
332793,639861.6960952381
332969,3300000.014
379979,224140.449
381876,649597.5
381877,680007.2
406377,412178.08240811963
413294,1328484.6275452378
419038,775802.4509523809
478694,1296491.2050350816
491079,548109.6697261906
491202,1200000.0
491204,1050683.5836385835
491206,1250221.3669696967
558433,491476.235330303
558651,1250221.3669696967
558652,1050683.5836385835
558656,1200000.0
558826,1312716.5617253429
696935,352104.5999999999
696936,352104.5999999999
743189,367835.03312950936
899389,458260.097214882
956259,934969.7973999999
960232,1296491.2050350816
192912,235500.0
238224,163584.70407771014
127418,183022.33272727273
476380,142557.063612852
476373,136391.56386618945
121889,211839.1501439606
442705,101904.06822662585
570477,109019.73682758969
190415,100538.34682640008
960153,220000.0
192962,208204.16359806553
272373,117680.31333333332
331484,83618.33125011905
516425,189193.94785242816
331246,94917.37769256579
238012,203691.1580640523
331721,133258.9519955639
200737,148790.33443859516
32111,64295.75551962708
30820,149864.80340341106
34661,100538.34682640008
175362,218117.68093333338
315860,178245.61646999614
491172,208866.89323255725
418089,339565.87466666667
196008,228534.40835873017
176486,111370.40480865185
381656,159907.48040997426
190847,112006.96364516189
36013,134991.28848019853
346688,161246.7158222743
64118,149221.9191919192
227528,154004.28797300629
25373,151907.18826870312
475869,112429.40285975466
379963,103006.80488870107
309712,86963.12803678303
315620,148335.22464435725
121442,141082.42487575757
525382,213692.71924964373
413535,321495.164
180667,210399.44
29763,160549.22496392787
256021,220006.5341014535
595719,214777.42468161287
18323,213450.47006987283
32095,170782.33434588742
238584,221905.5673182875
286929,217562.61818398267
230254,206145.0827343192
18751,265087.97112896346
331615,122927.13940597557
261052,183581.89890198366
11237,193140.720062049
331489,142455.10852933553
61262,204984.5905882353
107474,187230.86435832494
418083,254887.4296666667
216015,265334.08479444444
44636,190134.05067669175
13981,215540.96836033635
272759,142246.09797684752
34633,109098.57683276919
180704,128304.71672727272
558641,146830.8061171328
558593,288338.1950220441
107332,154021.47865365978
227307,179183.20820105818
287043,121129.89624810519
405980,130645.14841820454
516453,208072.88187747245
195762,99350.66899899031
960190,189952.40003934104
122532,130815.9749090909
217192,158897.40999755802
261106,121259.78596390766
190799,189000.23610920843
35956,142455.10852933553
331478,170815.2982415211
34595,161890.03241285446
418454,96371.07756120482
516343,142455.10852933553
303486,110462.78516160006
161225,233197.08774444443
475900,93834.14904934615
44587,249833.81666666665
413848,190007.11352621307
413885,119870.6104832653
381641,169698.89679084113
958106,257508.78501066475
516296,141906.21974433842
406722,178196.51416773396
13982,282133.38695165946
238579,184110.56066656442
309643,189544.3138225105
346283,86959.16000080961
195699,120018.91202142855
332058,190141.1409083155
36168,201541.15663939848
543594,163261.74644669058
558644,195489.18845316945
516334,67685.57817705152
293563,100000.0
116016,103995.2907803942
468052,208072.88187747245
419007,265087.97112896346
312018,238613.56902597402
44652,246975.58092530994
255992,199328.8622612942
11233,106046.11131967374
346778,125583.6385461835
25399,288746.1246666666
61250,90735.32352767308
200694,135003.08391608394
178561,163040.07098861315
272829,218958.87949206348
558349,153592.60123994199
309706,102889.61656892803
1432,90672.70571125546
127093,118218.14285714286
195793,117433.5573200829
217191,106388.26668031477
558333,229920.56
595735,197089.6041770237
227919,208204.16359806553
11368,131261.03507917176
107336,153621.1062174828
29657,96371.07756120482
381394,100538.34682640008
331155,95780.34745671775
216053,213692.71924964373
229747,121985.78473448333
558394,219035.0735261014
1572,235500.0
238163,200190.07620168733
381707,112006.96364516189
346775,118891.32152249927
63896,291873.9578474894
515689,385361.7537114023
309640,144600.0
476386,142557.063612852
331441,67685.57817705152
76878,137997.29213118568
558378,165522.7636236308
25407,190013.85774721947
36107,169698.89679084113
192845,125821.38007142855
127180,142455.10852933553
161480,140323.61367513516
346155,139304.78469047617
1459,85269.50781574813
34731,217295.58175158175
315650,106388.26668031477
272319,195844.6188381774
331255,121652.64144942952
133206,265003.23945548147
161258,181664.29546666666
232452,135215.47904750667
312029,224965.6962222222
200691,144516.96800468548
315687,195310.0374897524
956316,164812.08938002365
442637,165051.0556485867
494238,101011.62032041751
346206,256445.94466666665
516432,170009.51893460163
311943,208393.81333333335
381539,189360.7395122833
217430,168556.8444397725
899436,208204.16359806553
332433,144160.55654320135
331262,94917.37769256579
195705,120018.91202142855
468114,228985.5770365086
558416,106388.26668031477
491008,140323.61367513516
200624,139304.78469047617
230566,141918.45635968357
234266,240005.6653968254
260702,149155.80306088796
180681,161411.99546574784
478455,288338.1950220441
475853,78898.7139549573
161228,399632.74243880296
61253,79918.59464284677
44625,326671.0857142858
25109,86963.12803678303
123338,154717.72221494763
331261,94917.37769256579
405972,183425.1484068323
25323,187292.820810255
957495,223560.83360917305
491052,178133.36866666665
180800,158000.17522325384
284716,176807.6500594177
332420,139633.84746647713
260686,142218.41463392193
25110,64295.75551962708
48685,132829.17743645018
176618,340012.116981668
286927,99277.94711311383
1442,127216.96
183009,629080.6282900432
525171,62134.14674065195
190471,105584.70594129081
32085,147989.23802697318
475868,150564.262223088
328271,86959.16000080961
418608,152460.94124997818
476377,142557.063612852
35786,263325.248639044
478179,158115.55067048318
293913,388055.48749999993
284395,123302.01388475407
418570,143945.0882128172
593553,282146.0112809523
328647,140163.79677050989
30917,94884.61094896884
328619,186914.6187813268
176514,158000.17390857002
595624,144868.72106941754
176479,99350.66899899031
413873,182335.4906154549
176592,136025.42837154868
34742,119143.1444732829
346335,126927.81685150217
32042,163818.10196540077
309830,195000.0
346130,155787.5884148168
13669,141906.21974433842
695685,117814.61929724099
899385,143114.47151717008
234222,160549.22496392787
11455,169203.2095728033
570442,100750.5894840013
293707,71021.4358888889
406654,228534.40835873017
234209,223165.25927644403
332082,214656.90556840444
216085,238317.598138141
284377,93834.14904934615
956217,185773.5776678887
48708,149144.77773333335
332241,246154.46612698416
524779,209223.09037489176
381403,98003.37765613584
180743,109566.4422619802
31031,148900.35842424244
595606,96392.45306938601
312061,170518.26233570973
331367,126958.50893294766
133242,167574.23590717046
188583,133156.34624484883
515702,265134.83424908423
570433,126852.47850072148
558317,230979.54898974719
899407,131261.03507917176
331448,109255.87133333333
293677,148000.22882875346
332092,236199.352
200999,144941.35473279536
315877,184110.56066656442
743131,129933.96806046694
287432,365235.2305690649
44640,232186.5236746032
272215,126804.3361904762
418145,296916.0234372294
44638,244221.3759492213
127465,431334.711986236
332139,273298.575376838
539949,296175.918
406214,162423.73933333333
541881,168067.0533809524
474996,130019.01919437503
960091,92803.8693333333
406213,121985.78473448333
133241,245785.26638888888
696871,96618.62282718558
346832,143920.41006926406
121406,159671.11364526898
260689,149272.03061782717
516443,174000.0
202229,135905.59593837537
405888,453204.51517128275
18514,96371.07756120482
237998,139951.130995316
293689,147552.05679036694
64529,207919.5929823221
525199,85018.73890800866
293402,286158.15533333336
293561,79187.52224242619
127069,82770.92408828378
287297,288338.1950220441
25017,163818.10196540077
418894,195674.80272727276
381737,137164.74315174582
380117,170139.41193925924
418907,241463.00295835256
956899,200603.4285093002
48692,215014.30436956522
418147,360343.43487179495
44340,122952.64858585857
309634,163818.10196540077
176469,159904.15866666668
300805,256022.2329117647
525440,161062.08707971632
418958,194758.07143081326
25375,303260.95683809527
406345,114985.4709178932
405890,202267.11613410816
200951,305867.8273360938
331386,214773.26938095238
331248,120008.0257135054
346294,148790.33443859516
418471,183030.65499371337
475919,91661.40024931703
284307,96618.62282718558
44570,196695.56299778348
309758,207919.5929823221
332287,323400.32399999996
418735,114184.46171428572
332095,140764.1539518157
332040,157801.3753645955
132860,84135.64891404778
960094,112730.48483809523
406299,156360.86502805713
309686,64333.34724290381
1028,1175664.1984444445
1242,94032.84564290111
1245,94128.16450409216
1248,83797.82276121952
1249,76000.0
1250,118735.47015516258
1251,106516.00946897626
1252,95005.44909831038
1253,170899.89099999997
1254,172960.64405238093
1256,170821.43072979632
1257,113391.26124340929
1258,104996.01069340015
1263,100328.91600634613
1271,85858.3533601892
1311,94273.01356947295
1312,105017.34983276007
1313,105017.34983276007
1314,105017.34983276007
1317,88276.66346844147
1319,73171.55343789714
1320,73171.55343789714
1322,94882.80683135732
1328,74450.21948338246
1329,74450.21948338246
1336,91397.6109800407
1339,119241.78424366369
1340,106433.66583333335
1342,78001.08804720582
1386,149221.9191919192
1387,114204.32171139971
1389,134029.61950036627
1391,141633.5
1392,140323.61367513516
1393,129828.33066309663
1394,84667.00478349502
1395,68123.65939714805
1396,170688.72143881672
1398,101011.62032041751
1399,221253.17151731602
1400,142577.12356885712
1403,135041.9068277374
1405,212387.18474386726
1410,145947.9378445628
1412,118632.98430656645
1414,217562.61818398267
1418,242697.69090909092
1429,238644.14577248675
1431,56800.63600752336
1434,143310.1793333333
1435,133854.23859047616
1437,97332.17117084489
1439,114726.67085714283
1441,143310.1793333333
1443,90592.20453925978
1446,162092.11961688314
1449,104856.52825376263
1450,68529.79474695909
1455,118728.26062056735
1456,194928.13806328198
1457,128314.22049533913
1460,148790.33443859516
1462,129663.34552875561
1465,103006.80488870107
1468,156042.82526811628
1469,106388.26668031477
1470,118313.49870993623
1475,86959.16000080961
1476,95006.75968971128
1477,144274.91589602953
1561,239999.27625581395
1562,189952.40003934104
1563,252000.0
1566,207919.5929823221
1568,184030.6072789804
1569,300025.33778543904
1573,166853.87627912057
1575,171218.82666666666
1578,265116.7444444444
1584,160549.22496392787
1585,265003.23945548147
1592,269510.2523328321
1593,703429.9969477854
1594,351695.9037266987
1599,265090.9439673814
1602,214508.95377981267
1604,152436.2416745998
1608,252877.67933333333
1609,396992.66666666657
1610,252877.67933333333
1613,266757.168
1615,136927.08621598923
1616,214214.6253743656
1617,140163.79677050989
1628,218296.82563968256
1642,169203.2095728033
1674,235000.0
1677,284226.7038075588
1679,384948.94352665584
1680,317067.7562762936
1682,345421.2141498926
1687,407888.8012227701
1688,200000.0
1689,140494.73073730373
1690,420000.69809941517
1693,534865.3686666667
1720,360021.50875
1722,568893.5761833608
1732,433862.25878466084
1733,448700.6490526984
11090,56002.16314182304
11091,120869.62400000001
11107,145609.6869727739
11119,85755.42978769644
11120,87353.964
11148,344209.1785363247
11149,79001.3436063492
11155,119796.24478371939
11218,64910.85399436967
11219,97112.51174490336
11222,101015.90467836634
11225,118072.13978515512
11227,118072.13978515512
11228,193140.720062049
11229,135689.22701598334
11230,230000.0
11231,97581.83747744543
11234,230040.0
11235,112937.4102721722
11238,118287.9844187854
11249,77363.03910140018
11257,107137.05679522864
11259,108623.7451700737
11260,78567.1919852857
11262,118370.4359496869
11264,98927.63271023463
11318,85397.89940203127
11370,153001.07792207794
11371,138456.56275795982
11372,208072.88187747245
11373,338270.501
11374,165000.04434313395
11375,183561.44805013237
11376,174000.0
11379,208391.42856774066
11386,139392.89415129245
11387,228985.5770365086
11388,105037.33166344531
11390,135200.61712877944
11392,157458.66075747617
11393,157458.66075747617
11396,173925.6551475223
11518,225355.13184319233
11519,379235.97861604806
11520,408385.75374237803
11524,349966.2130994152
11585,609804.6018386843
13306,63502.59272875265
13316,147521.6891261487
13322,81430.09438034189
13323,111028.47946032559
13329,103733.30259386994
13455,76957.27895238096
13456,105051.45454545454
13458,78056.40246847346
13460,78056.40246847346
13461,79467.10716440438
13462,74948.92124941027
13464,73509.13977452928
13467,98019.3648943331
13469,76314.6786000881
13472,76314.6786000881
13474,76314.6786000881
13476,78056.40246847346
13478,62423.8224675591
13480,78056.40246847346
13482,66814.36844450273
13483,76314.6786000881
13485,101579.34339879979
13487,123263.58652188706
13488,123263.58652188706
13489,140000.12219638785
13490,125310.2354322212
13491,123263.58652188706
13492,123327.30250085893
13495,107827.35891411461
13496,126289.33258317779
13497,199136.88180549294
13508,78946.32811904761
13510,160794.29305472012
13512,160794.29305472012
13513,160794.29305472012
13517,175724.48920065354
13519,173898.14161420573
13521,128338.17782871836
13522,108903.14023342932
13523,108903.14023342932
13524,128338.17782871836
13525,108903.14023342932
13527,108903.14023342932
13528,128338.17782871836
13529,108903.14023342932
13531,128338.17782871836
13532,128338.17782871836
13534,108903.14023342932
13537,77439.73499050803
13549,344268.31879141944
13550,74333.57584665462
13551,76126.10633531668
13553,94046.38583556809
13555,77277.77332599202
13560,115398.93010252905
13563,128006.26879516653
13590,95835.36643349293
13652,75632.71300519252
13662,136565.30413210005
13672,135803.520550528
13674,208000.0
13678,99835.07773160175
13680,298750.9019770115
13694,159270.1792582423
13711,188337.02174728079
13712,125442.9244080214
13713,195579.2455037006
13714,125442.9244080214
13718,125442.9244080214
13720,199939.70511168832
13726,142455.10852933553
13727,142455.10852933553
13728,142455.10852933553
13738,68417.55916802495
13739,119447.47038095236
13741,119957.6696
13742,125563.86544562364
13743,125563.86544562364
13825,89876.26286747643
13826,98781.50744579984
13827,193940.98475263698
13828,134991.28848019853
13941,169698.89679084113
13947,183022.33272727273
13950,214437.5829299212
13956,246979.4340496485
13961,200000.0
13974,271506.2052714709
13975,139919.71602763195
13976,170772.9925606061
13977,170772.9925606061
13980,170772.9925606061
13983,170772.9925606061
13985,170772.9925606061
13986,170772.9925606061
13989,170772.9925606061
13999,156589.90239511663
14000,189042.9984635121
14007,253072.15015342945
14130,293523.9909294996
14131,269894.6430452997
14132,217813.6007973953
14139,276358.7516867168
14144,290000.60248904995
14145,616849.9788051634
14149,334551.0777460317
14158,278075.915841971
14159,240134.3018898978
14160,189933.6554294209
14162,185004.6282319395
14249,521408.0935466094
14251,200517.2250686434
17944,397563.4233530402
18216,97196.9653888854
18225,235286.87006666668
18227,97855.27432451931
18228,159264.57058173916
18229,276289.67580952385
18230,149567.0791787566
18234,139363.22498701297
18240,184746.18059320233
18261,527064.9068106853
18263,200904.23780952385
18273,920120.2107995099
18274,156416.5821181645
18275,352605.18595238094
18277,174950.5030153846
18280,123237.74991325772
18281,93687.1834095238
18282,75948.18109166667
18284,94992.96159206647
18285,116429.78654807985
18286,131519.91266666667
18287,83648.49236276379
18288,82108.37104682504
18289,89919.9825220064
18290,63741.801569298186
18291,83648.49236276379
18292,83648.49236276379
18293,83648.49236276379
18294,82108.37104682504
18310,198064.40588104082
18311,209037.83667697164
18312,123237.74991325772
18313,199299.04628571428
18322,100834.42258819974
18324,213519.85262664553
18327,85755.42978769644
18509,138755.62132073843
18527,159172.16098556216
18533,81629.81329477238
18537,194999.94545454544
18561,160033.72274580933
18562,98781.50744579984
18569,80900.23744408369
18570,79344.19553888026
18572,158897.40999755802
18574,129933.96806046694
18575,129663.34552875561
18696,124995.75550793733
18702,223165.25927644403
18704,149227.99600333738
18708,223864.51037900048
18712,132829.17743645018
18713,160549.22496392787
18717,215014.30436956522
18718,215014.30436956522
18747,240005.6653968254
18750,235500.0
18753,223448.20413437224
18754,160821.9693809524
18755,153245.77954995265
18779,222573.33183057187
18780,214508.95377981267
18781,149256.48720925886
18854,324602.8083418184
18856,359271.0841262924
18858,325164.23609098117
18866,184890.0627356677
18867,155321.28203720352
24546,61444.39851770048
24557,104361.93251413092
24568,129612.55
24578,94676.3376034181
24696,61518.19427107441
24715,85414.02831431356
24716,102369.19894927448
24718,135879.71249673198
24720,114093.37806493024
24721,114093.37806493024
24722,119534.43158587175
24723,114093.37806493024
24725,114093.37806493024
24726,114093.37806493024
24727,119534.43158587175
24728,69545.11017432195
24729,119534.43158587175
24730,114093.37806493024
24732,119534.43158587175
24733,114093.37806493024
24734,119534.43158587175
24735,114093.37806493024
24736,179402.442
24737,114093.37806493024
24738,119534.43158587175
24739,119534.43158587175
24741,104929.845012285
24742,94969.00615736464
24744,130000.93809523809
24747,115004.4122524718
24748,103399.21813277075
24749,106173.19887710335
24750,106623.92304917311
24751,202527.616
24794,93580.36070634917
24803,109779.78740886724
24809,101487.40476644941
24881,131356.05232229084
24882,82877.02025937985
24884,59466.722894102386
24885,79952.33712466381
24887,80572.07845676155
24888,103179.74085714285
24895,82059.09486399252
24931,94484.20970518596
24932,130681.7864802014
24996,101979.93299425798
25000,124640.40597372959
25005,211138.91753968253
25006,161645.57435903137
25009,163818.10196540077
25010,90743.25141978095
25011,163818.10196540077
25012,163818.10196540077
25015,163818.10196540077
25016,163818.10196540077
25019,163818.10196540077
25021,101808.82127167305
25022,70360.55587489805
25025,165000.5
25026,205733.2871446332
25028,238507.30066666668
25052,98646.294831044
25054,119756.18283941454
25069,67829.18582669622
25071,184340.99970253947
25073,190651.362
25076,131404.37292857145
25079,127171.19415489917
25080,91253.13945101375
25081,129820.88277254543
25082,64333.34724290381
25086,142455.10852933553
25087,99234.44806593408
25088,142455.10852933553
25105,210984.92733333333
25106,128758.81935340188
25107,158000.17390857002
25114,109781.54346416646
25116,133606.9532850367
25156,108951.79590476191
25192,178997.3344692886
25297,110653.76779394469
25298,133481.52031746035
25309,187288.86435832494
25312,213692.71924964373
25313,207919.5929823221
25314,157025.88509471025
25319,199000.13023255812
25320,165000.04434313395
25321,171487.23438228428
25324,141637.663344081
25327,191296.2297880632
25332,140806.4779345259
25334,169236.15489680856
25355,158679.15633913028
25356,286496.091643324
25359,178603.3235933022
25360,196042.92032
25361,136025.42837154868
25369,252928.94608354976
25371,184887.59778331086
25381,136780.98989494768
25382,145460.17611758775
25396,169510.7885963868
25397,198575.95226190478
25401,158941.58532765968
25403,190218.89075630254
25405,232972.99514808293
25409,170330.09578496235
25410,183668.3155191382
25435,256699.57865536536
25452,96692.67802915596
25453,340012.116981668
25455,137258.00511565647
25456,111705.21989931588
25536,207594.30103746013
25541,325153.64933333336
25542,227916.54659663068
25544,183955.7798011753
25551,279685.0206662707
25570,276421.72469659743
25572,357737.8728070175
25573,291362.85907268175
25577,270003.6663919414
25578,270003.6663919414
25581,327952.4532125821
25588,230003.41653023436
25591,214976.60526186044
25596,266694.78204313206
25605,152164.50019999998
25661,324092.392
25668,271371.76813402044
25670,201031.30248398363
29603,97196.9653888854
29605,97855.27432451931
29620,94992.96159206647
29621,77439.73499050803
29622,77439.73499050803
29638,85755.42978769644
29666,194999.94545454544
29667,172852.1933333333
29686,123200.65702380952
29687,123200.65702380952
29689,166995.08617965368
29690,114216.36833508566
29695,98781.50744579984
29703,129933.96806046694
29704,158897.40999755802
29755,223165.25927644403
29759,215014.30436956522
29765,223864.51037900048
29776,240005.6653968254
29778,265087.97112896346
29779,235500.0
29780,247997.2392969697
29781,265087.97112896346
29782,153245.77954995265
29824,324602.8083418184
29826,359271.0841262924
29829,325164.23609098117
29832,1058496.2869352864
30542,129060.1197897723
30550,94164.78251973554
30551,107821.91361701045
30552,61586.074595406775
30553,82565.23492217976
30661,80392.43632386922
30667,93016.62268631652
30670,129060.1197897723
30671,85820.09674458342
30672,90917.32399568356
30679,181572.79702339834
30689,73171.55343789714
30690,73171.55343789714
30691,73171.55343789714
30692,73171.55343789714
30694,73171.55343789714
30696,73171.55343789714
30699,75826.31567175877
30779,79949.16090528057
30786,98937.1469959489
30788,229920.56
30789,200086.864
30791,107452.19151055501
30793,161411.99546574784
30794,128321.52333333333
30795,141906.21974433842
30796,210399.44
30798,196123.97246153848
30800,125821.38007142855
30806,239453.3924882353
30809,97680.17892777393
30817,101662.6740089308
30818,133748.9158095238
30821,142455.10852933553
30822,89244.81256612513
30825,149864.80340341106
30831,158000.17522325384
30833,103006.80488870107
30834,106388.26668031477
30835,110802.5793018054
30836,134564.93893667942
30849,198402.03863317095
30850,129369.0167618435
30851,200464.0356666667
30918,102878.39944036563
31010,185000.0
31011,254865.9921891678
31012,288338.1950220441
31013,254865.9921891678
31015,149894.26818650836
31016,288338.1950220441
31017,254865.9921891678
31018,254865.9921891678
31020,254865.9921891678
31024,264997.7545685705
31026,254865.9921891678
31027,254865.9921891678
31036,181787.08464898085
31042,195489.18845316945
31075,150485.06823462236
31127,230013.18081738832
31128,185495.15581964218
31129,374789.76996664726
31136,259118.18968215788
31137,322670.29363369965
31140,249974.40367496104
31143,228915.70907523847
31144,199225.64709570713
31145,374789.76996664726
31184,374824.6448969706
31187,463292.1904761905
31189,459399.3050952381
31192,374824.6448969706
31195,375402.8266312052
31798,119757.87593078987
31913,85414.02831431356
31920,114093.37806493024
31921,114093.37806493024
31922,119534.43158587175
31923,119534.43158587175
31925,114093.37806493024
31926,119534.43158587175
31927,119534.43158587175
31928,119534.43158587175
31929,119534.43158587175
31930,114093.37806493024
31931,114093.37806493024
31932,119534.43158587175
31934,119534.43158587175
31935,119534.43158587175
31936,114093.37806493024
31937,114093.37806493024
31938,114093.37806493024
31939,179402.442
31940,106623.92304917311
31941,111004.39374358972
31942,106173.19887710335
31944,115004.4122524718
31945,94969.00615736464
31946,104929.845012285
31947,125343.69255321068
31957,118285.9403143621
31961,94286.63646070805
31970,79952.33712466381
31972,59466.722894102386
31978,100973.40798809523
31990,85648.45905008317
31991,83709.31278973263
32031,194400.80272727276
32032,136266.76927172096
32033,135500.71126089463
32034,163818.10196540077
32035,163818.10196540077
32036,163818.10196540077
32037,163818.10196540077
32044,163818.10196540077
32045,90743.25141978095
32047,113289.44238101406
32051,165000.5
32052,177701.6341391248
32055,128836.11608143416
32057,140581.79830857363
32059,165000.5
32079,99350.66899899031
32084,89865.03585282394
32087,64333.34724290381
32094,142455.10852933553
32102,144264.74944877345
32106,109781.54346416646
32108,86963.12803678303
32110,158000.1770451424
32239,121713.90635005126
32243,187288.86435832494
32245,207919.5929823221
32248,213692.71924964373
32255,169236.15489680856
32256,185172.95825618613
32262,199000.13023255812
32263,141637.663344081
32265,141375.7871936277
32278,276971.73771228775
32279,178366.9174708404
32286,167383.7792164018
32289,160526.43106873016
32297,136069.75400704713
32299,162036.1271979476
32300,139702.17090756487
32301,195000.0
32304,232972.99514808293
32305,183668.3155191382
32336,340012.116981668
32337,147124.4557927129
32394,258765.8895390725
32396,183955.7798011753
32398,201183.67951851714
32408,344441.6720709956
32419,327952.4532125821
32422,230003.41653023436
32423,214976.60526186044
32478,271371.76813402044
32490,678998.3303030302
32496,769502.6666666666
34339,141258.6449471248
34456,105051.45454545454
34470,152676.64952380952
34472,105825.45731409302
34488,117566.29883873576
34489,93716.5151034208
34492,112142.87907787216
34495,115606.05549933405
34503,79467.10716440438
34505,79467.10716440438
34506,98019.3648943331
34508,67523.22042459414
34510,123263.58652188706
34511,92314.375
34512,140000.12219638785
34513,123263.58652188706
34516,123263.58652188706
34517,123263.58652188706
34523,76126.10633531668
34525,74333.57584665462
34528,344268.31879141944
34542,77277.77332599202
34546,94046.38583556809
34579,136565.30413210005
34591,166626.47217590187
34596,141906.21974433842
34601,92286.19404761904
34619,125442.9244080214
34620,125442.9244080214
34622,125442.9244080214
34654,184556.49915896996
34665,208000.0
34669,99835.07773160175
34670,142455.10852933553
34671,142455.10852933553
34672,142455.10852933553
34675,125563.86544562364
34676,68417.55916802495
34677,125563.86544562364
34678,119957.6696
34679,193940.98475263698
34680,98781.50744579984
34716,169698.89679084113
34718,183022.33272727273
34722,214437.5829299212
34732,223822.19140859143
34735,127885.51587287425
34743,139919.71602763195
34766,246979.4340496485
34771,200000.0
34775,156589.90239511663
34776,189042.9984635121
34797,407452.6948955371
34800,269894.6430452997
34801,217813.6007973953
34809,290000.60248904995
34811,362904.0779113865
34818,199005.4005051134
34828,278075.915841971
34829,185004.6282319395
34830,240134.3018898978
34831,189933.6554294209
34840,654527.0142857145
34849,610403.0366300368
34850,1054822.5438412698
34851,200517.2250686434
34858,937304.0
35743,79467.10716440438
35746,98019.3648943331
35747,67523.22042459414
35749,79467.10716440438
35750,79467.10716440438
35752,92314.375
35754,123327.30250085893
35755,145412.8378095238
35756,123263.58652188706
35757,123263.58652188706
35758,123263.58652188706
35760,140000.12219638785
35771,353356.44606587617
35781,77439.73499050803
35789,74333.57584665462
35791,76126.10633531668
35792,94046.38583556809
35793,344268.31879141944
35794,105117.08368517667
35796,77277.77332599202
35876,100538.34682640008
35878,136565.30413210005
35885,99835.07773160175
35888,141906.21974433842
35889,208000.0
35935,125442.9244080214
35954,142455.10852933553
35957,142455.10852933553
35966,125563.86544562364
35967,119957.6696
35969,68417.55916802495
36014,193940.98475263698
36015,98781.50744579984
36112,214437.5829299212
36115,200000.0
36159,139919.71602763195
36170,189042.9984635121
36171,156589.90239511663
36357,293523.9909294996
36358,269894.6430452997
36359,217813.6007973953
36371,290000.60248904995
36382,199005.4005051134
36383,189933.6554294209
36385,278075.915841971
36386,240134.3018898978
43875,90203.7326195674
43877,73587.01089551016
43878,73587.01089551016
43930,64663.870680812295
43931,64663.870680812295
43932,57252.549270065996
43933,93383.82269984802
43934,93383.82269984802
43935,57252.549270065996
43936,104788.3561959039
43938,199675.07066666667
43939,57252.549270065996
43940,57252.549270065996
43942,88113.05140668612
44026,79000.0
44042,130428.04017575759
44047,106218.74466666665
44048,88918.05795537797
44061,83274.14720349252
44062,83274.14720349252
44072,68863.16881280788
44077,103945.84559561776
44078,161591.59096024098
44079,123710.05499999224
44080,91803.76077996382
44082,104721.18880326454
44083,102558.32824203275
44086,142152.55447564102
44087,103887.71190383744
44088,119276.58954761906
44091,76751.84377860028
44093,90338.63540188833
44100,77439.73499050803
44102,77439.73499050803
44106,95000.3
44107,86797.94408619363
44108,91337.81982370821
44137,76041.8
44139,104078.4377921528
44141,92860.80590254221
44144,88211.08014825804
44145,101504.05722286069
44195,108992.25979144452
44196,105266.24332743384
44197,90618.16545729751
44216,101979.93299425798
44218,102994.05642857142
44246,101808.82127167305
44251,103782.14370210707
44252,170688.72143881672
44255,129883.87095328324
44258,199850.05559884562
44262,128432.62863636365
44264,737793.697032439
44268,182449.51283559232
44269,208060.70613275626
44273,106046.11131967374
44309,108166.32442238045
44311,146389.52380468027
44313,145175.03608528787
44314,138045.52959999992
44321,105084.46877452395
44337,118647.1602244592
44338,95952.17088730453
44341,122952.64858585857
44346,108992.25979144452
44348,156277.12186727222
44349,113324.25533333335
44352,96392.45306938601
44353,202455.90071428573
44354,134374.9370271132
44355,96392.45306938601
44356,137599.92571818182
44369,737793.697032439
44370,131159.6087
44379,118313.49870993623
44380,101015.90467836634
44381,102742.8968162908
44382,107838.73918546637
44384,141315.3709987872
44443,134002.22622723412
44566,146559.65812121212
44571,185663.10062940913
44574,184567.1578357366
44578,184567.1578357366
44605,215176.38978369345
44606,130042.80657142858
44627,185278.39108556995
44634,214777.42468161287
44635,244221.3759492213
44637,244221.3759492213
44641,244221.3759492213
44642,237530.62678078737
44643,209206.2371746032
44644,230035.57014898042
44645,216417.96823780582
44661,360126.3629090909
44666,135075.1739700286
44668,129569.74476484735
44824,269114.8288919093
44827,273677.0119916949
44830,199032.87177183348
44845,499940.96
44847,418082.10695187165
44853,236140.0379746248
44865,208187.02211714184
44867,270003.6663919414
44883,334570.4010222886
44973,377777.83924714173
48253,183784.13721736695
48256,125305.53572885366
48263,172268.98257360188
48265,145674.44943199624
48268,360450.528
48269,173185.94293074476
48271,194929.69349272948
48272,469275.0553010753
48273,194929.69349272948
48274,191081.24542221276
48275,305345.3429811155
48282,356412.14082953765
48286,94992.96159206647
48288,101097.53245074018
48289,101097.53245074018
48291,77439.73499050803
48302,108262.86894456932
48303,217375.95428571428
48308,85755.42978769644
48481,96371.07756120482
48490,194999.94545454544
48494,454842.67170966824
48495,268890.6166666667
48508,141146.04175714287
48509,126781.62099999998
48513,79146.23554577779
48520,98781.50744579984
48521,160033.72274580933
48531,129933.96806046694
48693,420000.0
48703,160549.22496392787
48722,265087.97112896346
48723,247997.2392969697
48725,265087.97112896346
48726,223448.20413437224
48729,153245.77954995265
48737,186737.81634126985
48757,214508.95377981267
48758,222573.33183057187
48759,149256.48720925886
48818,324602.8083418184
48819,359271.0841262924
48822,402322.9046276433
48827,325164.23609098117
48833,1012508.4285714284
48839,1058496.2869352864
48843,155321.28203720352
61053,103160.39949184805
61075,76324.85906523907
61076,113406.28770345783
61079,385597.53114285716
61080,77439.73499050803
61087,102478.39163804727
61088,94595.50526151546
61089,91863.49528953398
61091,94595.50526151546
61093,102478.39163804727
61094,94595.50526151546
61098,52183.48451506833
61251,109995.06666666665
61254,139951.130995316
61255,89031.18796506146
61261,161411.99546574784
61270,126534.83331498568
61273,155088.1890823212
61274,148790.33443859516
61275,118370.4359496869
61276,144868.72106941754
61277,139954.130995316
61278,154610.6561694021
61281,200190.07620168733
61282,148790.33443859516
61284,156042.82526811628
61288,148790.33443859516
61339,85397.89940203127
61406,149580.45158102768
61407,160161.67286695176
61409,135215.47904750667
61411,178000.94997369757
61423,199005.4005051134
61427,197089.6041770237
61429,220111.69388593428
61430,169509.1109553189
61546,316833.9602183151
61548,143381.5345609733
61549,289978.84405747976
61561,328617.67029013793
61569,302337.31325593486
61570,297266.0741044197
61571,297266.0741044197
61572,183745.04117942465
61573,297266.0741044197
61574,195807.61691686677
61577,297266.0741044197
61578,193212.72974010717
61651,840985.6956549465
61653,568893.5761833608
63856,245177.14264857362
63864,76000.0
63866,95005.44909831038
63869,123433.58138528139
63870,106516.00946897626
63873,113526.57461904762
63875,205906.82133333336
63876,115371.66764705883
63877,114377.34990018506
63886,291873.9578474894
63888,148267.88603508766
63889,394680.5831946943
63891,394680.5831946943
63892,394680.5831946943
63893,292242.2362886568
63894,161307.7815367965
63897,399632.74243880296
63898,149553.45588610566
63900,402900.96249008493
63901,148267.88603508766
63903,294522.1287388136
63904,394680.5831946943
63905,294522.1287388136
63916,174950.5030153846
63917,110232.82751214076
63918,127277.46151159682
63920,171327.05328392555
63930,71154.38458867394
63932,73171.55343789714
63933,73171.55343789714
63934,239386.2854453782
63937,83752.06138095238
63959,73888.2631216513
63960,87901.69736530136
63961,109163.92292078683
63964,94400.26110204081
63966,173425.7882946529
63967,168734.99719036624
63973,148462.50938095237
63974,105712.22877736439
63975,108871.57250356683
63976,107651.30096436969
63977,105712.22877736439
63978,154349.23577391304
64114,136062.9624234432
64115,100564.30766843137
64116,129828.33066309663
64117,101011.62032041751
64121,95552.04710379781
64126,105000.0
64129,194974.0770476191
64134,103376.24760211393
64136,142577.12356885712
64137,135041.9068277374
64170,105001.0
64171,116594.79795717263
64175,150683.33359999998
64176,88514.85441893915
64180,77873.71747148602
64181,121754.51823219034
64182,93341.85020225511
64198,121719.61854130964
64199,92294.238454514
64200,116086.43406302168
64201,91900.65877067375
64202,103639.07428571429
64204,102068.70699333205
64205,156042.82526811628
64206,144274.91589602953
64209,106388.26668031477
64210,103006.80488870107
64211,120002.5377388341
64212,102525.18088823422
64213,109463.16942857143
64216,109463.16942857143
64239,129963.32324993689
64240,145531.8046666667
64387,124975.17094517675
64389,101765.9599497591
64390,125021.8488400973
64392,154004.28797300629
64393,154004.28797300629
64394,95940.64707778071
64522,250377.73392918194
64524,176162.50131797238
64530,300025.33778543904
64531,189952.40003934104
64532,174480.95541054598
64535,264508.691883935
64549,199987.3277777778
64552,171218.82666666666
64571,123314.15758827304
64572,125480.95011418061
64577,172928.72691444692
64579,211451.55364752273
64581,184110.56066656442
64583,133759.96173154446
64584,100622.8583235589
64588,66937.96134432235
64589,86242.818
64592,79450.29294871794
64634,208204.16359806553
64636,169203.2095728033
64777,284226.7038075588
64778,370004.2307692308
64790,321122.0
64795,379968.7808656314
64798,407888.8012227701
64799,200000.0
64805,437986.2723589744
64897,360021.50875
64900,568893.5761833608
64902,579958.7290197144
76324,174809.2192034632
76325,82062.96369019583
76328,96862.82660101076
76460,93516.63337808139
76479,154629.966365855
76481,85246.78477645965
76488,109831.3829070929
76489,166666.24971904757
76491,128037.378038045
76492,137355.28484848485
76496,181780.71185217393
76497,102029.37769594404
76498,101362.37102927738
76576,99120.28422350113
76581,149991.00894989833
76582,119130.62626123797
76586,69675.57213311101
76587,103926.77959561777
76591,102732.5276432721
76598,144782.61283295136
76608,119130.62626123797
76625,90282.2454564474
76647,143681.98155555554
76657,120033.66066666669
76754,100883.31689723153
76769,152340.84825490197
76786,203443.79086507938
76791,102642.52293781188
76833,152075.50103962704
76868,126511.364949309
76881,129709.01058453582
76882,143849.878
76886,236558.61036899942
76973,227013.54039884135
76981,195093.2411190476
77157,228801.653725595
77213,241794.04572222222
77221,237019.1086422466
77395,160149.1817252532
77409,329187.44
77543,556826.0152702344
107011,94032.84564290111
107014,152960.62417295022
107016,150620.4162303366
107020,93148.24113937296
107021,124531.63548546858
107022,124970.36140740741
107023,68715.70832576742
107024,124531.63548546858
107026,108029.48377894491
107027,117802.70195238096
107028,118013.39511904762
107052,89975.19291452348
107055,113700.81606801193
107077,109118.75263316608
107079,109118.75263316608
107080,109118.75263316608
107081,109118.75263316608
107083,76958.13138095236
107084,76958.13138095236
107085,100897.95762610469
107086,352614.9415523809
107088,115273.41879999998
107134,218458.46081862578
107144,102478.39163804727
107145,111708.96234741794
107146,102478.39163804727
107147,192617.57687687324
107148,128865.58906958274
107152,213519.85262664553
107153,213519.85262664553
107154,213519.85262664553
107155,213519.85262664553
107156,213519.85262664553
107167,144345.14734997443
107168,142271.74387603046
107171,112404.69407182753
107306,131395.92365566906
107307,148988.03313805748
107311,159753.69409523805
107319,114827.36139903574
107321,188918.25029689402
107324,145947.9378445628
107329,154021.47865365978
107333,105958.04269670114
107334,153621.1062174828
107335,105958.04269670114
107350,79244.42806438735
107351,84158.03951900783
107352,118313.49870993623
107475,290000.22302067664
107485,280001.6403288334
107489,290227.6813849835
107490,304382.452
107492,438167.268
107497,432398.93283333327
107513,115001.790628949
107515,117362.15383015036
107525,189612.34285714285
107618,194552.7556072573
107636,309318.58573946357
107645,289164.552
107657,184020.52475122738
107658,220640.6258079626
107659,230009.86584330702
107661,190604.11030603637
107743,189762.82866886831
107762,652284.1891921804
115818,178126.4864
115848,96441.00185332638
115866,323981.72348571423
115867,93204.2455507396
116064,101182.39451515154
116073,132746.08207843135
116590,244662.9883820513
121057,88113.05140668612
121143,73888.01912093165
121144,97112.51174490336
121147,159926.05137376842
121149,71008.62865555713
121151,128833.43328253969
121154,121965.59207777776
121156,142561.0919008664
121176,164110.8470984882
121179,120474.67597546898
121180,120485.34252525252
121187,98518.804
121190,108140.11024830349
121191,112485.21420904544
121192,100565.70868892116
121194,92831.73113033094
121195,126246.90955555557
121201,77439.73499050803
121202,104810.7065813076
121204,114700.26599112597
121208,69407.02380952379
121307,83218.3938884079
121310,117496.17094581123
121321,102097.08743809523
121330,220261.87666666668
121331,162356.5842434213
121335,211626.63112358112
121339,183064.12547990546
121340,149272.03061782717
121341,169157.36904761905
121344,130005.64912134805
121349,98015.9800398388
121350,90655.61226300907
121351,204456.33309956713
121352,128432.62863636365
121353,121985.78473448333
121401,175384.937667569
121404,220765.13096428566
121405,113002.75465511781
121408,97975.93448488005
121434,99350.66899899031
121435,104778.54198310156
121437,97332.17117084489
121439,118699.81892378241
121440,159975.2742009404
121457,147571.12175604174
121459,157188.70345376342
121461,100704.2126787416
121462,103006.80488870107
121463,106388.26668031477
121464,123256.05745618657
121465,117433.5573200829
121466,111236.10097950882
121467,158897.40999755802
121470,106388.26668031477
121471,143146.28057561142
121509,129310.9721803485
121510,129310.9721803485
121514,107654.50996984128
121515,172358.56280021896
121516,118648.77681578141
121517,129808.08494914175
121565,128779.65933333333
121566,109019.73682758969
121739,194705.3
121749,199502.45159991164
121750,199799.18213021103
121751,162673.66983333335
121754,121454.67929370528
121755,140885.983732974
121765,145271.3352234803
121768,326437.78256154025
121771,264270.55827282387
121773,161007.47178566045
121774,205262.8005373881
121796,139485.09898152578
121800,497244.97161904763
121823,319228.4166666666
121824,182224.6793810779
121829,154879.85322222224
121831,158372.89363847912
121832,189291.4102349961
121836,228534.40835873017
121837,216417.96823780582
121838,230035.57014898042
121840,251361.30577777777
121841,208111.7436518038
121859,168556.8444397725
121865,190521.68695353536
121866,137371.0515747482
121867,143187.82566577467
121886,169352.45537792213
121887,170256.33987271663
121953,128715.38073142695
122074,411650.5866666666
122078,198019.8034959772
122079,224489.1211862782
122085,230017.4039331747
122087,183955.7798011753
122088,172578.97866146223
122095,199000.0
122096,219355.000414109
122100,375482.26374688646
122101,395424.51965641027
122105,225355.13184319233
122115,499940.96
122116,260155.69756474518
122118,435873.1786666666
122122,353138.52716674085
122124,464844.27319347323
122127,449370.46280780365
122129,226320.9154347842
122130,225051.80575718725
122136,336684.18000000005
122166,169767.67075695848
122170,285345.95159021544
122242,301620.87546897546
122274,454124.47217460314
122563,63721.847416666664
122564,78874.62810837627
123271,94032.84564290111
123272,93148.24113937296
123273,68715.70832576742
123274,124970.36140740741
123275,124531.63548546858
123276,124531.63548546858
123277,89975.19291452348
123278,66124.10304665302
123282,102478.39163804727
123283,111708.96234741794
123284,102478.39163804727
123312,159753.69409523805
123316,149155.80306088796
123317,134921.75419047617
123319,188918.25029689402
123320,133438.86847619046
123327,152000.0
123329,118313.49870993623
123331,79244.42806438735
123332,85018.73890800866
123343,187230.86435832494
123344,213692.71924964373
123347,196695.56299778348
123351,251275.96592936505
123352,199938.21136712751
123354,280001.6403288334
123355,192226.16612903227
123367,115001.790628949
123369,117362.15383015036
123373,137164.74315174582
123386,194552.7556072573
123387,568418.4324175825
123389,230009.86584330702
123390,184020.52475122738
123392,220640.6258079626
123394,190604.11030603637
123402,380297.1516483517
123404,549018.4222222223
123408,571532.1127350428
126533,380659.2139318182
126601,140860.86278973924
126825,117399.93726780682
126828,105051.45454545454
126830,102245.7746046298
126832,79467.10716440438
126833,67523.22042459414
126834,79467.10716440438
126835,79467.10716440438
126837,98019.3648943331
126847,109094.8093990874
126849,119248.79724490183
126850,196749.95083027176
126851,153493.27959579584
126852,119794.26857149416
126853,153493.27959579584
126858,123263.58652188706
126859,140000.12219638785
126863,123263.58652188706
126864,123327.30250085893
126925,50482.17789761905
126927,77439.73499050803
126932,76126.10633531668
126934,105117.08368517667
126935,344268.31879141944
126936,77277.77332599202
126938,94046.38583556809
126995,127694.43927236654
127008,108364.02071222149
127046,75632.71300519252
127062,159383.4746139759
127073,100538.34682640008
127080,119380.82635588972
127083,135803.520550528
127084,208000.0
127086,99835.07773160175
127088,141906.21974433842
127095,520000.0
127138,152862.96461538464
127141,164855.25770776728
127162,76817.48004748422
127163,125442.9244080214
127164,125442.9244080214
127165,125442.9244080214
127166,125442.9244080214
127168,89676.72255730363
127176,74880.70397546516
127177,90597.87825815298
127178,163581.21980158726
127179,142455.10852933553
127181,142455.10852933553
127208,128741.78691601731
127216,125563.86544562364
127217,119957.6696
127218,125563.86544562364
127219,68417.55916802495
127337,78226.90051356248
127339,92088.42374443453
127342,134991.28848019853
127343,193940.98475263698
127362,142527.27691511388
127392,169698.89679084113
127411,226162.78205035842
127419,214437.5829299212
127431,263925.95866666664
127439,246979.4340496485
127451,255360.007
127476,238613.56902597402
127482,139919.71602763195
127483,149645.27714097497
127487,140518.82166271022
127497,217791.70907966472
127498,257135.73039804643
127521,188377.3199613631
127528,189042.9984635121
127530,156589.90239511663
127531,148905.6222383822
127587,234332.446
127603,144884.00818340215
127612,508585.15784213244
127637,293523.9909294996
127638,269894.6430452997
127639,217813.6007973953
127651,302723.22740952385
127681,290000.60248904995
127686,491276.96466666664
127687,438167.268
127725,185004.6282319395
127726,189933.6554294209
127727,240134.3018898978
127790,775165.7636363637
127813,554173.5574764378
127814,1095625.269151515
127817,585712.6904761904
132609,136535.61
132615,117999.67346938775
132619,67523.22042459414
132620,118735.47015516258
132621,118004.53899272291
132626,65001.40326263249
132641,510210.225347619
132642,168490.5683640055
132646,112142.11923691387
132651,77439.73499050803
132652,77439.73499050803
132653,77439.73499050803
132654,73171.55343789714
132655,73171.55343789714
132656,73171.55343789714
132657,73171.55343789714
132658,77439.73499050803
132659,77439.73499050803
132672,85119.30814122448
132675,118000.0
132688,97224.28001067367
132824,90461.97043055053
132825,64910.85399436967
132856,148982.73757345567
132857,160036.35819099707
132859,189951.73951480605
132864,93790.80666319834
132870,190004.87923187923
132919,139623.38893333334
132920,161572.12066666665
132921,105554.97380655525
132922,138143.695897619
132923,153610.5908952381
132924,136364.2874285714
132925,139623.38893333334
132926,138889.31015232237
132933,98928.67899615967
132951,69346.42372400804
132953,112634.32289690751
132955,75666.80153599849
132956,119023.53149591149
133022,102746.61504967259
133193,216215.1418
133194,220000.0
133195,187299.0799694206
133196,189952.40003934104
133197,187299.0799694206
133198,204953.95955860772
133199,131261.03507917176
133205,220000.0
133208,185040.21185558962
133232,261430.5882051282
133245,228534.40835873017
133258,220006.5341014535
133260,132950.6985416508
133262,340005.3574611811
133263,148933.10379541956
133264,140068.91162252234
133266,189952.40003934104
133450,260999.31993515693
133451,259901.58643849022
133455,259901.58643849022
133457,272997.7478991597
133458,259901.58643849022
133462,357418.9071633987
133478,306557.6459255411
133493,248999.59888935977
133575,380297.1516483517
143844,107885.25740013747
143873,69725.28060939777
143895,86456.86290912946
143899,150408.27816307673
143960,139229.21565117096
143987,107885.25740013747
143990,110625.71460089175
144029,112867.0315824486
144030,99747.45248267875
144031,99747.45248267875
144289,72975.85411294072
144291,163109.90166341767
144292,167206.58357166505
144293,149432.84710057636
144428,362538.4957641966
144484,432992.98666666663
144570,850467.1469999999
161005,84297.57340349733
161015,94032.84564290111
161020,119041.79055433699
161021,83797.82276121952
161023,165620.17875008818
161025,94128.16450409216
161026,109473.8134464084
161027,112436.1907318203
161028,112883.54461500933
161029,110383.06057165627
161030,136907.68792380957
161032,112436.1907318203
161033,112883.54461500933
161034,112883.54461500933
161036,109408.36759973006
161037,184753.47246153848
161038,99373.81417027416
161039,112436.1907318203
161040,110383.06057165627
161041,109473.8134464084
161042,179170.53446153848
161043,108333.28527166997
161044,112436.1907318203
161045,118735.47015516258
161049,110383.06057165627
161054,155526.2469607843
161055,109408.36759973006
161056,109473.8134464084
161057,120800.03098363633
161059,112436.1907318203
161060,112436.1907318203
161061,156275.3593794163
161063,129620.58355714286
161064,112883.54461500933
161066,109473.8134464084
161067,109473.8134464084
161069,109473.8134464084
161070,112883.54461500933
161071,112883.54461500933
161072,173733.18469841272
161073,112883.54461500933
161074,112883.54461500933
161075,109473.8134464084
161076,105127.63529352967
161078,109473.8134464084
161079,112883.54461500933
161081,105127.63529352967
161082,109408.36759973006
161083,112436.1907318203
161222,394680.5831946943
161224,294522.1287388136
161230,394474.6842857143
161232,308814.79
161234,291873.9578474894
161236,106798.4747060307
161249,105017.34983276007
161251,105017.34983276007
161259,73171.55343789714
161290,74450.21948338246
161292,119241.78424366369
161294,74450.21948338246
161307,171171.56444733043
161320,160561.36789444444
161478,68123.65939714805
161481,75927.65434537755
161483,141633.5
161484,89399.92645971291
161486,170688.72143881672
161493,150079.89109785776
161494,94995.65826666667
161495,128794.31948677247
161499,139304.78469047617
161503,242697.69090909092
161504,150079.89109785776
161546,114491.72066666668
161548,110683.66133333332
161561,135003.08391608394
161562,107025.42041355932
161576,170850.2228915344
161579,118313.49870993623
161581,148790.33443859516
161584,86959.16000080961
161586,96845.87533272392
161682,85341.7517379547
161806,252000.0
161807,184030.6072789804
161809,239999.27625581395
161858,136927.08621598923
161859,214214.6253743656
161921,98045.3042910607
162066,235000.0
162078,384948.94352665584
162080,493857.0
162090,825023.824117647
162094,472886.3
162096,517123.565
162101,140494.73073730373
162102,420000.69809941517
162104,477967.5573333333
162106,314503.1140832965
162108,201737.33017828123
162204,320000.0
170745,120466.44574761904
170748,139493.41478174602
170750,186970.08257142853
170751,241256.93266666666
170779,108029.48377894491
170781,100016.62190476191
170798,154601.9007797854
170809,279386.41640000005
170913,146521.84901587304
170926,126398.01042477875
170932,97745.87112072688
170933,238850.13376130545
170934,118015.88954416272
170935,118015.88954416272
170936,137157.23952380952
170937,130532.48803824658
170938,89253.23865348267
170939,130532.48803824658
170940,217401.60563595078
170942,130532.48803824658
170943,118015.88954416272
170944,253689.5432853813
170945,217401.60563595078
171681,179257.29933333333
172151,171094.75355555557
172155,282133.38695165946
172472,257949.1212705715
172474,355759.9747380953
173952,86571.946
173953,86571.946
175046,230883.68332125232
175055,113075.27314629272
175099,423983.87532888027
175597,98012.54721668466
176350,85414.02831431356
176351,107922.3856
176352,113844.60610793652
176354,114093.37806493024
176355,119534.43158587175
176356,119534.43158587175
176358,114093.37806493024
176359,114093.37806493024
176360,114093.37806493024
176361,119534.43158587175
176362,114093.37806493024
176364,114093.37806493024
176365,114093.37806493024
176366,119534.43158587175
176367,119534.43158587175
176368,119534.43158587175
176369,114093.37806493024
176370,119534.43158587175
176372,114093.37806493024
176373,106623.92304917311
176374,104929.845012285
176375,94969.00615736464
176376,130000.93809523809
176378,115004.4122524718
176380,114111.45870476191
176389,79952.33712466381
176392,94484.20970518596
176429,139383.20180451125
176431,158365.5772085401
176432,163818.10196540077
176434,90743.25141978095
176435,163818.10196540077
176436,163818.10196540077
176438,163818.10196540077
176440,163818.10196540077
176441,163818.10196540077
176443,163818.10196540077
176446,165000.5
176452,128836.11608143416
176468,159904.15866666668
176471,209081.70256410257
176472,168148.32587301589
176473,142919.16114848488
176475,137318.80894017094
176476,128701.092012987
176482,128417.42703333333
176483,102154.0198905775
176495,89865.03585282394
176500,142455.10852933553
176501,142455.10852933553
176508,86963.12803678303
176509,109781.54346416646
176512,158000.1770451424
176553,207919.5929823221
176554,187288.86435832494
176559,213692.71924964373
176568,169236.15489680856
176572,140806.4779345259
176579,199000.13023255812
176597,171097.4956673765
176598,167383.7792164018
176608,183668.3155191382
176611,190013.85774721947
176612,232972.99514808293
176649,207594.30103746013
176651,227916.54659663068
176654,573918.5000000001
176655,183955.7798011753
176656,225119.80263640714
176661,201183.67951851714
176666,477128.3234265736
176670,475998.5427476737
176675,327952.4532125821
176678,230003.41653023436
176679,519820.99176937435
176703,781114.504
176708,271371.76813402044
177828,403983.0781063577
177872,323063.4166666666
177874,331456.93896969705
177875,413108.5566666665
177876,305554.87533333333
177877,206945.97901154403
177878,173697.27791923238
177881,67643.68571428572
177886,377716.10647619044
177891,122365.10074052287
177893,158434.10114968033
177897,85188.19395128445
177899,86867.44009431697
177919,201429.42263377467
177925,246937.988
177943,99514.73466666667
178529,193792.35604631415
178822,344867.4535386725
178833,280893.9512448861
178846,232259.1227198646
179811,367514.10666666663
180267,122093.38543147658
180271,161040.62844372296
180295,85419.77010633919
180435,116624.39144827588
180436,125654.54568859722
180438,126163.72264932163
180439,108492.37509965591
180440,79346.36819298557
180444,129675.66820317459
180446,110626.95088285094
180447,106516.00946897626
180472,160794.29305472012
180476,79131.94400920374
180477,104265.2364983165
180485,87111.04947124823
180491,70757.47776491482
180495,73171.55343789714
180497,73171.55343789714
180498,73171.55343789714
180501,73171.55343789714
180504,73171.55343789714
180508,118012.1426887446
180509,73171.55343789714
180517,82577.4537237979
180520,135177.66524884003
180523,106433.66583333335
180533,73144.37350732714
180535,147798.2235010094
180623,81903.27820887185
180625,105827.1047348869
180639,115135.41416666665
180641,225519.7178952381
180642,226134.88247619048
180652,98937.1469959489
180653,182542.80830303032
180655,84667.00478349502
180661,192979.71
180663,229920.56
180675,200086.864
180677,128321.52333333333
180678,224308.90026262627
180679,141906.21974433842
180680,100183.84469963436
180717,105113.96862794612
180719,117300.24839831478
180724,78096.6209324762
180725,105113.96862794612
180734,172001.914103663
180735,99764.2680952381
180737,101688.94447619049
180739,93324.093313768
180745,101662.6740089308
180751,125044.67222924979
180754,149864.80340341106
180756,149864.80340341106
180758,140647.72706666667
180760,142455.10852933553
180761,91943.76316408311
180766,123119.55405318193
180784,118728.26062056735
180788,109098.57683276919
180792,103006.80488870107
180794,106388.26668031477
180803,91245.47027806805
181119,183878.05650492685
181131,149894.26818650836
181133,254865.9921891678
181134,288338.1950220441
181138,254865.9921891678
181141,264997.7545685705
181144,254865.9921891678
181145,254865.9921891678
181146,254865.9921891678
181147,252833.83211999107
181186,164774.56528427068
181187,283055.6666666666
181189,260037.33687512588
181199,148623.31380952382
181202,262731.7785374317
181203,199612.21619238346
181204,169017.70127575754
181205,158039.75315102065
181208,152513.0127778128
181210,170018.5928982417
181219,204025.1142222222
181222,158910.98037665623
181247,266757.168
181248,195489.18845316945
181249,146830.8061171328
181252,175146.1609032404
181253,183015.21951736012
181267,159899.82967316016
181269,168203.40778552755
181330,131768.11447762483
181482,335820.6932404045
181490,252322.2
181495,185495.15581964218
181497,230013.18081738832
181500,318825.9485334665
181515,324364.4621777778
181524,306557.6459255411
181541,173589.60675922045
181542,196965.25858821892
181543,249974.40367496104
181545,204895.54206876594
181555,199739.41666666666
181557,374789.76996664726
181558,228915.70907523847
181559,199225.64709570713
181676,521081.70714285714
181682,1208280.0
181686,374824.6448969706
181687,574063.3666666667
181700,375402.8266312052
181742,699105.0
181743,699105.0
181759,1072301.6190476192
182707,136228.5686666667
182710,146017.19666666668
182712,160591.32445279864
182731,119686.59768687392
182742,105691.74682284352
182759,96507.97998375187
182807,98108.72726716894
182815,145098.33611035923
182885,118914.72685225886
182902,204076.01645217158
182985,170022.14285714287
183014,118119.56272726294
183151,413033.8726666667
183152,369951.29120000004
183153,195016.0833333333
183155,408195.2749326007
183166,334378.8888888889
183173,256926.92701039117
183250,551952.5611190477
187367,92724.32216208789
187730,80759.69906882603
187810,177068.5177957092
187811,92860.80590254221
187854,92860.80590254221
187910,113142.23751600066
188009,102065.31602301273
188024,66309.5830715806
188026,71087.59466876244
188060,92860.80590254221
188093,166453.27832158297
188322,151247.7758968254
188768,274579.35136507935
190151,68924.35656262518
190186,52297.908257053845
190187,102856.84292394917
190205,102070.34716655115
190212,87504.04545454546
190213,87504.04545454546
190218,89016.49154505496
190219,108707.1680792711
190220,246589.0522787879
190221,119668.144
190355,79012.21918266718
190414,82797.36207949447
190417,100000.0
190418,94732.37243897664
190422,98003.37765613584
190451,115544.67774141417
190479,107838.73918546637
190481,103006.80488870107
190484,103006.80488870107
190486,134514.216859944
190487,107838.73918546637
190789,214959.43129530322
190791,120120.15347667536
190792,159907.48040997426
190794,152517.73022593916
190797,187455.17820706754
190798,165000.04434313395
190801,174000.0
190815,336842.5281904761
190816,353033.1148571428
190817,343159.5859047619
190820,260000.24401126296
190846,220000.0
190848,150348.3421993506
190849,120099.25135213323
190914,120764.37286739603
190915,137164.74315174582
191020,217813.6007973953
191022,386370.6239569985
191025,234773.0
191026,325000.0
191036,410862.491484127
191043,420005.7471357966
191045,231528.08518307007
191062,337946.0214050779
191133,329990.1582494118
191134,328987.1246589866
191144,381401.931192099
191151,201462.89859711364
191193,626234.9940476198
191399,105139.8357
191417,113240.22725108227
191456,90963.93666490511
191980,131149.28746066254
191982,135633.22502435732
192279,163109.19587178348
192304,119862.72997055638
192307,155872.94073922027
192542,263688.840684415
192769,106516.00946897626
192770,129378.29243867246
192772,120624.92823127667
192779,124629.29711098385
192780,95005.44909831038
192789,104229.79031251236
192792,98831.08842529912
192793,96009.8648827231
192797,73171.55343789714
192800,91252.59122371764
192805,98361.09289931974
192829,212389.3180952381
192830,74955.54518027083
192831,149221.9191919192
192833,101011.62032041751
192834,100564.30766843137
192836,135041.9068277374
192837,175727.21484081997
192846,95552.04710379781
192860,119696.18768853562
192872,144274.91589602953
192875,158312.03723692778
192876,156042.82526811628
192892,95940.64707778071
192909,207919.5929823221
192910,189952.40003934104
192916,264508.691883935
192917,286663.1945670428
192922,171218.82666666666
192923,170034.82666666666
192932,263805.2080380952
192947,211451.55364752273
192949,184110.56066656442
192960,187650.9598450166
192963,169203.2095728033
192976,370004.2307692308
192978,284226.7038075588
192979,200000.0
192984,317067.7562762936
192992,200000.0
192993,307671.0716349206
192994,407888.8012227701
193006,360021.50875
193013,579958.7290197144
193014,985906.0
193016,1327373.5434010427
195376,139109.54402180118
195386,106185.77675133756
195388,91351.21101494817
195389,147491.6604397361
195400,147491.6604397361
195446,73888.01912093165
195457,71008.62865555713
195458,78075.01036657103
195462,142561.0919008664
195463,142561.0919008664
195468,115274.25803167422
195470,115371.66764705883
195472,111583.66018333333
195474,93823.3653138254
195476,93823.3653138254
195477,93823.3653138254
195478,93823.3653138254
195479,93823.3653138254
195480,93823.3653138254
195481,93823.3653138254
195482,93823.3653138254
195483,93823.3653138254
195485,93823.3653138254
195486,93823.3653138254
195489,93823.3653138254
195490,93823.3653138254
195491,93823.3653138254
195492,93823.3653138254
195494,93823.3653138254
195514,102070.34716655115
195517,136499.98166825398
195518,126115.34801041063
195529,114603.09910293196
195532,51382.688095238096
195535,77439.73499050803
195539,77439.73499050803
195547,114700.26599112597
195556,70932.74496285964
195573,113178.44522019444
195581,143269.82007393433
195584,143269.82007393433
195585,143269.82007393433
195591,143269.82007393433
195593,157233.3993953301
195600,153317.92631961172
195605,143269.82007393433
195661,88946.1413755503
195668,90655.61226300907
195672,130005.64912134805
195674,120297.62312384933
195679,98015.9800398388
195682,120018.91202142855
195683,119321.34582445888
195684,119321.34582445888
195685,119321.34582445888
195686,119321.34582445888
195687,119321.34582445888
195688,120018.91202142855
195689,119321.34582445888
195690,119321.34582445888
195691,120018.91202142855
195692,120018.91202142855
195695,119321.34582445888
195697,120018.91202142855
195698,120018.91202142855
195700,120018.91202142855
195701,120018.91202142855
195702,119321.34582445888
195703,119321.34582445888
195704,119321.34582445888
195706,119321.34582445888
195707,120018.91202142855
195708,120018.91202142855
195709,120018.91202142855
195710,119321.34582445888
195711,120018.91202142855
195736,101037.51315897437
195741,322610.73314285715
195749,97975.93448488005
195750,97975.93448488005
195765,97332.17117084489
195768,194866.59338330623
195769,155878.01794534829
195772,168097.363
195788,195000.5174910229
195792,84741.51463539686
195795,103006.80488870107
195796,157188.70345376342
195797,106388.26668031477
195798,123256.05745618657
195800,100704.2126787416
195801,158897.40999755802
195807,177803.21727731358
195808,154822.9358674948
195844,129808.08494914175
195853,161173.14639462152
195854,146395.70184513283
195855,151541.50281496847
195857,151497.99888441293
195858,151541.50281496847
195859,109019.73682758969
195953,326649.64803415537
195955,205262.8005373881
195956,161007.47178566045
195960,206145.0827343192
195962,264270.55827282387
195993,290340.36138498347
196006,352350.45063930616
196007,158372.89363847912
196021,239139.83300818715
196024,302546.76183516014
196025,168556.8444397725
196026,205503.4466750657
196027,197071.80762294552
196124,285238.25777557946
196127,224489.1211862782
196129,198019.8034959772
196132,230017.4039331747
196138,339932.5857142857
196139,523629.63533333334
196141,340102.5857142857
196143,332777.73598390806
196145,340675.31177777774
196147,199000.0
196167,449370.46280780365
196175,248094.29645253718
196188,285345.95159021544
196190,230006.852096012
196233,440323.2974916805
196241,567619.1111111111
200179,95581.87616083914
200276,105858.71219047619
200277,94032.84564290111
200283,119041.79055433699
200284,83797.82276121952
200285,95197.38
200286,113936.14408465609
200288,178921.3980771389
200292,129632.75793362195
200294,115441.66764705883
200295,118735.47015516258
200296,113526.57461904762
200309,172944.0
200310,88873.30697667888
200311,111960.534
200312,93937.75423809525
200313,160794.29305472012
200314,127892.19933333334
200315,117420.29455423281
200317,380995.8063809523
200318,76250.7956438013
200319,115403.35763333332
200320,108002.65977379483
200324,293931.23326690233
200326,152713.81189055974
200335,51028.01840000001
200348,105017.34983276007
200349,237889.0877142857
200350,105017.34983276007
200352,276996.17412238667
200353,399286.1430206216
200394,73171.55343789714
200432,119241.78424366369
200436,74450.21948338246
200447,260576.72987015432
200460,235820.63782857143
200461,195310.0374897524
200462,195310.0374897524
200463,123299.35370059762
200464,140189.1324731134
200465,195310.0374897524
200466,136715.9006958632
200467,136715.9006958632
200501,128843.88702860537
200502,216998.22873287054
200503,108157.51911389288
200608,68123.65939714805
200609,141633.5
200613,170688.72143881672
200614,140323.61367513516
200616,153006.97123574204
200617,127508.28072900987
200620,126324.34620578897
200621,94995.65826666667
200628,125014.10324644297
200629,121955.74974142715
200630,242697.69090909092
200631,228059.9434863636
200632,126324.34620578897
200634,195229.7504539778
200636,145947.9378445628
200638,118654.39903492061
200639,86798.17397313798
200640,89355.59336334775
200641,195358.82483333332
200642,111268.69866666665
200643,126324.34620578897
200644,111268.69866666665
200645,134439.65472074383
200646,126324.34620578897
200670,165686.9372051559
200671,111102.79193508114
200682,179762.29142432223
200683,179762.29142432223
200686,179762.29142432223
200687,162492.15268835815
200689,179762.29142432223
200693,97332.17117084489
200698,64229.54948986342
200699,91274.68446324256
200704,82485.319824565
200712,172350.54448270184
200713,172350.54448270184
200715,86595.80664232805
200716,172350.54448270184
200717,190872.25007564458
200727,86959.16000080961
200728,124766.83650557039
200732,118313.49870993623
200736,129663.34552875561
200806,122870.88687512444
200807,96276.54551283707
200935,252000.0
200936,239964.70588235295
200937,239999.27625581395
200940,184030.6072789804
200941,255790.77580952385
200943,126234.3682388138
200944,160549.22496392787
200945,265003.23945548147
200946,463847.528
200950,265116.7444444444
200967,323838.168
200973,265090.9439673814
200978,219198.91592787224
200979,223319.5053876588
200980,147459.4107687428
200981,214508.95377981267
200982,123314.15758827304
200983,149256.48720925886
200992,133690.9240383632
200993,140163.79677050989
200996,136927.08621598923
201016,205488.2180806723
201017,269794.4937878564
201018,269794.4937878564
201032,147697.14172112374
201185,235000.0
201187,449406.5166000667
201193,847042.2857142858
201208,140494.73073730373
201209,420000.69809941517
201211,201737.33017828123
201278,396401.343047619
201954,47741.4
201956,143216.82112554114
202016,222546.42237753473
202029,99015.61877321603
202040,76570.547703184
202042,134817.50795887446
202046,127398.83866666665
202047,111004.39374358972
202048,113696.14321904759
202063,100769.21645753748
202068,73647.65235333239
202075,72782.64807138915
202088,102383.1803961935
202099,107643.63219586699
202161,96859.71029476295
202171,188487.27304444448
202172,185983.97442857138
202182,230110.98583119045
202187,222110.62828571428
202188,115936.21003476628
202231,66804.5596996867
202239,96474.30000000002
202241,124014.85010546085
202250,187810.22799999997
202284,112241.80199372719
202287,126405.946041764
202418,185837.94925385728
202435,266297.33708571433
202436,228457.6958477981
202437,176417.70353625366
202458,200545.23749495923
202462,198310.61853875744
202466,285017.18666666665
202468,285017.18666666665
202469,285017.18666666665
202500,197405.6253490529
202513,209803.66727973142
202585,518700.2015824176
202601,509102.33347619046
202659,1235357.5817142858
213689,130072.90440598292
213690,129985.72594927295
213710,90498.03781887359
213712,134823.0405344536
213787,192309.95708180708
213849,84087.5249353386
214383,115684.80492328908
214521,84785.47438158808
214604,92088.65310836265
214694,244395.99333333335
214695,167697.64427092404
214919,207838.50971511396
214928,190540.4301355405
215077,306055.255
215946,94032.84564290111
215948,83871.75681624633
215949,124970.36140740741
215950,124531.63548546858
215951,68715.70832576742
215953,124531.63548546858
215957,89992.65834359334
215971,102478.39163804727
215972,102478.39163804727
215989,144903.05800073125
215990,148988.03313805748
215993,159753.69409523805
215996,149155.80306088796
216014,123750.42246200607
216017,96578.10497057371
216018,152000.0
216027,79244.42806438735
216028,85018.73890800866
216029,84158.03951900783
216031,118313.49870993623
216055,187230.86435832494
216056,196695.56299778348
216058,280001.6403288334
216063,312973.3174603175
216072,165981.24581203656
216075,115001.790628949
216076,117362.15383015036
216084,241816.09944862156
216086,137164.74315174582
216099,194552.7556072573
216108,220640.6258079626
216109,230009.86584330702
216151,92579.97591436039
216152,92385.58228212803
216156,92429.54550061746
216893,86485.95840135885
216965,73888.01912093165
216971,71008.62865555713
216973,142561.0919008664
216974,142561.0919008664
216975,130000.0
216978,131975.1987238095
217010,77439.73499050803
217011,77439.73499050803
217014,114700.26599112597
217015,90960.36009690232
217021,83998.25401744388
217022,70932.74496285964
217074,75632.71300519252
217094,88946.1413755503
217102,130005.64912134805
217103,90655.61226300907
217141,97975.93448488005
217181,97332.17117084489
217186,195000.5174910229
217188,84741.51463539686
217189,106388.26668031477
217190,117433.5573200829
217194,103006.80488870107
217196,109781.54346416646
217198,157188.70345376342
217211,129808.08494914175
217274,109019.73682758969
217361,149227.99600333738
217362,199502.45159991164
217371,161007.47178566045
217374,264270.55827282387
217377,205262.8005373881
217378,206145.0827343192
217415,158372.89363847912
217416,228534.40835873017
217431,205503.4466750657
217558,172578.97866146223
217559,198019.8034959772
217561,283008.91678153194
217562,183955.7798011753
217565,224489.1211862782
217566,285238.25777557946
217567,230017.4039331747
217570,225355.13184319233
217571,199000.0
217585,449370.46280780365
217601,285345.95159021544
217634,440323.2974916805
226632,240226.63476666674
226635,104163.65178891197
226636,116771.43009953643
226638,119182.63113643248
226639,161866.2177840107
226678,108280.97297094073
226681,91551.95617062513
226682,88431.69954181339
226949,83383.35424531561
226954,261370.7506111111
226955,244221.35842857143
226956,165053.83752567694
226957,94128.16450409216
226958,52297.908257053845
226959,123087.34901653291
226968,90225.80036530789
226969,107749.11980352111
226973,111848.68145425625
226976,139039.0283
227048,89317.64527616174
227050,124826.56146118678
227051,98315.43333333335
227053,114262.9152483816
227054,116645.12038740976
227057,111888.70533775896
227060,80018.32538264891
227073,97838.97106763285
227074,105117.08368517667
227075,122720.29999999994
227113,103353.12076190478
227114,141347.03035258633
227115,141347.03035258633
227138,108157.51911389288
227142,69776.60980547755
227269,131885.92276654302
227276,88413.70243937109
227277,136565.30413210005
227279,120008.0257135054
227292,183030.65499371337
227303,115005.9868944659
227306,188263.77241218672
227308,141906.21974433842
227365,210013.9121196581
227367,202005.66436104933
227369,218279.86148956872
227387,144516.96800468548
227388,67685.57817705152
227394,142455.10852933553
227395,142455.10852933553
227408,195825.30449518832
227411,129855.77681237218
227413,122621.5580532969
227415,113869.0240394701
227469,102783.66807779441
227470,93298.81174445164
227527,111875.1794631928
227535,66562.25519945784
227749,192492.1450985771
227772,214126.49866666668
227776,184030.6072789804
227777,169338.78158755886
227778,189716.71027545648
227779,148589.48359759536
227794,200009.10407239822
227801,200009.10407239822
227803,264531.9445257376
227823,351695.9037266987
227842,239828.95746852283
227844,192492.1450985771
227849,211006.59335806093
227856,176859.5993429464
227862,179541.49193808463
227864,154976.6563390397
227865,109962.56277328213
227884,204857.29509267813
227920,144160.55654320135
227921,236302.0
228062,261803.8421760032
228066,532903.7288175501
228069,237794.61419860434
228071,240000.42857142858
228073,240000.42857142858
228086,307915.8537142857
228091,251578.26923076925
228104,249004.26923076925
228107,222310.2324750135
228109,198788.92521783264
228138,370103.8714894366
228220,526464.5226666667
228221,444617.30168737425
228276,1072301.6190476192
228466,130283.08024054894
228591,73888.01912093165
228594,71008.62865555713
228595,130000.0
228596,142561.0919008664
228602,102070.34716655115
228630,77439.73499050803
228634,90843.45302531299
229014,115014.6761111111
229127,139928.89505739554
229129,124667.59238092115
229130,88328.68927567579
229131,177653.7842906238
229397,108420.2967174187
229398,83624.0846807824
229401,129292.82538621215
229427,95406.26411466244
229429,207404.4125024893
229661,175720.74974603174
229724,183064.12547990546
229727,88946.1413755503
229735,204406.09619841268
229737,98015.9800398388
229738,130005.64912134805
229742,90655.61226300907
229745,162962.15171904757
229750,211019.61404761905
229753,98667.30025228689
229763,98667.30025228689
229764,98667.30025228689
229766,98667.30025228689
229768,142985.82139671233
229770,97975.93448488005
229773,99350.66899899031
229777,134784.6962116402
229778,134053.84199134193
229779,97332.17117084489
229790,195000.5174910229
229791,134053.84199134193
229794,84741.51463539686
229795,117433.5573200829
229796,90275.11233099332
229797,106388.26668031477
229799,100704.2126787416
229801,123256.05745618657
229803,106388.26668031477
229806,157188.70345376342
229812,160248.375194214
229815,129808.08494914175
229816,193518.01111930364
229819,160248.375194214
229820,160248.375194214
229826,109019.73682758969
230083,121711.24618020542
230092,107025.85855483462
230093,79110.05928157779
230184,186871.39241279458
230234,264961.54722755024
230235,217033.53633333332
230241,140885.983732974
230251,205262.8005373881
230256,161007.47178566045
230261,264270.55827282387
230262,117308.72356989248
230263,168778.4115953316
230266,351695.9037266987
230267,168778.4115953316
230268,168778.4115953316
230274,239828.95746852283
230278,158372.89363847912
230286,396992.66666666657
230293,168556.8444397725
230601,307889.82857142854
230692,362047.2717861319
230695,315000.0
230696,172578.97866146223
230699,224489.1211862782
230700,283008.91678153194
230701,285238.25777557946
230702,183955.7798011753
230703,198019.8034959772
230707,230017.4039331747
230708,237794.61419860434
230713,199000.0
230719,225355.13184319233
230721,419795.7051158731
230723,310839.6181135532
230724,240000.42857142858
230727,240000.42857142858
230729,378313.9833647523
230731,238034.33221980874
230737,449370.46280780365
230739,1058496.2869352864
230747,230006.852096012
230749,285345.95159021544
231006,405294.4774844006
231007,1072301.6190476192
231012,677438.0649350649
231013,667920.0922285714
231015,444617.30168737425
232205,103160.39949184805
232206,208799.78427777783
232210,97545.39801717171
232211,123774.77014136479
232217,217616.49531623934
232218,203420.15185194806
232221,175548.84674739378
232224,76324.85906523907
232227,82281.1904371568
232228,77439.73499050803
232229,73171.55343789714
232230,77439.73499050803
232235,102478.39163804727
232236,102478.39163804727
232237,55734.77258028619
232238,91863.49528953398
232239,102478.39163804727
232241,62876.80975
232304,81328.73316640768
232306,94979.6240932181
232307,89031.18796506146
232309,79918.59464284677
232310,109995.06666666665
232312,139951.130995316
232313,90735.32352767308
232314,123616.999
232316,204984.5905882353
232319,161411.99546574784
232332,148790.33443859516
232333,156042.82526811628
232335,139954.130995316
232337,108597.96559414455
232385,107853.60222464916
232386,85397.89940203127
232451,160161.67286695176
232454,330732.3196839101
232455,178000.94997369757
232473,145439.73451246077
232475,184110.56066656442
232550,289978.84405747976
232551,143381.5345609733
232553,199027.23076923078
232588,568893.5761833608
233566,97196.9653888854
233572,137863.8684190735
233578,97855.27432451931
233580,192205.254058106
233582,134308.43063838387
233583,177531.40116666665
233585,444419.49590741197
233586,83906.39191048134
233587,90233.64026522002
233588,391016.1062166667
233593,93823.3653138254
233594,93823.3653138254
233597,93823.3653138254
233598,93823.3653138254
233599,93823.3653138254
233600,93823.3653138254
233601,93823.3653138254
233602,93823.3653138254
233603,93823.3653138254
233604,93823.3653138254
233605,93823.3653138254
233606,93823.3653138254
233607,93823.3653138254
233608,93823.3653138254
233609,93823.3653138254
233610,93823.3653138254
233651,166007.11884868745
233652,100897.95762610469
233653,100897.95762610469
233654,166007.11884868745
233670,230967.81237736522
233673,1080674.5764888888
233675,94865.53912619049
233676,84665.38406345317
233679,94992.96159206647
233681,76252.80021134473
233683,226860.67469047618
233685,89027.29418734336
233686,159382.36958130254
233694,73085.80202389097
233698,49372.10038095238
233705,134945.39318298516
233715,85755.42978769644
233716,112223.3839165493
233717,89337.32338130474
233718,86549.15277813014
233826,103476.7123161494
233829,96371.07756120482
233845,153253.67038095236
233850,110650.46079836831
233852,194999.94545454544
233877,57440.82437340437
233880,98781.50744579984
233886,108543.88490384431
233888,119260.51283612961
233889,102445.76286892784
233950,158897.40999755802
233951,129933.96806046694
234214,223864.51037900048
234218,244247.8679121212
234226,229563.81125970074
234227,215014.30436956522
234228,162950.7541941268
234229,215014.30436956522
234240,247985.2823591753
234242,273078.0666666667
234244,205550.03397079185
234246,263409.562
234264,143919.6107343722
234265,180679.99768352252
234269,235500.0
234270,153245.77954995265
234273,265087.97112896346
234274,223448.20413437224
234326,149256.48720925886
234327,214508.95377981267
234328,222573.33183057187
234458,359271.0841262924
234459,380330.35216211807
234460,324602.8083418184
234466,325164.23609098117
234476,266694.7128767609
234486,332244.06748153805
234487,309443.84967321815
234490,867527.3842185683
234491,321328.0744546423
234503,300102.7714180842
234506,339999.8856633562
234510,155321.28203720352
234597,664269.469747736
234598,652284.1891921804
234599,608648.6054461879
234600,608648.6054461879
234602,593006.2095238097
234603,628943.3178338003
234629,1398050.0
237578,117269.25816666664
237725,89752.20466013589
237726,89752.20466013589
237731,105355.59188110025
237733,97545.39801717171
237735,124114.51585454546
237736,127621.1079090909
237739,172717.04924306332
237740,123774.77014136479
237787,121345.17406349204
237788,118735.83051534987
237789,122746.01871572265
237802,76324.85906523907
237804,110674.67802175583
237805,93400.16907930782
237810,73171.55343789714
237813,77439.73499050803
237858,95152.21876423214
237859,94595.50526151546
237860,55734.77258028619
237861,102478.39163804727
237862,102478.39163804727
237864,94595.50526151546
237865,94595.50526151546
237866,102478.39163804727
237867,91863.49528953398
237868,101451.9330474735
237882,58695.07304511279
237884,97687.73069711987
237885,108647.69920853859
237898,88016.31766001185
237899,94222.39141697194
237901,95316.01027411479
237903,52183.48451506833
237966,87835.31417226585
237993,90735.32352767308
237995,118676.89777489174
237997,109995.06666666665
238009,128432.62863636365
238010,128432.62863636365
238014,204984.5905882353
238015,161411.99546574784
238099,137655.15977624094
238102,171244.4536105415
238103,102347.68747200692
238118,136135.7103965475
238122,156506.9313333333
238126,167932.51070597387
238134,169424.3799964906
238138,737793.697032439
238140,131882.38195238094
238154,118370.4359496869
238157,148790.33443859516
238159,137255.26114510346
238160,127097.90045752322
238161,156042.82526811628
238168,112915.91539578006
238169,108597.96559414455
238173,148790.33443859516
238175,148790.33443859516
238176,154610.6561694021
238276,85397.89940203127
238277,113147.67818726294
238458,135215.47904750667
238462,183478.11925166726
238466,160161.67286695176
238469,225316.986031746
238471,261347.8041904762
238472,326649.64803415537
238473,409282.33733333333
238476,178000.94997369757
238483,235920.43786650288
238536,406825.5833333333
238539,271506.2052714709
238550,175211.2757669959
238551,290935.13261904765
238554,191896.47942246753
238568,173498.13272846007
238576,169509.1109553189
238582,166424.4297967152
238583,220111.69388593428
238613,189537.40204849473
238614,338991.632
238615,173338.8618884784
238616,180605.2411688312
238675,138792.7441485234
238676,171861.2759005526
238677,195534.63998457024
238833,227916.54659663068
238835,143381.5345609733
238839,289978.84405747976
238840,199027.23076923078
238841,223014.42884848485
238844,221857.28620490615
238883,505565.4669166667
238884,253097.46881623162
238885,510492.48236300045
238887,476814.0523809524
238890,239344.0140650242
238893,222265.93746072587
238910,302337.31325593486
238914,297266.0741044197
238915,467203.6294464694
238916,195807.61691686677
238917,193212.72974010717
238918,297266.0741044197
238919,183745.04117942465
239044,568893.5761833608
239088,769616.1494871795
255840,117540.05719648724
255842,91551.95617062513
255861,117999.67346938775
255862,119041.79055433699
255863,105322.40893188225
255864,67523.22042459414
255865,117999.67346938775
255867,179392.684
255868,118004.53899272291
255870,118735.47015516258
255876,134038.13102406648
255880,77439.73499050803
255881,77439.73499050803
255882,77439.73499050803
255883,77439.73499050803
255884,73171.55343789714
255885,73171.55343789714
255886,73171.55343789714
255887,77439.73499050803
255888,73171.55343789714
255892,86602.74852508769
255893,119241.78424366369
255894,118000.0
255896,152374.19504681954
255897,133666.2689126409
255899,155873.90381845602
255912,189951.73951480605
255913,84135.64891404778
255914,148982.73757345567
255916,160036.35819099707
255918,93790.80666319834
255919,190004.87923187923
255935,79494.47906982368
255936,76321.98853586384
255938,98928.67899615967
255945,112634.32289690751
255947,119023.53149591149
255949,189967.2926050138
255954,236585.00844444445
255955,219354.88525530774
255993,204953.95955860772
255995,187299.0799694206
255997,187299.0799694206
255998,189952.40003934104
255999,220000.0
256001,187299.0799694206
256002,220000.0
256003,265003.23945548147
256004,185040.21185558962
256009,167574.23590717046
256022,195000.0
256026,140068.91162252234
256027,204987.29289194106
256029,340005.3574611811
256030,189952.40003934104
256056,259901.58643849022
256057,341909.6499673316
256058,259901.58643849022
256059,259901.58643849022
256060,272997.7478991597
256062,260999.31993515693
256064,259901.58643849022
256068,837002.363484535
256069,334973.8731474408
256070,200592.17234814924
256072,248999.59888935977
260293,129741.36430041475
260419,135279.5934310146
260422,93148.24113937296
260423,60975.87044300144
260425,124531.63548546858
260428,89398.072811372
260429,68715.70832576742
260430,124970.36140740741
260431,93255.44183242589
260433,129675.66820317459
260436,101604.54050947957
260437,89975.19291452348
260439,89992.65834359334
260442,66124.10304665302
260469,140104.79866841357
260480,106437.45081764957
260483,95771.42626880767
260486,123736.4955
260499,38166.373666666674
260509,128371.20918984154
260513,159909.71145656565
260521,71346.77292119972
260522,80565.21834292506
260523,103179.74085714285
260525,102478.39163804727
260526,102478.39163804727
260528,81548.21935661341
260549,83441.7128588606
260550,110633.41069630571
260571,79891.23912355822
260663,101059.87867018995
260684,148988.03313805748
260687,96371.07756120482
260694,109617.2519318513
260697,144903.05800073125
260698,159753.69409523805
260706,95050.15148580718
260707,188918.25029689402
260708,145947.9378445628
260742,127492.49895210726
260745,144157.86182106304
260746,99958.23567391305
260749,168490.66891575092
260763,110381.8248040892
260768,136870.1664385471
260769,118654.52050983807
260770,154120.0940713197
260775,101829.33070215593
260777,95123.02747520735
260778,115689.14112265645
260781,110596.00551907757
260804,98388.92351566456
260805,119894.34245411256
260806,177506.3646999667
260810,132499.88010180942
260814,118313.49870993623
260815,84158.03951900783
260816,123238.6202951501
260818,85018.73890800866
260860,124253.44581230685
260861,160248.375194214
260863,176257.89449609444
260864,120586.8414920635
260865,153729.9804187965
260871,116792.20728429602
260890,114435.53456484017
260891,144126.91064614707
260894,199384.1801818182
261053,187230.86435832494
261055,196695.56299778348
261057,290000.22302067664
261058,213692.71924964373
261062,174295.35934087497
261066,411247.17703030305
261080,429541.412
261081,201451.08044444444
261104,148980.1609244764
261105,201827.11359451007
261107,282066.80393629946
261108,185230.4913635221
261110,370241.2990398492
261128,139289.306813736
261130,264837.1461333333
261134,93705.63875725552
261139,215502.66708989048
261140,204879.52274603175
261146,173585.963
261149,181483.1936325011
261162,252877.67933333333
261163,252877.67933333333
261175,115001.790628949
261177,148905.6222383822
261197,240389.00999999998
261216,137164.74315174582
261365,496163.31013643683
261379,479392.79615384614
261394,365771.8307081807
261402,449606.30130000715
261404,396132.92709956714
261405,138614.06468189118
261408,241678.12723211074
261409,268994.84228282835
261410,293709.1199163059
261420,617234.7435204434
261422,220640.6258079626
261423,167655.48340802905
261426,230009.86584330702
261442,429733.916
261444,239301.27061774195
261525,285644.26644615387
261558,603780.9083961039
261562,492861.1201465201
271665,326241.52133333334
271666,104543.73195364248
271667,148204.91513923014
271675,238236.10523809525
271676,116884.84504761906
271682,93823.3653138254
271684,93823.3653138254
271685,93823.3653138254
271687,93823.3653138254
271688,93823.3653138254
271689,93823.3653138254
271690,93823.3653138254
271691,93823.3653138254
271694,93823.3653138254
271695,93823.3653138254
271710,103853.05000266043
271711,150968.77759668842
271712,150968.77759668842
271713,103853.05000266043
271715,103853.05000266043
271716,150968.77759668842
271717,150968.77759668842
271718,103853.05000266043
271719,103853.05000266043
271721,84431.89855026454
271722,191815.2703503835
271723,84431.89855026454
271770,102325.47197479928
271782,134429.8124385261
271783,140555.67348169824
271806,122879.94475132995
271808,116940.22329306194
271816,161173.14639462152
272218,116641.13396217363
272228,151744.56882251083
272235,64967.25381551754
272250,76773.16666666666
272252,121170.00993650794
272253,134706.62743601063
272254,175705.9349884495
272309,177018.01179782813
272314,93580.36070634917
272320,177416.48355635168
272333,61383.84483673299
272368,123726.03702942355
272372,128224.77935483871
272381,130087.0401396262
272422,167492.18472387496
272424,117680.31333333332
272445,84454.74808177674
272523,91025.69183163265
272723,152901.25173382173
272729,152901.25173382173
272743,288041.0700848354
272748,233203.64803312637
272750,136686.02166837212
272752,275650.54191469203
272762,280891.1127869674
272763,233203.64803312637
272766,263308.3159368558
272796,119279.29747896103
272801,216514.49768730483
272830,289743.96707936516
272831,216505.3761217691
272832,197253.2446153926
272833,336798.49400000006
272878,269666.23213568603
272880,275650.54191469203
272881,267454.60541506304
272882,218958.87949206348
272883,197253.2446153926
272884,267382.261502347
272886,216505.3761217691
272887,241492.81621637783
272889,135747.03698702113
272928,116456.60507774241
272954,164173.67896263837
273317,231699.53986666666
273321,644784.2380952381
273325,417519.1097575758
273326,413733.2334961863
273342,360793.46235626657
273346,360793.46235626657
273351,893141.892
273354,417607.5313738817
273360,269857.0008059289
273374,241492.81621637783
273377,300058.4632598568
273380,638823.5614035086
273584,893141.892
273588,821139.998
273633,864500.0
273634,798202.014
274560,107324.66607932908
274561,121728.32098320706
274572,117938.01964444401
274648,108405.12499657396
274649,136319.04394943317
274657,126523.43560893749
274658,153123.9648856185
274659,156423.44188161002
274660,103162.63811118904
274661,103162.63811118904
274678,142661.07848809523
274679,428831.0
275126,352585.53020779224
284082,275683.9372403168
284087,72307.18437886087
284094,325736.04031177686
284096,115004.4122524718
284131,73321.87014254941
284147,134335.4546357724
284148,162438.60244911298
284154,117000.0
284155,142705.748
284158,164539.74831501834
284159,188022.6933333333
284163,204857.29509267813
284287,78898.7139549573
284292,87703.02713512225
284293,87703.02713512225
284294,87703.02713512225
284304,163818.10196540077
284306,112145.89553715795
284316,112429.40285975466
284320,179062.28342857136
284324,194999.94545454544
284326,183030.65499371337
284327,128142.0
284328,121559.17970940171
284329,106711.3473374115
284356,202005.66436104933
284359,210013.9121196581
284360,218279.86148956872
284364,132964.6601664534
284373,144516.96800468548
284374,144516.96800468548
284375,103986.12190708477
284376,143602.62014487004
284380,118007.58819032439
284387,127599.32670248002
284389,127599.32670248002
284390,153566.86386031227
284391,142268.49490681713
284393,95553.0660481809
284397,87502.11916122332
284402,81581.98480690696
284403,63348.993247648905
284417,164351.0349686399
284418,112205.94719314501
284426,99439.15102785348
284427,112285.15263424031
284446,159593.1098280252
284448,124290.66300025715
284449,92157.14706484285
284450,124290.66300025715
284451,159593.1098280252
284452,160248.375194214
284453,92157.14706484285
284454,124290.66300025715
284455,124290.66300025715
284456,159593.1098280252
284457,160248.375194214
284459,124290.66300025715
284460,92157.14706484285
284543,154004.28797300629
284544,132103.35265366922
284664,136391.56386618945
284684,135803.34871059176
284686,156094.33423479035
284687,223864.51037900048
284689,200009.10407239822
284693,190007.11352621307
284694,190009.814416757
284695,167160.33926955936
284698,232998.25238037237
284708,351695.9037266987
284714,229711.15348445758
284717,239828.95746852283
284718,349622.2885271317
284719,136391.56386618945
284730,216311.70195718485
284731,396992.66666666657
284733,190013.85774721947
284741,276057.3094666666
284924,224489.1211862782
284926,237794.61419860434
284931,215168.4079276913
284934,240000.42857142858
284942,238034.33221980874
284944,611930.0829047617
284956,208091.791524145
285020,442864.58624922554
285027,444617.30168737425
286303,136904.34024358977
286304,128964.96745630559
286598,107279.43282494202
286669,89706.20786506232
286670,101077.98336529853
286673,106516.00946897626
286675,189081.5268598777
286729,105851.1420947941
286755,113194.3902837678
286803,73171.55343789714
286804,73171.55343789714
286805,73171.55343789714
286807,73171.55343789714
286808,73171.55343789714
286809,73171.55343789714
286810,73171.55343789714
286811,73171.55343789714
286909,199462.00733189035
286916,98937.1469959489
286924,106897.98555330194
286926,99277.94711311383
286931,229920.56
286932,210399.44
286934,161411.99546574784
286935,200086.864
286936,141906.21974433842
287053,101662.6740089308
287101,149864.80340341106
287102,149864.80340341106
287103,142455.10852933553
287104,149864.80340341106
287105,149864.80340341106
287106,149864.80340341106
287107,123119.55405318193
287128,109098.57683276919
287137,158000.17522325384
287141,103006.80488870107
287188,173530.54440647067
287285,136279.53031014497
287287,100192.56794486377
287292,183494.81827727825
287295,288338.1950220441
287298,254865.9921891678
287299,149894.26818650836
287301,254865.9921891678
287304,254865.9921891678
287307,254865.9921891678
287313,286663.1945670428
287420,177153.31377056276
287422,372973.8212777778
287424,256730.56418263805
287431,365235.2305690649
287433,365235.2305690649
287495,262622.6390597942
287506,146830.8061171328
287507,195489.18845316945
287622,185495.15581964218
287623,230013.18081738832
287625,374789.76996664726
287687,413684.55898878904
287692,369086.7116800989
287706,504543.03809523804
287718,401697.5728164044
287719,401697.5728164044
287720,401697.5728164044
287721,249974.40367496104
287722,249974.40367496104
287776,199225.64709570713
287777,374789.76996664726
287833,374824.6448969706
287858,508046.9566666666
287864,518819.68313022156
287896,374824.6448969706
287941,715897.2809523811
293283,68924.35656262518
293297,89752.20466013589
293298,89752.20466013589
293299,210224.73914351925
293300,52297.908257053845
293301,83011.96228588681
293302,115522.37961878364
293304,139078.32822994285
293308,119705.7261984619
293339,163209.1849310578
293342,112198.00220042525
293343,102070.34716655115
293345,113956.33351200398
293346,99895.14868217891
293347,110731.9420436995
293365,160904.38919047618
293366,100969.63916697162
293368,65701.27042752426
293371,87504.04545454546
293372,87504.04545454546
293373,78090.84859523809
293376,80378.7627181211
293389,112191.00220042525
293390,133296.71658596385
293391,90718.24604238215
293399,119668.144
293400,89016.49154505496
293401,246589.0522787879
293405,169549.83596652988
293407,94982.17968980178
293408,104440.76819047621
293409,106961.4932219088
293422,76009.81209523809
293424,107150.42833004925
293433,79891.23912355822
293554,167311.17178938605
293556,142728.63508176195
293557,116389.55945454545
293560,91422.22909906624
293562,94732.37243897664
293565,111813.9684237455
293567,102878.7857360637
293569,129883.87095328324
293586,128432.62863636365
293588,129271.05112214958
293589,98003.37765613584
293591,95050.15148580718
293592,128432.62863636365
293629,136667.7066666667
293631,98848.58301872671
293669,97778.04335065674
293671,119291.19
293672,134695.31474509806
293678,71554.60831017137
293684,105584.70594129081
293690,74880.70397546516
293699,89879.2708857143
293713,80126.04330158728
293716,103006.80488870107
293718,134514.216859944
293719,103006.80488870107
293721,107838.73918546637
293748,62144.062592158094
293750,67802.65340899781
293753,119478.5254920635
293755,141599.23202757793
293756,138154.56872028555
293759,154717.72221494763
293884,169698.89679084113
293889,183581.89890198366
293891,232289.30439464885
293892,159907.48040997426
293893,120120.15347667536
293894,214959.43129530322
293898,321342.16782380955
293902,174000.0
293904,230606.78270778412
293914,165000.04434313395
293943,208953.73533333332
293944,398760.1905750916
293945,398760.1905750916
293946,286719.0546666666
293948,270614.6078890267
293953,260000.24401126296
293957,139289.306813736
293967,196199.05026572436
293970,138586.40204804606
293972,137429.21574897264
293993,158941.58532765968
293994,125390.98597929608
293998,135975.35270331247
293999,220000.0
294000,120099.25135213323
294012,195106.93758579195
294013,200059.58236363638
294014,226456.0366111111
294024,184031.83875036772
294025,137164.74315174582
294145,267532.0338095238
294146,217813.6007973953
294147,194010.03768696336
294154,325000.0
294169,306557.6459255411
294182,243585.82150116112
294183,327644.4000000001
294186,263864.8145504496
294189,356488.2449450548
294195,420005.7471357966
294197,267884.9909297052
294198,231528.08518307007
294212,337946.0214050779
294263,329990.1582494118
294264,328987.1246589866
294266,622622.6226758242
294271,396146.8103068189
294272,492684.37838499947
300754,160281.35897777777
300755,87522.13356532466
300757,160281.35897777777
300758,160281.35897777777
300759,87522.13356532466
300765,191012.4206515873
300803,122884.51255949865
300806,133046.43189647273
300807,444507.9766666667
300809,300770.5646746032
300810,237109.95009523808
300823,169186.08761544613
300830,135432.34111037257
300831,81203.71068153078
301086,108455.26087728936
301114,198914.1823333333
301118,151527.09699254323
301176,98186.33126722035
301203,95713.72098023255
301236,113694.49738711526
301243,114549.76951594719
301342,60541.8863817121
301516,125904.26389362596
301538,139010.96565693567
301546,192710.2761307516
301549,116800.46619408278
301618,414693.841211582
301629,169840.7297886106
301641,220184.04253434343
301647,414693.841211582
301655,203226.1183980392
301662,257283.82059542794
301700,190134.53116883113
301982,305209.1633333334
302005,239531.6
302018,250202.64600685978
302172,330867.9232321396
302965,89574.10563894357
302966,114504.2525576359
302969,72307.18437886087
302970,223950.40470935532
302971,96487.86373428568
302974,89752.20466013589
303024,115004.4122524718
303028,117355.12394285713
303090,84246.20010821953
303136,97599.94142965999
303137,96990.3274322882
303160,73171.55343789714
303218,102707.5042982122
303346,78898.7139549573
303366,207375.361
303367,188431.93846153843
303369,101841.71725691427
303370,72333.03508649739
303372,112145.89553715795
303373,163818.10196540077
303374,96618.62282718558
303375,84538.76050033988
303380,239849.92772681382
303388,112429.40285975466
303390,194999.94545454544
303392,158570.03982921765
303393,128142.0
303396,128432.62863636365
303400,126174.21184126982
303417,105786.96803840969
303453,138379.0313694528
303454,95136.55428571429
303455,93834.14904934615
303457,93834.14904934615
303473,112205.94719314501
303476,149278.60400961072
303511,128039.03993082621
303573,124975.17094517675
303574,135846.42452940243
303575,125021.8488400973
303599,136391.56386618945
303628,135803.34871059176
303633,171760.22525328514
303638,232998.25238037237
303641,190007.11352621307
303642,190007.11352621307
303643,190009.814416757
303693,321515.4666666667
303702,136391.56386618945
303707,125928.44876550596
303712,121993.4439651883
303713,127020.7197834648
303732,230971.87197691193
303734,158941.58532765968
303738,232972.99514808293
303847,136347.54428145036
303924,224489.1211862782
303980,1107910.0157777776
303981,304386.28666071425
303984,364345.7814285714
303986,332244.06748153805
304008,339999.8856633562
304127,327208.43246753246
304139,275511.3
309497,310347.57533333334
309512,85414.02831431356
309515,119534.43158587175
309517,114093.37806493024
309518,119534.43158587175
309519,179402.442
309520,119534.43158587175
309521,114093.37806493024
309522,119534.43158587175
309523,119534.43158587175
309525,114093.37806493024
309526,119534.43158587175
309527,119534.43158587175
309529,114093.37806493024
309530,114093.37806493024
309531,114093.37806493024
309532,114093.37806493024
309533,119534.43158587175
309538,78087.8015559913
309539,115004.4122524718
309540,106173.19887710335
309541,104929.845012285
309543,94969.00615736464
309545,106623.92304917311
309546,125343.69255321068
309558,108213.6865861287
309559,79146.23554577779
309560,56869.52355555556
309567,89981.1267095238
309571,59466.722894102386
309575,118467.91121436351
309584,79933.64268785591
309587,107003.39314182535
309596,83709.31278973263
309598,96049.2296888889
309599,94484.20970518596
309621,88009.28326666667
309623,111214.0831111111
309625,90743.25141978095
309627,163818.10196540077
309630,163818.10196540077
309631,163818.10196540077
309635,163818.10196540077
309636,163818.10196540077
309638,163818.10196540077
309641,165000.5
309645,128836.11608143416
309647,165000.5
309648,102384.62210368794
309666,164058.12533333333
309670,160297.31666666665
309671,139036.05066666665
309679,103351.42899572618
309680,99350.66899899031
309681,99928.64822026729
309684,89865.03585282394
309685,127730.79394615233
309688,118952.67313995976
309689,145447.49244579696
309691,142455.10852933553
309713,64295.75551962708
309716,145107.996
309717,158000.1770451424
309719,109781.54346416646
309730,112431.88874025975
309734,136563.16824632933
309752,238914.20933333333
309755,183227.06962690057
309756,213692.71924964373
309762,187288.86435832494
309764,187333.00636664234
309767,192110.69467327738
309770,169236.15489680856
309773,199000.13023255812
309775,141637.663344081
309778,196052.12463809524
309793,217164.51929537128
309794,286719.0546666666
309804,372973.8212777778
309807,330290.3
309809,167383.7792164018
309821,148174.25826914998
309823,170756.2851458091
309824,186805.9632874541
309829,136069.75400704713
309831,183668.3155191382
309833,232972.99514808293
309842,218532.40249135857
309850,159103.95507142856
309857,183955.7798011753
309863,201183.67951851714
309865,342488.13322996127
309873,306557.6459255411
309874,264991.5260013071
309883,404871.6306666666
309888,230003.41653023436
309890,214976.60526186044
309897,367128.3957215836
309906,308710.5830065515
309907,518878.21538461535
311197,125879.65408730155
311200,103160.39949184805
311202,77169.7015765348
311205,131142.13125445665
311247,164878.1509295527
311249,157440.3866666667
311270,276416.1665436508
311271,76324.85906523907
311272,96320.43320625702
311277,85526.4819423567
311279,93742.01150352618
311280,89796.47517435362
311281,130867.3190539727
311284,73171.55343789714
311285,83039.93920952384
311286,77439.73499050803
311308,102478.39163804727
311309,102478.39163804727
311312,94595.50526151546
311313,102478.39163804727
311338,176202.81020053965
311339,189465.1165170068
311354,86836.27706503321
311355,52183.48451506833
311356,199384.1801818182
311501,142728.63508176195
311505,139951.130995316
311512,79918.59464284677
311521,161411.99546574784
311526,148548.92984588887
311527,111578.94303420933
311533,204984.5905882353
311536,286663.1945670428
311539,170956.95789757938
311604,55442.447
311606,128532.29948411661
311608,141292.1041219573
311614,97656.15529240307
311618,73499.77745278968
311619,89653.59504471591
311620,131981.18764102564
311621,100745.45206740526
311624,82140.63232503828
311626,69857.32052715572
311631,136326.7734941802
311632,128735.19436056148
311653,134616.2117483306
311655,90975.6331401283
311656,82137.2392427332
311664,109899.02081232719
311669,155088.1890823212
311672,148790.33443859516
311673,156042.82526811628
311676,148790.33443859516
311677,144868.72106941754
311681,118370.4359496869
311684,154610.6561694021
311685,96877.49587652159
311737,78336.22157215409
311740,129963.32324993689
311741,136326.39295238096
311743,105630.77877575759
311744,126405.946041764
311745,136948.1399709296
311782,88217.24117952684
311783,113147.67818726294
311784,85397.89940203127
311785,154004.28797300629
311944,232726.91380952383
311950,135215.47904750667
311951,160161.67286695176
311956,236773.42210853723
311957,236773.42210853723
311968,324268.28982222226
311970,178000.94997369757
311972,171484.72853299713
311996,296331.4938895965
312000,144570.85715299685
312003,386439.6525397935
312004,254601.76261651347
312005,175063.08311532807
312012,109095.06309865104
312013,99511.62119994355
312020,238713.3632972849
312026,116974.86804727292
312027,113982.01539700334
312034,106921.33096766769
312051,199005.4005051134
312054,233112.91003745052
312056,123338.78350097575
312057,184110.56066656442
312059,169509.1109553189
312062,145439.73451246077
312063,197089.6041770237
312067,220111.69388593428
312069,194292.04966771285
312071,96085.31133333333
312127,177996.1288688232
312335,214976.60526186044
312337,143381.5345609733
312338,289978.84405747976
312347,199027.23076923078
312362,400332.54858299874
312366,529634.7
312371,477073.0
312376,477073.0
312383,141913.24958607115
312396,195807.61691686677
312400,183745.04117942465
312402,297266.0741044197
312404,297266.0741044197
312419,218501.48562723238
312429,239301.27061774195
312431,239301.27061774195
312433,239301.27061774195
312550,568893.5761833608
312551,1327373.5434010427
312557,510672.4285714285
315289,103494.65873333336
315370,117108.40417798939
315371,95005.44909831038
315372,112811.57303174604
315373,196813.7840103448
315375,181536.5799612899
315378,106516.00946897626
315423,74211.74494839956
315426,122835.121484127
315429,156359.1835238095
315434,73171.55343789714
315442,80224.97470611021
315480,105989.37909397743
315481,80012.74428499487
315482,49696.743008771926
315551,112207.79685510129
315553,101011.62032041751
315554,149221.9191919192
315556,129828.33066309663
315557,100564.30766843137
315567,135041.9068277374
315569,142577.12356885712
315610,266283.65866666666
315619,278650.6820912699
315621,158925.68522754876
315624,404837.5144363637
315625,116315.39858294322
315640,116698.77793135936
315642,532115.2270714286
315651,144274.91589602953
315685,235820.63782857143
315688,246115.42566666668
315704,95940.64707778071
315801,189952.40003934104
315804,235500.0
315806,300025.33778543904
315807,207919.5929823221
315815,199987.3277777778
315818,170034.82666666666
315821,324227.2032380952
315824,171218.82666666666
315876,211451.55364752273
315906,208204.16359806553
315907,169203.2095728033
315997,479852.09498580365
315999,284226.7038075588
316001,317067.7562762936
316006,200000.0
316029,599788.9545714287
316032,407888.8012227701
316116,360021.50875
316124,568893.5761833608
316129,579958.7290197144
327739,93034.83897265478
327755,112252.67517777666
327757,100275.77240299246
327766,92442.98276019609
327946,87783.91159457325
327952,148971.4930546855
327954,119041.79055433699
327955,94128.16450409216
327957,113696.14321904759
327958,121979.14553421408
327959,118735.47015516258
327966,160830.03262451067
327968,111763.9719238095
327984,138157.74935930735
327987,122626.51915942029
327996,105017.34983276007
327999,105017.34983276007
328000,112784.72616475335
328001,105017.34983276007
328003,73171.55343789714
328022,74450.21948338246
328028,74450.21948338246
328069,103498.86878196684
328071,56019.07329828865
328176,68123.65939714805
328177,141633.5
328182,140323.61367513516
328188,197465.5964722222
328189,145947.9378445628
328190,224382.11982391303
328195,94995.65826666667
328196,242697.69090909092
328200,139304.78469047617
328240,97332.17117084489
328244,157350.03368915696
328245,135003.08391608394
328248,139446.18633333332
328265,95006.75968971128
328268,118313.49870993623
328270,96845.87533272392
328272,129663.34552875561
328275,148790.33443859516
328554,252000.0
328555,239999.27625581395
328556,184030.6072789804
328560,239964.70588235295
328565,401582.9373333333
328571,265116.7444444444
328575,265003.23945548147
328578,380880.7534523809
328615,265090.9439673814
328616,190988.3402943723
328620,214508.95377981267
328645,136927.08621598923
328648,214214.6253743656
328663,203417.40515151515
328705,199830.6708411255
328851,240658.43600000002
328852,555067.7870476191
328858,384948.94352665584
328875,326472.8836534299
328877,572731.818
328883,140494.73073730373
328885,306563.74572351406
328886,420000.69809941517
329004,320000.0
330409,103250.85902977703
330439,82462.85237477903
330654,48961.06566666667
330655,63208.07842195713
330656,92595.1075175868
330695,137171.0813718183
330696,137171.0813718183
330699,65826.37240408303
330701,139509.64809768123
330703,74561.04555195001
330704,102003.85364140083
330706,87394.17745150179
330708,88021.60082624621
330711,102878.7857360637
330719,101157.08712729947
330720,64284.094195901234
330721,94128.16450409216
330723,71088.54665245027
330727,110921.71519298246
330729,96793.67942216157
330730,79158.8093630762
330731,88021.60082624621
330735,78633.33621353387
330736,52297.908257053845
330741,78087.8015559913
330742,158416.70975453567
330744,87583.53464527562
330745,106885.47739490835
330751,104444.77904761906
330752,142733.32448189124
330755,110309.30387113348
330821,151986.00653950401
330823,210242.91800000003
330828,138872.82710931715
330829,103853.05000266043
330830,83652.78921693121
330831,104886.41479374075
330840,108502.81737741354
330841,108207.18694623656
330846,117730.16457142858
330847,95676.8085790949
330850,63651.8072996163
330851,63651.8072996163
330857,112296.96668935982
330859,97600.0014926966
330863,108623.48818128758
330864,181859.70824175823
330865,101489.63756435963
330866,101489.63756435963
330867,101489.63756435963
330871,62872.467831870905
330874,93398.24678021978
330875,93398.24678021978
330898,101531.31257142859
330900,79977.21034838418
330908,63169.753848234
330911,118219.37431193168
330913,112353.9795861877
330914,72774.15338887516
330915,112353.9795861877
330916,72774.15338887516
330917,118219.37431193168
330918,72774.15338887516
330919,103909.64154220214
330922,72774.15338887516
330924,118219.37431193168
330925,112353.9795861877
330926,72774.15338887516
330928,72774.15338887516
330929,135730.61882630351
330956,85141.77742135462
330961,111390.79466666667
330962,102286.65563492062
331145,95945.88597564351
331151,108940.47276446872
331189,80034.6582175933
331190,80034.6582175933
331195,108229.58379774437
331238,129473.66507936509
331242,129473.66507936509
331247,87361.61152077003
331252,136565.30413210005
331253,192925.28
331254,119928.34075396824
331258,132309.95530234114
331259,192925.28
331260,94917.37769256579
331264,122268.47520424204
331266,121337.0099495902
331268,94917.37769256579
331272,115036.99961406608
331276,130571.46929263948
331278,141906.21974433842
331284,69005.064
331286,69005.064
331291,142010.8897588986
331295,69005.064
331297,115005.9868944659
331302,196500.0
331304,142023.15437761563
331305,101928.70769204348
331306,142772.444
331368,128557.37204906429
331370,184977.3979426368
331371,163313.8796775789
331373,138477.6423936054
331374,132177.7635050505
331376,214773.26938095238
331379,136965.56487684228
331380,120533.2461314643
331398,102346.2300979101
331399,95369.1872452199
331416,115352.86096885391
331417,115352.86096885391
331418,115352.86096885391
331419,115352.86096885391
331420,115352.86096885391
331436,129421.2344
331437,129421.2344
331439,83531.79895345795
331447,94249.9795104824
331450,68719.77404111576
331451,77437.40633063443
331452,80974.92207506763
331454,83906.58286275539
331458,321797.3339448622
331459,170815.2982415211
331460,166415.60555555555
331461,141516.72581791153
331463,101060.40102545968
331466,147726.3452595238
331468,188590.83337061474
331469,141516.72581791153
331473,83357.00348947672
331474,321797.3339448622
331477,104586.26406599832
331479,99834.11863348556
331485,93078.77410097289
331487,142455.10852933553
331490,106657.08466652826
331491,106657.08466652826
331544,148635.53111503145
331545,109350.09676915385
331550,123706.74447619049
331555,154340.76356055375
331556,169761.18589153438
331560,91904.49025641025
331565,109587.33333333334
331568,129855.77681237218
331569,137927.6139910416
331609,106191.26176116205
331610,152104.45297025985
331611,128201.75646037198
331612,154601.75177832347
331617,154601.75177832347
331620,136350.63187801884
331622,129484.57781818183
331623,154601.75177832347
331626,136350.63187801884
331627,195976.47934719993
331628,155112.59571428574
331630,125232.09688509509
331714,99426.1679845677
331716,138487.56922296708
331718,111907.7447523827
331719,129391.65330744725
331722,111907.7447523827
331723,111907.7447523827
331724,107213.4909047619
331725,102547.50255860081
331727,111875.1794631928
331991,145086.14974344673
331992,169698.89679084113
331997,98276.45036825714
332018,184486.38106442578
332021,210738.9133333333
332039,146024.35510833314
332043,169361.56879962195
332044,149554.93368837444
332046,190141.1409083155
332048,169338.78158755886
332049,178805.1867142857
332053,131261.03507917176
332055,148659.31831058644
332056,184030.6072789804
332059,189716.71027545648
332060,138644.79828319934
332061,189193.94785242816
332062,148659.31831058644
332063,148589.48359759536
332072,320283.40784194734
332073,271043.6251619048
332075,214656.90556840444
332079,235230.0732018398
332080,190434.05333994405
332083,236199.352
332084,213313.8397325163
332086,235230.0732018398
332087,192119.26466666666
332097,235230.0732018398
332098,192226.16612903227
332100,199938.21136712751
332101,235230.0732018398
332102,185866.0469101854
332132,467284.68400000007
332133,217150.4864587047
332134,168523.44542902955
332140,166225.77928624145
332141,168523.44542902955
332143,217150.4864587047
332144,290943.0784444444
332151,217150.4864587047
332154,268435.0528735632
332155,166225.77928624145
332166,103955.3844293122
332170,155222.43717972114
332175,331736.8
332179,201260.78407246378
332183,246859.20683760682
332184,208583.896937729
332185,208583.896937729
332187,159631.52918368715
332190,149759.16793964838
332191,195672.41435305047
332193,195672.41435305047
332194,192492.1450985771
332196,195672.41435305047
332200,134445.1674211924
332205,128106.31582830532
332207,134445.1674211924
332209,281660.632
332224,178391.73642890443
332225,176713.8329832597
332226,239616.20322170723
332231,144922.28286778837
332235,118415.47411346823
332236,159918.68754395604
332237,170018.5928982417
332281,222770.4926161616
332283,246400.33102231933
332284,287918.3333333333
332285,148683.68586813525
332286,281626.3318147046
332288,122972.98756502067
332293,109962.56277328213
332298,220006.1015770947
332299,190013.85774721947
332301,179541.49193808463
332302,154976.6563390397
332303,143663.66572608243
332308,227562.84996756623
332310,171758.87113665696
332315,103900.31365285236
332355,174815.9707657522
332357,281623.3764275169
332358,170596.9448275044
332359,286257.4241633246
332360,281623.3764275169
332361,182834.69863116523
332362,281623.3764275169
332363,219122.3027927038
332365,181035.64611037532
332367,173988.76657920226
332369,219122.3027927038
332371,281623.3764275169
332373,173472.1678214728
332374,270608.85486794007
332375,281623.3764275169
332376,227504.33529277742
332378,173472.1678214728
332381,219122.3027927038
332382,281623.3764275169
332421,139633.84746647713
332423,139633.84746647713
332427,139633.84746647713
332434,236302.0
332435,240676.9721087438
332633,252724.4022956543
332638,261803.8421760032
332639,199196.9233477634
332642,232290.45066550368
332648,169034.14195600824
332653,383098.72
332656,308502.2054311313
332660,308502.2054311313
332661,195865.2904472856
332666,360732.9289476516
332670,360732.9289476516
332671,360732.9289476516
332678,339414.1777477478
332688,377279.7512477718
332693,298179.9001960784
332695,306557.6459255411
332697,393538.5888888889
332703,377279.7512477718
332710,312935.0287506493
332727,340130.2599982192
332730,479546.014
332731,172225.5595238095
332732,138741.1085672248
332739,260060.86061347427
332742,327640.59323592315
332744,269808.81782761845
332745,329910.0
332754,208793.4881657184
332755,208793.4881657184
332756,208793.4881657184
332770,191736.4450598677
332771,302922.6210769177
332772,436311.54507758236
332774,162160.8644257703
332777,185841.11821080477
332780,162160.8644257703
332784,198788.92521783264
332786,300449.67170346365
332788,359263.5440790549
332789,359263.5440790549
332790,359263.5440790549
332799,421592.2
332801,421592.2
332806,215867.13943001445
332813,370103.8714894366
332934,277032.6339393939
332938,577703.3333333333
332942,550070.0
332949,235173.15114885118
332951,237965.81379435663
332952,376703.5021611721
332953,376703.5021611721
332955,376703.5021611721
332956,376703.5021611721
332960,610719.489869797
332961,610719.489869797
332962,263757.8327161052
332963,263757.8327161052
332965,263757.8327161052
332966,263757.8327161052
332968,263757.8327161052
332970,272833.84848574013
332972,428112.4181212121
332975,169086.57751714648
333031,513598.6166666667
345027,526785.6015873016
345477,81065.99998746993
345479,116261.85782936291
345497,87011.65474759447
345501,88912.76991360806
345502,99539.26008126258
345803,89537.5022396245
345804,94128.16450409216
345806,83797.82276121952
345808,110626.95088285094
345812,156805.1462698413
345813,118735.47015516258
345844,69357.06167370893
345853,93329.52336604471
345856,133528.8231177127
345857,105017.34983276007
345858,105017.34983276007
345859,105017.34983276007
345861,105017.34983276007
345863,73171.55343789714
345876,74450.21948338246
345877,74450.21948338246
345880,119241.78424366369
345881,99451.92933333333
345889,89214.15870975918
345913,83096.33333333334
345914,109912.98663333333
345916,109912.98663333333
345938,56019.07329828865
346100,81903.27820887185
346120,68123.65939714805
346124,141633.5
346125,120438.3446220594
346128,120479.42271729751
346129,170688.72143881672
346131,77545.42994805194
346134,153853.08760482652
346139,94995.65826666667
346140,145947.9378445628
346142,264937.0332099567
346143,116575.8827254651
346145,116268.0125544894
346149,267485.10987662344
346153,242697.69090909092
346159,219499.68451875448
346203,178907.42945786737
346208,158016.90607346577
346228,115771.08247236095
346229,155738.0
346232,121429.41321092975
346236,102314.35594300786
346237,88301.71529651286
346238,97332.17117084489
346248,135003.08391608394
346249,186783.1392879098
346252,118952.67313995976
346253,118952.67313995976
346257,132736.88650000002
346282,96845.87533272392
346285,118313.49870993623
346288,129663.34552875561
346291,95006.75968971128
346298,126296.54028546404
346334,143943.552203819
346336,163526.558
346683,168114.75648531615
346686,252000.0
346689,239964.70588235295
346690,184030.6072789804
346694,191405.62156709956
346700,203465.5460750579
346705,265116.7444444444
346708,265003.23945548147
346709,191283.02619047614
346711,352004.34007459204
346712,246761.41289852787
346718,305390.23073773336
346720,132146.28806338532
346747,188932.43109243695
346752,169345.672031364
346767,318453.7917959818
346769,265090.9439673814
346771,246859.20683760682
346774,192615.83875714283
346776,148309.84507604188
346780,147310.26211770854
346781,130380.6891929903
346786,170018.5928982417
346788,182335.4906154549
346817,303858.8544792007
346827,136927.08621598923
346831,168989.5121622936
346859,243738.11276190478
346861,243738.11276190478
347092,235000.0
347105,391238.187864358
347132,306557.6459255411
347134,336492.80000000005
347136,505727.3568627452
347137,670115.2623333333
347149,265759.08104575163
347150,259118.18968215788
347154,323343.1347918749
347155,332955.9445378152
347159,140494.73073730373
347164,420000.69809941517
347166,267450.636
347176,368226.28565018316
347321,340215.791231926
347322,494176.0
347327,333467.1664211393
347329,320000.0
379660,76000.0
379682,95005.44909831038
379683,106516.00946897626
379739,59351.61519340541
379746,73171.55343789714
379747,73171.55343789714
379748,148742.46587619046
379749,148742.46587619046
379893,126882.88382648463
379894,149221.9191919192
379895,101011.62032041751
379896,129828.33066309663
379897,60944.338472590636
379898,73771.08251255112
379900,124853.44719047619
379901,183413.02265512268
379904,142577.12356885712
379905,135041.9068277374
379906,226065.88075
379908,95552.04710379781
379909,152200.5905462485
379921,184805.91298825524
379922,123803.93415551944
379936,101434.7645321028
379939,163750.8613333333
379940,101529.02702223098
379946,94925.65638426885
379947,129000.80233333334
379951,173843.50629059825
379961,57529.133974341305
379962,81096.69287960939
379967,106388.26668031477
379968,91436.82752002554
379982,129610.88315101856
379983,150079.68975534767
379985,116039.306
380054,95940.64707778071
380071,189952.40003934104
380072,300025.33778543904
380073,235500.0
380074,207919.5929823221
380077,171218.82666666666
380078,199987.3277777778
380079,170034.82666666666
380080,264508.691883935
380081,209142.58201058203
380089,318019.8105333333
380095,154235.175714173
380114,177249.90094863492
380115,191486.20351760273
380116,232884.64259104346
380118,183509.4918492147
380133,184110.56066656442
380135,211451.55364752273
380142,185949.73275279105
380143,196060.3309118437
380147,172371.91549195495
380233,163066.43043023642
380234,208204.16359806553
380267,284226.7038075588
380268,370004.2307692308
380269,247206.02538231775
380286,365912.1541767677
380293,423469.33333333326
380294,366013.67991341994
380296,407888.8012227701
380298,320760.44420844247
380312,317956.4917798675
380315,274865.43276472995
380387,313516.90829333337
380392,568893.5761833608
380400,579958.7290197144
380401,329330.4903888889
381171,68924.35656262518
381179,102856.84292394917
381180,52297.908257053845
381195,102070.34716655115
381200,87504.04545454546
381211,94595.50526151546
381213,94595.50526151546
381214,108707.1680792711
381215,94595.50526151546
381216,89016.49154505496
381217,176631.60644529885
381219,108318.20732142858
381358,79012.21918266718
381391,94732.37243897664
381392,82797.36207949447
381395,100000.0
381398,196123.97246153848
381440,148000.22882875346
381441,105584.70594129081
381456,155088.1890823212
381458,200190.07620168733
381460,107838.73918546637
381462,103006.80488870107
381463,134514.216859944
381464,107838.73918546637
381465,144868.72106941754
381466,103006.80488870107
381657,214959.43129530322
381658,152517.73022593916
381664,174000.0
381665,189000.23610920843
381668,187455.17820706754
381669,165000.04434313395
381688,260000.24401126296
381708,220000.0
381709,197089.6041770237
381712,150348.3421993506
381713,220111.69388593428
381841,217813.6007973953
381843,325000.0
381851,259118.18968215788
381863,420005.7471357966
381867,193212.72974010717
381868,302337.31325593486
381869,297266.0741044197
381870,231528.08518307007
381872,297266.0741044197
381873,297266.0741044197
381881,337946.0214050779
381930,329990.1582494118
381931,328987.1246589866
381935,201462.89859711364
405835,83425.25888651509
405845,180138.5518579237
405846,72399.43907800814
405851,97218.6791047619
405852,100537.5331608292
405854,137202.0654169956
405855,71008.62865555713
405858,119637.33023340156
405859,108415.76436437503
405860,84146.03966332565
405861,135811.34023573034
405862,142561.0919008664
405863,202527.616
405865,281540.31255678966
405866,130000.0
405867,133316.065301094
405870,135594.1175748567
405886,165975.86701091172
405887,256495.6666666667
405892,147844.1129009726
405893,251840.214
405894,117605.06913300492
405919,111163.30759999173
405921,117989.27047859531
405922,92193.87945891137
405924,153306.6341490485
405926,202540.5741212121
405928,63397.288449805616
405929,84184.44501615535
405930,139544.48792034047
405936,146330.36865507855
405937,95482.12309552684
405940,92353.9690214868
405941,195327.4518812169
405945,77439.73499050803
405946,77439.73499050803
405947,186266.26656192561
405968,114700.26599112597
405973,140395.496959166
405976,89255.84135895991
405977,94268.94235686274
405978,114970.59624247122
405979,142920.35580432895
405989,82226.63765656565
405990,92516.595609319
405995,99086.20450980392
405996,218885.9572687656
406009,86606.3105024047
406016,139544.48792034047
406017,92329.63612022229
406178,120782.48679708934
406191,167311.17178938605
406193,124620.16666666667
406198,181025.9387013319
406201,84114.275684588
406207,125765.56429045548
406209,144878.43446806812
406218,201795.05717521367
406219,123962.5917968254
406231,130005.64912134805
406232,90655.61226300907
406234,208060.70613275626
406253,169067.12333333332
406255,110265.77000000002
406257,116410.71653952569
406258,97975.93448488005
406259,97975.93448488005
406271,99350.66899899031
406277,360512.7875584415
406279,164451.93501237067
406280,107434.836
406285,97332.17117084489
406287,172122.31824152108
406288,132601.5435524571
406290,94477.20283177866
406291,87224.90667024274
406293,153757.7987535966
406296,142526.26912698406
406304,74456.65756706038
406327,59429.16253809525
406328,64545.32295238095
406330,157188.70345376342
406332,106388.26668031477
406334,84741.51463539686
406335,117433.5573200829
406337,95883.697713706
406339,109781.54346416646
406342,103006.80488870107
406343,123256.05745618657
406346,93014.45815892448
406347,160869.36820994585
406381,132428.20874578648
406382,190462.53466666664
406383,163961.63127217675
406385,100228.4521142942
406387,88598.36913019922
406388,126927.81685150217
406389,127163.50265359478
406390,152699.7215619187
406391,136350.63187801884
406432,109019.73682758969
406552,124603.90686606271
406568,285932.0048637412
406579,140885.983732974
406584,205262.8005373881
406586,264270.55827282387
406587,206145.0827343192
406588,161007.47178566045
406613,310932.9922779677
406614,274824.5488888889
406616,353830.6179897436
406618,175666.96808663383
406641,207998.02366666668
406644,204294.97866666666
406646,119294.03219718026
406648,138586.40204804606
406652,158372.89363847912
406659,326494.06247395097
406685,168556.8444397725
406686,205503.4466750657
406687,189923.70547442065
406718,248125.79037576588
406719,222968.6418181818
406721,188653.41933333335
406928,264035.4730151515
406932,172578.97866146223
406933,198019.8034959772
406934,283008.91678153194
406935,285238.25777557946
406936,315000.0
406937,183955.7798011753
406939,215041.86495681107
406942,230017.4039331747
406947,225355.13184319233
406948,203675.40894664224
406949,333474.7739880952
406951,804770.2487888889
406952,613868.9507196333
406953,199000.0
406954,226030.51697435896
406955,268788.01333708514
406961,198640.65668407912
406964,427426.2
406968,256287.76686666667
406974,501349.25
406976,357623.1110864952
406977,350003.20201190474
406984,419935.8444798957
406990,184214.52950917295
406998,1054822.5438412698
407013,266018.778
407030,285345.95159021544
407032,230006.852096012
407102,440323.2974916805
407104,659283.2566544565
407145,882025.0498333332
413239,123669.26235194306
413240,123669.26235194306
413241,136382.50214814814
413242,114504.2525576359
413243,89574.10563894357
413244,72307.18437886087
413245,89752.20466013589
413249,91971.375
413251,115004.4122524718
413260,135202.25155400153
413263,146653.73885555557
413273,79437.06666666667
413274,138895.22729363854
413275,73171.55343789714
413283,64615.92733762461
413284,117000.0
413525,78898.7139549573
413537,105736.02246376342
413538,145552.82989513173
413540,163818.10196540077
413542,96618.62282718558
413543,112145.89553715795
413544,72333.03508649739
413547,101808.82127167305
413548,129883.87095328324
413551,194999.94545454544
413553,113927.32915829674
413557,128432.62863636365
413561,128142.0
413563,119132.67089837535
413567,114023.31590449646
413598,116467.10108225103
413603,93834.14904934615
413604,93834.14904934615
413606,118007.58819032439
413615,112205.94719314501
413623,103165.97073570041
413626,160869.36820994585
413637,154601.75177832347
413822,145013.88258584758
413830,125179.34593567252
413833,135803.34871059176
413835,190009.814416757
413838,223864.51037900048
413839,232998.25238037237
413846,190007.11352621307
413849,258216.677668254
413868,192508.38041666665
413869,136391.56386618945
413871,147599.53528612657
413872,102233.83426803118
413874,232691.52769879243
413878,272496.5819742391
413882,158941.58532765968
413883,158941.58532765968
413884,158941.58532765968
413886,153855.20846972673
413890,232972.99514808293
413901,170596.9448275044
413904,219122.3027927038
414015,224489.1211862782
414022,258838.55431672203
414025,308710.5830065515
414028,295156.59857888723
414034,167655.48340802905
414036,332429.8381253911
414037,380900.7619117491
414038,255168.19167568954
414039,275441.1433333333
414103,331978.3884193372
414116,776290.7850159343
417626,646888.9179047619
418015,97196.9653888854
418017,415877.54723110225
418019,107373.18313605389
418024,190523.5738249908
418025,242886.53666666665
418026,178495.506390834
418028,97855.27432451931
418031,160281.35897777777
418033,109070.79011078336
418034,92591.79139247742
418036,126205.84094716849
418076,226692.41196536797
418077,273847.58935651265
418079,159021.25879752624
418080,242095.64430769233
418081,359904.7023969045
418082,170669.97492566815
418084,118285.9403143621
418086,192832.77072141692
418090,190638.09692810458
418091,243416.4524117647
418146,92948.98953137621
418150,94992.96159206647
418153,83034.87326630764
418155,62651.66237465388
418157,77439.73499050803
418168,178812.35197849784
418169,70129.8830021645
418193,103432.1400029739
418233,177161.5399233607
418234,85755.42978769644
418434,137051.10206666667
418446,118317.16892857142
418450,149098.44634848487
418456,90211.71166907219
418457,124906.16699096456
418463,179062.28342857136
418470,166783.21682740786
418473,125346.73393398641
418531,210013.9121196581
418533,218279.86148956872
418536,184340.3941865092
418539,89653.59504471591
418549,71787.46085254612
418555,185684.33998878798
418556,106202.23444444445
418561,144516.96800468548
418565,90626.03522998854
418567,98781.50744579984
418573,58482.3172194864
418574,110203.75132272887
418577,74260.99077915015
418578,80021.03315207956
418600,89487.90814076937
418602,96551.28147619047
418603,95553.0854
418605,122977.51445576588
418606,129933.96806046694
418607,158897.40999755802
418609,146579.88683475173
418610,113779.99486015733
418611,167209.87044444447
418612,74236.83333333333
418654,123431.00793776271
418729,87698.76812154426
418730,154004.28797300629
418732,86470.71265045695
418897,199944.55515151512
418898,223165.25927644403
418900,135450.73445196566
418901,199799.18213021103
418906,326150.66400000005
418910,215014.30436956522
418912,215014.30436956522
418914,160549.22496392787
418915,200009.10407239822
418917,260413.32155555554
418918,224627.76283545676
418920,168220.4500676085
418923,223864.51037900048
418928,132829.17743645018
418954,248325.31197247194
418972,384378.1349007936
418974,247817.49072643204
418975,436004.7
418976,193967.60806914326
418978,389614.2309220305
418979,233987.66866666666
418980,239828.95746852283
418985,155913.2633759613
418990,418328.4
419001,240005.6653968254
419002,167769.92880619594
419006,153245.77954995265
419008,247997.2392969697
419009,223448.20413437224
419011,235500.0
419041,158920.17016980337
419042,224453.89031827438
419072,125690.16805951911
419073,122279.44738099305
419076,222573.33183057187
419077,214508.95377981267
419251,267532.0338095238
419257,359271.0841262924
419258,359271.0841262924
419265,653728.3666666667
419270,325164.23609098117
419281,168646.86908827405
419291,224054.12466666667
419296,405414.8940833872
419297,180217.32770359586
419298,155321.28203720352
419396,1489477.9999047618
442636,151046.01400714286
442638,88188.4547693352
442639,139063.0162697277
442646,96627.92010284225
442647,111526.98950227043
442650,177088.55227115125
442653,297563.534995671
442669,153909.50666666665
442671,168113.2439919935
442672,84007.63452380952
442673,98764.36703041794
442674,225120.1953610899
442685,218254.9523641659
442686,303385.07970476185
442691,151340.72849404762
442702,133660.12654166666
442706,128450.3146711318
442810,92123.57228815818
442813,134067.11070872738
442826,214823.96331016044
442827,145156.2838054861
443085,112834.51234226956
467469,250546.19911259113
467473,256813.29436313687
467505,295583.38430769235
467512,85755.42978769644
467514,143084.30177665735
467516,87353.964
467562,111282.48171149778
467689,101015.90467836634
467690,104918.14076589743
467695,96618.62282718558
467696,230040.0
467698,135689.22701598334
467707,230000.0
467801,213885.93866137567
467803,87484.37883280867
467806,139775.013
467820,78567.1919852857
467821,124981.55020901805
467822,98927.63271023463
467875,218527.12279365078
467931,85397.89940203127
468041,275244.0777191919
468042,273648.0357877413
468044,131261.03507917176
468045,279908.3568888889
468046,153001.07792207794
468055,183561.44805013237
468056,165000.04434313395
468058,313839.24106666667
468059,208391.42856774066
468063,247972.6181904762
468102,177022.5114768947
468104,289577.59259169723
468110,258039.7374098048
468111,139392.89415129245
468112,194611.92264761904
468113,194611.92264761904
468115,194611.92264761904
468117,194611.92264761904
468132,157458.66075747617
468134,135200.61712877944
468222,138318.53219548732
468227,169203.2095728033
468429,294771.46786324785
468430,333457.34523809527
468431,333457.34523809527
468432,333554.8290247004
468439,367681.90411088907
468440,594530.4303999462
468441,379235.97861604806
468442,380000.0
468444,225355.13184319233
468472,430418.0476190475
468474,368196.0865
468482,349966.2130994152
471390,73120.04742667008
471391,82195.86343676047
471394,67293.0
471416,220046.18133333334
471423,111847.98869202536
471424,81629.07210965676
471450,108005.78090119959
474470,119130.62626123797
474491,97641.41481918322
474943,194905.3905788318
474948,160219.72385714282
474950,170246.92195971633
474954,115015.9436309056
474994,92158.3036994363
474995,85766.59640585407
475009,69588.78170114201
475013,100127.17380649182
475014,131458.4566764764
475015,53617.94634903792
475028,77237.64577332271
475030,131334.65901010105
475191,114504.2525576359
475192,72307.18437886087
475193,89574.10563894357
475196,115004.4122524718
475202,73171.55343789714
475205,103868.45539209565
475207,80535.44052984988
475208,103868.45539209565
475209,117000.0
475210,103868.45539209565
475745,115115.51728091062
475782,97656.15529240307
475797,92816.47793840047
475846,80905.3276183282
475856,147601.48134021123
475858,72333.03508649739
475862,163818.10196540077
475863,112145.89553715795
475864,96618.62282718558
475865,113235.08179250894
475867,131089.01935456682
475870,115589.33630134942
475871,101264.12765750068
475873,101264.12765750068
475875,112731.22796801609
475877,120500.46207142856
475880,128142.0
475881,91637.20231990215
475888,101264.12765750068
475896,185684.33998878798
475897,116676.48707371489
475898,118007.58819032439
475912,102927.33571515162
475914,116424.52533333332
475915,115621.73038021977
475916,109595.71409523807
475920,109883.6589962605
475923,152699.7215619187
476113,188284.6789610631
476281,256690.99857744595
476332,136860.39678463957
476333,161634.85181428574
476335,156658.99154263618
476339,254567.30954630053
476341,374970.32877662336
476342,321357.18416450213
476343,190007.11352621307
476344,391864.9844444445
476346,190007.11352621307
476347,190009.814416757
476349,232998.25238037237
476351,156094.33423479035
476356,293303.1119366516
476357,223864.51037900048
476378,138701.37225619273
476379,142557.063612852
476381,190013.85774721947
476389,212261.8396060606
476391,203623.35189527657
476739,224489.1211862782
476744,602600.8333333333
476746,472892.3818888889
476753,357943.79333333333
476960,864394.2694318979
477981,89756.62542129275
477984,89752.20466013589
477986,79000.0
477993,88918.05795537797
478001,106173.19887710335
478048,77439.73499050803
478049,77439.73499050803
478058,79839.350204551
478060,86797.94408619363
478081,76041.8
478145,90618.16545729751
478151,101979.93299425798
478169,170688.72143881672
478172,109292.78688378293
478176,103782.14370210707
478180,92204.4998380906
478183,129883.87095328324
478190,182561.6970657957
478261,95952.17088730453
478265,125686.44788195139
478266,96392.45306938601
478269,97352.93876190476
478280,109098.57683276919
478288,102742.8968162908
478289,118313.49870993623
478291,101015.90467836634
478448,196695.56299778348
478450,185663.10062940913
478460,184567.1578357366
478521,185278.39108556995
478524,119143.1444732829
478529,182310.80526873123
478531,214777.42468161287
478539,185278.39108556995
478542,158941.58532765968
478543,245888.52775813098
478544,135075.1739700286
478545,160005.3701900087
478547,129569.74476484735
478653,199032.87177183348
478683,270003.6663919414
478690,334570.4010222886
478699,177473.58424087608
490871,88058.73596949091
490875,94032.84564290111
490881,121149.63913165266
490882,122194.92219792085
490883,119041.79055433699
490884,83797.82276121952
490885,94128.16450409216
490889,91971.375
490892,118735.47015516258
490920,120008.36677526178
490922,105017.34983276007
490924,350627.92996502167
490925,105017.34983276007
490929,73171.55343789714
490937,74450.21948338246
490947,74450.21948338246
490948,119241.78424366369
490953,66200.11723009529
490961,92895.91934792037
490962,56019.07329828865
490963,87467.17080371518
491006,170688.72143881672
491007,68123.65939714805
491011,141633.5
491017,94995.65826666667
491018,145947.9378445628
491020,131224.86288605144
491021,139304.78469047617
491023,129675.09523809522
491025,242697.69090909092
491050,97332.17117084489
491056,121754.51823219034
491058,112986.91137022195
491061,118313.49870993623
491063,95006.75968971128
491066,146873.82680032004
491069,148790.33443859516
491071,96845.87533272392
491072,129663.34552875561
491073,86959.16000080961
491088,80905.3276183282
491089,130192.46856803432
491145,239964.70588235295
491148,239999.27625581395
491153,199938.21136712751
491155,265003.23945548147
491158,160549.22496392787
491160,192226.16612903227
491181,257095.5625564039
491182,149256.48720925886
491185,264507.1247777778
491187,170018.5928982417
491191,217888.27533813723
491193,214214.6253743656
491195,140163.79677050989
491196,168989.5121622936
491216,203365.0
491217,231883.68869135203
491297,235000.0
491298,463932.38666666666
491301,803066.0
491302,384948.94352665584
491307,259833.37255408306
491316,500001.10682086163
491317,140494.73073730373
491318,314117.3116926407
491319,420000.69809941517
491320,567296.2150724637
491361,974464.0
493949,106516.00946897626
493954,95005.44909831038
493971,100010.04892013059
493993,73171.55343789714
493995,73171.55343789714
494237,129828.33066309663
494239,149221.9191919192
494243,196126.93422222225
494244,95552.04710379781
494245,113413.41675829949
494249,135041.9068277374
494251,112784.05236825396
494256,81594.19930555555
494336,144274.91589602953
494341,106388.26668031477
494342,156042.82526811628
494343,103006.80488870107
494393,77738.11899605165
494449,98813.91957541874
494455,95940.64707778071
494589,235500.0
494590,189952.40003934104
494592,130159.1701126573
494595,300025.33778543904
494596,207919.5929823221
494601,171218.82666666666
494604,264508.691883935
494605,181471.93352573356
494606,185464.8857567835
494608,199987.3277777778
494626,89148.691904461
494669,211451.55364752273
494671,184110.56066656442
494751,208204.16359806553
494753,169203.2095728033
494897,200000.0
494901,317067.7562762936
494911,336260.59050000005
494917,407888.8012227701
495052,360021.50875
495057,568893.5761833608
495059,579958.7290197144
515660,122291.88332871572
515661,154775.41453968253
515662,174440.6686666667
515667,136433.38241359638
515690,180793.90056666208
515696,112203.76666825397
515713,274919.65055326157
515718,124072.32848686868
515757,224423.34093906093
515857,552662.3772893774
516158,115968.9375
516159,115968.9375
516160,113805.71570793653
516161,108762.55182222222
516162,132037.9483015873
516163,56002.16314182304
516164,52297.908257053845
516170,94128.16450409216
516171,97781.29295238096
516177,107620.59693823555
516187,119215.19933333334
516188,72831.9931520822
516189,116971.20719047621
516190,131626.05087460318
516194,62042.87503809223
516195,85755.42978769644
516196,74320.56821034336
516199,87353.964
516201,79001.3436063492
516202,344209.1785363247
516267,96618.62282718558
516270,124534.38957128426
516271,120008.0257135054
516272,115161.0980984785
516277,230040.0
516285,142010.8897588986
516286,230000.0
516289,106046.11131967374
516290,115005.9868944659
516297,243560.96540476193
516298,129280.88569741085
516308,196500.0
516312,150347.34281311661
516313,142023.15437761563
516320,159700.79835266195
516321,77646.09984126984
516335,87484.37883280867
516344,89244.81256612513
516345,142455.10852933553
516352,98927.63271023463
516355,129855.77681237218
516356,124981.55020901805
516358,78567.1919852857
516364,98012.54721668466
516365,112882.34182352351
516366,115966.37853668667
516371,87952.70009541223
516372,83781.39427732522
516373,111875.1794631928
516405,192492.1450985771
516407,169698.89679084113
516426,138456.56275795982
516427,148589.48359759536
516428,153001.07792207794
516429,199799.18213021103
516430,131261.03507917176
516431,131261.03507917176
516434,169338.78158755886
516436,184030.6072789804
516442,264531.9445257376
516444,183561.44805013237
516456,208391.42856774066
516457,326649.64803415537
516458,208391.42856774066
516469,271506.2052714709
516471,139392.89415129245
516472,192492.1450985771
516473,168222.18484525723
516474,228985.5770365086
516477,187847.05371428572
516478,168728.13847624586
516481,154534.93230317615
516484,135200.61712877944
516486,115006.84390108679
516491,154976.6563390397
516492,157458.66075747617
516493,109962.56277328213
516496,190013.85774721947
516502,237808.80066666665
516506,208204.16359806553
516507,138318.53219548732
516508,144160.55654320135
516509,236302.0
516564,261803.8421760032
516572,195865.2904472856
516573,255304.81017319678
516576,379235.97861604806
516581,225355.13184319233
516588,423115.18332888023
516589,499940.96
516590,350845.8692420912
516592,433862.25878466084
516597,285072.27686186903
516598,665530.0
516600,295662.93644444447
516601,410671.7812565804
516602,437986.2723589744
516603,448700.6490526984
516607,198788.92521783264
516609,349966.2130994152
516610,383531.8092719199
516611,252091.2421225071
516615,370103.8714894366
516659,1025484.0456389278
516660,1123731.6666666667
524743,381339.9717215479
524744,719015.0623955262
524748,159052.96820772925
524749,186970.08257142853
524751,241256.93266666666
524756,89752.20466013589
524757,124531.63548546858
524758,124970.36140740741
524759,68715.70832576742
524760,89752.20466013589
524761,93148.24113937296
524762,124531.63548546858
524766,89975.19291452348
524767,204504.83490909095
524781,181572.79702339834
524782,194982.48315234025
524785,68670.13208670604
524786,148873.79324493272
524787,113053.91929137532
524847,93014.69069633224
524851,128785.45469047618
524852,101337.14307142858
524853,99678.31013349562
524858,385817.53114285716
524872,187810.22799999997
524874,182813.46466251765
524878,97918.03712305505
524879,102478.39163804727
524880,106071.9989264125
524882,138557.37437278495
524883,343716.93041533243
524884,198253.86932867134
524889,140219.1192557221
524891,170703.81524599929
524893,202104.0605221354
524894,146566.86128567686
524895,196717.5839863648
524896,101683.24336102988
524898,211350.86436474693
524900,79503.54166666667
524901,255796.82229885057
524904,130378.89812732922
524910,110663.40593581993
524912,183653.8983701086
525089,101979.93299425798
525092,97702.8199106227
525099,134069.27222222224
525100,121758.33918991113
525101,124091.119
525102,134069.27222222224
525104,131816.15541338906
525109,148988.03313805748
525113,101808.82127167305
525117,128432.62863636365
525121,188918.25029689402
525123,128432.62863636365
525124,145947.9378445628
525125,176176.39341002633
525126,118874.78533262295
525127,122918.04279215228
525158,49926.0
525164,154322.94669841268
525170,58762.37088939211
525172,122601.52708089136
525175,95695.28617841176
525177,110195.8110373467
525178,93004.57594310152
525179,143190.16854003578
525181,108076.01300273772
525182,90526.05902232521
525197,118313.49870993623
525198,79244.42806438735
525201,84158.03951900783
525219,152699.7215619187
525380,348440.8486666668
525383,196695.56299778348
525384,187230.86435832494
525390,222641.25407511744
525394,280001.6403288334
525413,368335.278923077
525421,207998.02366666668
525423,339055.0
525424,242417.31782857148
525427,189463.8043322761
525433,234937.8
525443,267530.97879509383
525455,117362.15383015036
525479,137164.74315174582
525655,449218.221047619
525656,449406.5166000667
525658,251190.46307160912
525667,321122.0
525673,825023.824117647
525680,235172.08620782488
525682,462717.0056610056
525685,250274.70888991115
525688,647551.6446666666
525689,233991.45390933624
525690,171568.31952733092
525691,368886.5089855516
525696,362590.29736263736
525697,247284.8743850486
525698,220640.6258079626
525700,184020.52475122738
525711,162434.3716628634
539753,100030.62362369671
539777,106132.55738198306
539778,103250.85902977703
539779,131511.8533161985
539953,89503.48567965368
539954,100897.95762610469
539955,166007.11884868745
539956,166088.29126248052
539957,166007.11884868745
539961,166007.11884868745
539962,166007.11884868745
539963,83994.13033333335
539964,83994.13033333335
539965,106071.96924924133
539966,106071.96924924133
539967,106071.96924924133
539968,106071.96924924133
539969,106071.96924924133
539971,150875.73669811324
539972,150875.73669811324
539973,150875.73669811324
539974,150875.73669811324
540081,119632.55133054419
540090,64909.919485522674
540110,127226.65933881093
540254,282857.4352405373
541463,102114.38094453025
541599,147677.17761273854
541853,107889.42500606061
541877,119260.51283612961
541878,119260.51283612961
541879,119260.51283612961
541880,119260.51283612961
541885,168067.0533809524
541886,168067.0533809524
542909,177888.81426395036
543093,296608.0155238094
543710,228861.08190238223
544210,190975.97620295838
544215,226958.78664265602
544327,490236.39750445634
558074,102265.33344242425
558075,101894.444699887
558077,73127.82125499171
558083,73127.82125499171
558085,126509.51321746032
558086,117295.70428730159
558087,126509.51321746032
558090,139317.5078614908
558091,103909.57775300811
558093,111399.13909861245
558094,139021.47417142856
558095,174739.7045703576
558098,127403.70096507935
558099,103909.57775300811
558100,153496.99355555556
558101,110743.21867891304
558103,106516.00946897626
558104,280166.8628888889
558105,110556.61262119905
558106,107711.52028690172
558108,101079.51277316248
558110,186354.34478997273
558111,117248.47291534251
558112,158526.03400000004
558113,135759.126
558114,111478.82247743674
558115,370040.298
558118,109093.02285714286
558119,110743.21867891304
558121,152422.7526666667
558127,114352.3733690476
558129,97576.1483560418
558130,114352.3733690476
558131,105958.04269670114
558134,114352.3733690476
558136,105958.04269670114
558137,105958.04269670114
558140,104147.59163818683
558148,183350.97745605386
558152,89814.23608094364
558153,183575.17745605385
558156,126220.33538086218
558157,126220.33538086218
558158,185916.13641511818
558159,126220.33538086218
558161,185916.13641511818
558165,107267.32313852814
558166,115472.66768907564
558167,133555.9889909091
558168,175838.11733333336
558172,173075.342
558173,103821.5185369362
558174,107267.32313852814
558175,215890.81155555556
558177,115307.1787625743
558178,141094.15620476188
558179,128029.06333240189
558180,110536.13214835132
558182,87288.04558449938
558183,145673.0526825397
558184,110345.61332972437
558185,107262.14440293044
558187,100335.0894632996
558188,128417.7398812529
558190,128029.06333240189
558191,87288.04558449938
558194,96523.47515079365
558195,154708.51944083694
558197,71717.2833787814
558199,121989.30009593091
558200,98943.76913502582
558201,127361.99301738408
558202,112153.67577243631
558203,85079.82291537322
558204,130672.94683877296
558206,60534.23540992882
558212,70367.11988101382
558213,70261.25149860934
558216,73171.55343789714
558217,73171.55343789714
558219,73171.55343789714
558221,81105.4249356761
558223,73171.55343789714
558225,73171.55343789714
558229,76327.95306331369
558237,154199.47231415537
558238,131225.32375667695
558244,192762.23638095238
558245,148294.20790842493
558246,119871.0484485541
558258,110629.38825238096
558260,108023.5003174603
558261,162858.54985162092
558315,151027.4441519188
558319,98937.1469959489
558324,212410.48315491946
558326,212410.48315491946
558327,200820.6245904762
558328,212410.48315491946
558329,212410.48315491946
558332,182207.5051428572
558334,141906.21974433842
558336,117241.30228515512
558341,210399.44
558342,128321.52333333333
558345,200086.864
558351,153592.60123994199
558361,207888.56211428574
558362,263347.0783030303
558363,191512.69
558366,88301.71529651286
558367,177430.51445642195
558368,197049.21078746894
558369,192503.60611904765
558370,188659.8737142857
558371,199636.49135587708
558372,201515.26509148628
558373,196294.86850309782
558375,195048.72176942354
558376,138894.95520931736
558377,200462.60622211124
558379,218868.83709417062
558380,200462.60622211124
558381,189708.76032380958
558382,199957.85048860658
558383,197097.5802160404
558384,165522.7636236308
558389,149864.80340341106
558390,149864.80340341106
558391,129551.34428889229
558392,123119.55405318193
558393,149864.80340341106
558395,194982.42857516342
558396,149864.80340341106
558404,255714.56
558405,190715.255976032
558412,154079.0666161422
558413,103006.80488870107
558415,150552.96570125778
558417,184774.39990164628
558419,134564.93893667942
558420,184774.39990164628
558423,158000.17522325384
558482,109622.4682027552
558487,94884.61094896884
558575,151003.88399456823
558579,269917.9034303869
558580,265035.70024273504
558582,264997.7545685705
558586,149894.26818650836
558587,426567.8301305831
558588,254865.9921891678
558589,288338.1950220441
558590,348460.8485714286
558592,254865.9921891678
558596,288338.1950220441
558598,254865.9921891678
558599,218325.3843030303
558600,254865.9921891678
558601,185000.0
558602,254865.9921891678
558612,304243.9
558616,566517.896199948
558618,233758.82833402097
558619,279861.57837828837
558621,207980.83235061137
558623,250510.4023659269
558624,249781.24014041503
558626,249781.24014041503
558627,374628.50173333334
558628,291407.20580848475
558642,331574.4884383968
558643,331574.4884383968
558645,331574.4884383968
558646,331574.4884383968
558744,374789.76996664726
558745,185495.15581964218
558746,230013.18081738832
558749,322552.45406926406
558752,306557.6459255411
558757,356330.52859523817
558758,249974.40367496104
558759,249974.40367496104
558767,228915.70907523847
558769,299954.39176901313
558771,374789.76996664726
558811,374824.6448969706
558813,375402.8266312052
568428,202384.78208029878
568488,113187.93136076778
568493,108171.48808476835
568513,126948.8375174603
568514,102680.00827130726
568678,344044.8888888888
568737,183278.06540645903
569283,101165.34563237109
569291,114887.4577357603
569296,403580.828
569297,227147.42803809527
569577,152343.98697110466
569590,54781.101
569721,94920.1052034773
569782,160655.9757040778
569784,79339.08785561287
570328,73888.01912093165
570329,103574.17867693743
570331,71008.62865555713
570337,142561.0919008664
570339,142561.0919008664
570340,123488.61569625507
570343,102070.34716655115
570345,154151.20595576134
570347,134597.65899467678
570349,104429.46461152389
570350,154151.20595576134
570351,149808.40131908268
570354,126724.91333333332
570356,144113.42000676936
570358,153306.19286934123
570359,147393.57659850238
570360,154151.20595576134
570361,147393.57659850238
570362,149808.40131908268
570363,149808.40131908268
570364,149808.40131908268
570365,84460.87214328576
570366,84460.87214328576
570368,84460.87214328576
570370,77439.73499050803
570373,153240.19286934123
570374,153240.19286934123
570375,149537.29525847657
570376,149537.29525847657
570377,149537.29525847657
570378,153240.19286934123
570380,144708.18440392194
570382,149537.29525847657
570404,114204.32171139971
570406,183064.12547990546
570408,88946.1413755503
570414,98015.9800398388
570415,121985.78473448333
570417,130005.64912134805
570419,90655.61226300907
570427,124097.66346439933
570429,97975.93448488005
570437,100750.5894840013
570439,100750.5894840013
570440,100750.5894840013
570450,195000.5174910229
570458,129128.26531899581
570459,106388.26668031477
570461,117433.5573200829
570462,100704.2126787416
570464,158897.40999755802
570466,106388.26668031477
570468,123256.05745618657
570473,129808.08494914175
570497,140885.983732974
570500,199502.45159991164
570504,264270.55827282387
570506,206145.0827343192
570507,205262.8005373881
570509,161007.47178566045
570519,158372.89363847912
570520,228534.40835873017
570523,266892.18133333337
570528,168556.8444397725
570537,235158.7487794198
570538,184624.34862441645
570555,172578.97866146223
570556,224489.1211862782
570557,283008.91678153194
570561,183955.7798011753
570562,198019.8034959772
570563,285238.25777557946
570569,199000.0
570573,502315.9404761904
570578,297243.09813571634
570585,230006.852096012
570586,285345.95159021544
570594,440323.2974916805
570596,462633.4006399999
570598,457304.3256680469
593356,128408.25646171476
593382,92211.89093134532
593448,427610.9426666667
593531,337818.49893683044
593551,133396.18914649193
593561,190525.82008202074
593615,1672774.3060833332
594359,82821.3943363309
594365,118993.48641247295
594367,176237.3212121212
594402,133446.74537129534
594574,126387.02635643896
594609,288357.48828592635
594610,249611.86623338712
594613,290975.23009090906
594628,73734.46985035503
594631,115471.36597049862
595047,343319.1694248336
595289,138818.64150786537
595420,49366.19583333334
595423,103160.39949184805
595425,89752.20466013589
595442,106173.19887710335
595448,76324.85906523907
595450,105848.40506715506
595451,97600.0014926966
595452,83388.92443934115
595453,73171.55343789714
595455,77439.73499050803
595456,77439.73499050803
595458,77439.73499050803
595461,94595.50526151546
595462,94595.50526151546
595465,102478.39163804727
595466,91863.49528953398
595468,94595.50526151546
595470,102478.39163804727
595471,94595.50526151546
595475,102478.39163804727
595477,55734.77258028619
595478,95000.3
595482,76041.8
595488,52183.48451506833
595523,90618.16545729751
595535,90735.32352767308
595537,79918.59464284677
595540,117105.90329518272
595541,109995.06666666665
595542,139951.130995316
595543,170688.72143881672
595546,89031.18796506146
595547,105045.91042743434
595548,103782.14370210707
595549,101808.82127167305
595552,134029.61950036627
595557,94979.6240932181
595560,172852.1933333333
595565,161411.99546574784
595582,182561.6970657957
595591,166995.08617965368
595598,95952.17088730453
595600,104804.01017384593
595620,105188.07109721444
595626,148790.33443859516
595628,155088.1890823212
595633,101015.90467836634
595635,118313.49870993623
595636,154610.6561694021
595638,102742.8968162908
595641,108597.96559414455
595643,148790.33443859516
595644,148790.33443859516
595647,107838.73918546637
595648,112915.91539578006
595658,85397.89940203127
595660,113147.67818726294
595685,139919.71602763195
595688,196695.56299778348
595689,185663.10062940913
595695,184567.1578357366
595696,178000.94997369757
595697,265326.73384156235
595698,183841.1098787125
595700,249833.81666666665
595703,288338.1950220441
595706,184567.1578357366
595714,185278.39108556995
595718,193513.52188005898
595725,199005.4005051134
595732,129569.74476484735
595734,169509.1109553189
595736,220111.69388593428
595737,145439.73451246077
595739,135075.1739700286
595740,160005.3701900087
595741,184110.56066656442
595742,245888.52775813098
595796,269114.8288919093
595797,143381.5345609733
595799,289978.84405747976
595801,214976.60526186044
595802,199032.87177183348
595829,193212.72974010717
595830,297266.0741044197
595831,195807.61691686677
595832,297266.0741044197
595838,334570.4010222886
595840,302337.31325593486
595841,183745.04117942465
595864,568893.5761833608
595866,293143.4547825985
595867,279124.68904123537
595871,279127.5767571522
595872,283108.0407894602
595873,280726.5896358301
695664,48634.87583333334
695713,107748.9174303355
695740,84711.13794614402
695980,139818.89505739554
695982,207049.68485714283
695988,52783.09961111111
695990,235744.73197777782
695991,401336.8761904762
695992,280360.6
695997,81652.56947619049
696003,153269.1242825116
696004,143596.27999999997
696286,110191.95193277311
696293,120624.92823127667
696305,110232.82751214076
696307,85755.42978769644
696308,87353.964
696311,344209.1785363247
696315,107651.30096436969
696350,119005.11285749097
696869,101015.90467836634
696873,121286.45116666667
696877,230040.0
696878,105000.0
696884,106046.11131967374
696886,135689.22701598334
696899,217010.84391729493
696907,103248.7023557031
696915,105001.0
696916,85026.51860783658
696919,87484.37883280867
696920,120002.18479765762
696924,78567.1919852857
696929,98927.63271023463
696939,129963.32324993689
696940,124975.17094517675
696942,125021.8488400973
696943,85397.89940203127
697271,131261.03507917176
697273,153001.07792207794
697274,138456.56275795982
697275,295925.89618487447
697280,208072.88187747245
697281,183561.44805013237
697283,208391.42856774066
697286,208391.42856774066
697287,165000.04434313395
697296,194255.97014678692
697297,266383.01428571437
697303,139392.89415129245
697305,228985.5770365086
697309,115006.84390108679
697311,133759.96173154446
697319,138318.53219548732
697320,169203.2095728033
697552,512259.90599999996
697710,341909.6499673316
697712,225355.13184319233
697715,284676.76482799224
697717,380000.0
697723,306557.6459255411
697726,283046.77
697729,423016.00171428575
697732,349966.2130994152
697874,1478726.0580115442
698220,125533.687757685
698327,213991.27520390725
698446,548830.9620558395
700159,233884.58411588412
700179,234388.58411588412
700194,445852.47285714286
700545,112645.2863787047
700552,124024.9396979128
700625,63675.29322787958
700675,91785.52708345697
700716,160779.40449402176
700901,231490.35626100647
741348,416824.78165708075
742385,97855.27432451931
742389,131318.02957111527
742393,153863.87461505106
742423,151095.50275985143
742425,487476.9554
742446,176832.1309112421
742449,485566.4706666667
742450,176832.1309112421
742458,94992.96159206647
742464,54426.2455056591
742467,77439.73499050803
742468,77439.73499050803
742531,107166.96375049667
742533,107166.96375049667
742571,99212.42736212749
742573,125937.62148141062
742929,153854.89752163654
742930,152305.81666666665
742939,96371.07756120482
742964,121742.05627530365
742971,118385.71601904761
742973,56097.06167582415
742974,172852.1933333333
743033,166995.08617965368
743034,132882.14672886007
743038,177501.88396491227
743063,171592.5316412988
743065,171592.5316412988
743070,150012.2924331458
743073,114729.53333333333
743076,76214.31436447555
743084,81979.13695723373
743086,160033.72274580933
743088,98781.50744579984
743089,100760.06776210011
743094,74260.99077915015
743100,100462.92731507935
743113,114996.0415870031
743117,272118.60566666664
743119,95300.59937754853
743135,157291.98576974793
743136,157450.98576974793
743139,130527.62491349208
743140,130527.62491349208
743190,64409.73603701481
743192,140866.11655677654
743194,153302.09196825398
743369,100532.30576821718
743690,200222.6732765568
743695,176779.80733333333
743699,223165.25927644403
743701,132829.17743645018
743705,160549.22496392787
743711,215014.30436956522
743712,223864.51037900048
743717,215014.30436956522
743760,240888.14623559924
743761,242542.59990934734
743762,134428.9337767321
743772,165265.49251468052
743779,262108.89133333333
743782,118551.38038866031
743795,240518.11835681138
743796,240005.6653968254
743801,265087.97112896346
743802,153245.77954995265
743804,265087.97112896346
743805,235500.0
743806,223448.20413437224
743808,134327.35501848417
743810,247997.2392969697
743814,157197.55644444443
743817,258072.584
743842,292787.1577667748
743994,222573.33183057187
744663,324602.8083418184
744679,262094.85357967237
744680,309960.8285743144
744694,325164.23609098117
744695,661502.992
744736,156478.7952034631
744752,155321.28203720352
899301,108648.2882601315
899306,130554.11477088745
899324,94128.16450409216
899326,184569.71226666664
899337,50720.76378057889
899339,105117.08368517667
899340,100084.58588139241
899343,100742.81883139134
899352,144733.84919449987
899354,120008.0257135054
899355,136565.30413210005
899359,262907.7175752137
899360,141906.21974433842
899368,142010.8897588986
899370,150347.34281311661
899372,209014.12846723045
899373,154963.5346238206
899374,97443.20727339716
899375,230566.48034920634
899376,67685.57817705152
899377,67925.29576202438
899378,142720.46179123578
899379,118952.67313995976
899381,142455.10852933553
899382,142455.10852933553
899388,129855.77681237218
899391,165674.07467126826
899392,111875.1794631928
899399,169698.89679084113
899400,192492.1450985771
899401,139392.89415129245
899404,189193.94785242816
899405,189716.71027545648
899406,160604.12518734313
899408,169338.78158755886
899409,184030.6072789804
899413,340734.0446285714
899414,580923.8
899417,192492.1450985771
899419,196308.66529232805
899421,194611.92264761904
899425,143663.66572608243
899426,109962.56277328213
899427,157502.06362423726
899428,120586.84129179532
899430,190013.85774721947
899431,166096.48440634218
899432,154976.6563390397
899433,179541.49193808463
899437,236302.0
899438,144160.55654320135
899451,261803.8421760032
899461,493061.68359356106
899463,356914.96241315105
899465,392905.8
899467,291339.0487510258
899468,151639.41778581263
899469,236454.6650392741
899472,198788.92521783264
899474,370103.8714894366
899475,449370.46280780365
899480,388886.95238095225
899481,473259.84487047227
955997,89730.30923923873
955998,161202.87779908517
955999,159644.14016339876
956000,87803.93740466752
956005,161848.0622840909
956006,178580.93333333335
956007,188487.77062177673
956010,123435.51102641707
956013,220765.51504943802
956017,174670.40057508493
956024,108173.79086605502
956025,103232.08136996336
956034,88913.78495894073
956037,361415.936
956043,193532.64983333333
956052,101604.54050947957
956053,266989.0982779923
956055,89843.5716904762
956057,193532.64983333333
956058,115477.16483505463
956069,82863.60065719522
956070,94358.23125146737
956072,98340.1531899645
956073,98340.1531899645
956074,98340.1531899645
956075,94358.23125146737
956076,94358.23125146737
956080,94358.23125146737
956081,94358.23125146737
956082,82863.60065719522
956083,94358.23125146737
956084,82863.60065719522
956085,94358.23125146737
956086,98340.1531899645
956087,98340.1531899645
956088,82863.60065719522
956089,82863.60065719522
956090,82863.60065719522
956091,98340.1531899645
956092,98340.1531899645
956093,98340.1531899645
956095,82863.60065719522
956096,98340.1531899645
956097,94358.23125146737
956098,98340.1531899645
956100,94358.23125146737
956101,94358.23125146737
956102,82863.60065719522
956104,82863.60065719522
956105,98340.1531899645
956106,94358.23125146737
956107,94358.23125146737
956109,82863.60065719522
956110,94358.23125146737
956111,94358.23125146737
956112,98340.1531899645
956113,82863.60065719522
956127,100016.38436317739
956136,140943.55
956137,117602.21602240897
956139,166007.11884868745
956140,366399.2086074074
956147,192258.20203641456
956148,57243.88195928613
956150,76352.14536278455
956154,128889.33104948759
956155,139304.226
956156,91327.93506111033
956165,159948.50805992054
956171,180984.57823603938
956174,139045.2933732532
956175,163848.25883333336
956176,89324.3123877195
956177,146510.68628174657
956178,174895.6725071165
956179,168971.1680761222
956180,120963.27144827586
956182,120963.27144827586
956183,124924.15142857144
956184,120963.27144827586
956187,114698.52246825396
956199,67133.42989263215
956200,78334.08047932744
956203,118534.93086113888
956206,200664.30266666666
956207,203891.4833333333
956215,177614.4697182585
956216,323512.7999648571
956219,100185.35359752171
956260,198267.8190309524
956263,100802.22513919412
956265,112086.19132303337
956278,137835.22085942625
956282,158831.56841383319
956284,141030.37762176845
956286,132792.20244761903
956287,107081.78256006035
956296,152465.7046339601
956299,90970.63121280046
956300,79717.67135491013
956301,195940.6325663004
956302,229728.37688883668
956303,92819.04859360258
956304,105597.56616153456
956305,114006.04514535695
956306,215989.1214615472
956308,130036.21766666668
956314,89038.6051393119
956448,88675.6353499488
956593,95352.7385228913
956658,111903.06637402838
956809,131642.6364334887
956858,176303.4022209097
956897,185852.56302742328
956898,196182.39880131098
956901,200603.4285093002
957097,294142.56389304815
957206,397961.9333333333
957298,113527.8211260439
957343,181260.97876190476
957367,176839.6994635952
957390,88018.55354756994
957447,71016.57453266469
957458,225812.49020321274
957494,223560.83360917305
957534,311856.5677678144
957542,251760.6115686274
957549,287049.63011930726
957560,93610.53242819956
957577,104904.46589590122
957604,311549.2448732014
957607,404167.19923249295
957925,120198.82498347278
958055,97636.52392296918
958085,106842.73525723042
958089,184985.9046666667
958108,257508.78501066475
958114,226117.71762799428
958138,399286.1430206216
958139,237889.0877142857
958215,103805.18861817237
958216,106540.3666961734
960013,67523.22042459414
960014,117999.67346938775
960015,117999.67346938775
960016,119041.79055433699
960018,118735.47015516258
960019,65001.40326263249
960022,118004.53899272291
960023,104682.5079221757
960024,126276.9501846059
960025,112410.76237640176
960030,108903.14023342932
960031,128338.17782871836
960032,108903.14023342932
960033,128338.17782871836
960035,73171.55343789714
960036,73171.55343789714
960037,73171.55343789714
960038,73171.55343789714
960039,77439.73499050803
960040,77439.73499050803
960041,77439.73499050803
960042,77439.73499050803
960046,79839.350204551
960048,81996.65562564357
960049,119241.78424366369
960050,118000.0
960052,86602.74852508769
960053,92418.23212790526
960066,119010.31428571428
960069,160036.35819099707
960071,148982.73757345567
960077,190004.87923187923
960078,108862.28346373074
960080,145046.9292380953
960092,117013.60151260508
960093,141980.70224682544
960095,92803.8693333333
960096,142519.792602381
960101,124866.51857142856
960102,121429.41321092975
960103,121429.41321092975
960105,93324.093313768
960109,72563.29599033817
960115,112634.32289690751
960117,189967.2926050138
960120,119023.53149591149
960122,119102.93323286105
960150,187299.0799694206
960151,189952.40003934104
960152,131261.03507917176
960154,204953.95955860772
960155,187299.0799694206
960157,187299.0799694206
960159,220000.0
960161,185040.21185558962
960166,265003.23945548147
960172,189830.83666666664
960177,258485.71513333335
960180,130380.6891929903
960182,167574.23590717046
960185,171706.93481119192
960186,220006.5341014535
960187,204987.29289194106
960188,195000.0
960189,140068.91162252234
960198,249207.0437427974
960199,249207.0437427974
960212,259901.58643849022
960213,272997.7478991597
960214,260999.31993515693
960215,259901.58643849022
960216,341909.6499673316
960217,259901.58643849022
960218,260999.31993515693
960220,321122.0
960226,825023.824117647
960227,200592.17234814924
960229,248999.59888935977
