id,price
1068,476745.6400389082
1069,790000.0
1073,214816.39333333337
1082,397234.8533982804
1091,257630.77603216376
1363,105415.30238095239
1535,205966.0455122655
11023,323715.1796808307
13114,680000.1274827006
13121,980380.0001000001
13122,476745.6400389082
13123,981268.0
13129,550011.9636363636
13135,475101.8013591495
13136,600000.0
13859,225410.53333333335
14120,387231.07458247064
17962,379165.10527105443
18023,165556.42733487734
18026,252598.79000000007
18031,136109.82179971988
18033,318251.88182144647
18055,149169.7635296499
18056,206154.334
18641,178776.22153333333
18952,790112.4878974765
24270,574067.9133333332
24300,231077.87288658015
24962,216352.32133513087
29513,790112.4878974765
30487,474261.5757117041
30496,650000.124524038
30986,317124.5466666667
32487,393152.5833333334
32497,610559.3033385765
34223,680000.1274827006
34228,981268.0
34229,476745.6400389082
34241,600000.0
34447,200032.209968006
34556,123139.416
34560,318477.034
35408,680000.1274827006
36283,476745.6400389082
36297,550011.9636363636
36313,475101.8013591495
36503,600000.0
36593,980380.0001000001
36594,981268.0
43990,125274.91406666666
44484,210068.56666666668
44522,198975.6
44541,182065.098
44795,244882.73523809528
44810,243364.44127787452
44921,332969.66375094204
44941,353856.348
48130,299464.97533333336
48906,790112.4878974765
61506,474261.5757117041
61520,475101.8013591495
61635,521507.8313207927
63611,824274.2309747903
63615,1718479.3311869116
63616,222244.95247748916
63654,379684.6285714286
64454,336309.50514285715
64458,152385.72841246455
64687,476745.6400389082
64693,348299.16466666665
64694,209544.14285714287
64707,452278.202
64711,121641.0
64714,173720.36325851295
64864,110227.37722013135
76712,149708.06466666664
107512,351549.20243877056
107617,460000.06730401475
107648,519418.33311111113
121692,160190.57522655578
121693,155764.03333333333
123342,351549.20243877056
123378,460000.06730401475
123380,519418.33311111113
126492,680000.1274827006
126525,980380.0001000001
126530,981268.0
126531,476745.6400389082
126602,550011.9636363636
126708,475101.8013591495
127160,126388.6758896104
127755,370660.4271342383
133612,1485156.560317655
144042,257997.90333333332
144080,103125.93040370155
144429,272467.66057664546
170404,239357.96533333338
172269,274877.7508174738
173866,133470.81380891718
173868,80056.3245
174902,114902.3473968254
177586,102829.88333333335
179914,213506.2633333333
179924,461384.6762481962
179963,650000.124524038
179977,253649.93533333333
181779,1635855.4184334334
187943,165485.1029803922
189578,538095.6309039703
189587,580000.0567233948
189588,1200000.1053148871
189589,580000.1824900474
191430,109419.27014718615
191965,88772.63396531284
191966,80279.6285540574
191967,86148.86426834315
192661,476745.6400389082
195919,161000.26333333334
196103,193834.98413709793
196105,193834.98413709793
196106,193834.98413709793
199867,199836.02765787693
199881,152314.16683021095
201115,388119.6150106156
201277,303678.8238596491
201303,512132.0
201766,115654.86666666665
202123,141634.16433333332
202124,131821.10833333334
202125,111415.4
202129,142951.0686666667
202354,277326.9428571429
202355,256075.48168557626
202358,231801.2
213982,337651.6714285714
215836,460000.06730401475
215846,519418.33311111113
215857,351549.20243877056
226279,364690.53427540156
226280,910520.222
226291,771158.6138125669
226292,520097.7098914155
226309,435012.67373374617
226325,515075.9581196581
227218,128781.71066666665
227616,182117.2
227714,210433.30586666666
227730,254320.7476473496
227985,270725.46206663904
231004,435012.67373374617
231095,399973.47727272724
232092,422570.59705307847
232097,133355.5715
232099,188580.8638
232101,302423.85247619037
232102,193708.13498412698
232103,126049.34402291372
232417,261401.6827878788
232525,474261.5757117041
232527,475101.8013591495
232529,158673.0271062271
232575,521507.8313207927
233259,906367.5526031748
233270,129705.556
234636,790112.4878974765
237179,474261.5757117041
237225,475101.8013591495
237228,521507.8313207927
237651,332486.76776587305
237944,381220.71616773616
238337,238287.90148207126
238366,183340.4036093418
238758,394386.94244444446
238767,267530.2454901961
238986,380617.8158995215
239068,461062.52733333333
239080,215136.21660439557
255774,1485156.560317655
259949,519418.33311111113
259961,351549.20243877056
259962,236831.05952380956
259975,365074.83297946857
261283,463258.43536752136
261349,294230.0666666667
261464,289928.1888888889
261552,566555.3542991696
261555,358525.3293333333
261577,259403.33648387095
271287,189522.76828571426
271289,189522.76828571426
283783,322749.13742857147
283802,711280.5492565773
285000,435012.67373374617
285036,399973.47727272724
286226,188853.35897435897
286298,474261.5757117041
292949,538095.6309039703
292957,111653.198
292994,233324.30466666666
293001,226867.15442244615
294088,327004.2753246753
294239,580000.0567233948
294242,580000.1824900474
294302,1200000.1053148871
300375,208505.83965918393
310846,1474752.7766447754
310857,173729.83558897246
310861,116044.48571428572
312221,474261.5757117041
312242,256371.86266666665
312286,475101.8013591495
312525,390330.2231884902
314881,476745.6400389082
315338,94311.32142857142
315772,145481.9238095238
316101,560132.0
330009,917233.804
330069,454469.5
330080,771158.6138125669
330082,520097.7098914155
330083,670334.9119166667
330097,380230.7331646191
330114,471823.6666666666
331958,385736.6
332547,172662.6666666667
345112,193483.9313333333
346026,208788.19885714285
346028,171592.17733333333
347071,206912.81179243757
347256,320472.02380952385
347275,351136.2695757576
380265,362545.4242212167
380274,476745.6400389082
380434,790000.0
380988,538095.6309039703
381755,236619.66494983603
381902,580000.0567233948
381963,1200000.1053148871
405457,108794.87803983132
405458,106115.50745159603
405459,152744.7761683727
405487,276674.0992952381
405495,140177.3088888889
405496,291112.91721428576
405500,723847.5
405513,680266.7471648351
405514,208718.49797361868
405520,214963.24919876407
405521,672046.6634505495
405523,247349.58444444445
405525,201503.72571428574
405526,347368.2490285287
405528,263869.6671722828
405529,293314.434331362
406834,324235.1666666667
406880,337443.0932380953
406909,371224.67549450544
406916,297310.025252381
407071,380617.8158995215
407136,1100544.2075758015
414078,397234.8533982804
417678,277433.4870909091
417709,211644.34666666668
419177,287852.5489439677
419215,338850.26259822247
419338,263423.16084993246
419415,444816.0788305606
419437,325114.4646666667
419443,790112.4878974765
419445,1006357.4007389611
442375,316930.67
467192,191499.1453981224
474797,209038.18438566333
474799,108246.798
490742,179299.3206666667
493377,790000.0
494808,476745.6400389082
495047,390330.2231884902
514606,806051.1062684257
516544,520097.7098914155
516545,771158.6138125669
516547,153823.1295238095
516644,339666.06907431816
516676,480432.6496576017
524391,234749.1162942704
524399,502839.0297999848
525351,351549.20243877056
525352,197072.77017091715
525359,284117.56740755716
525580,460000.06730401475
525606,519418.33311111113
525626,300688.3951145079
525638,292992.74181106355
557785,650000.124524038
557990,123855.03420522875
558284,203623.58519754547
558285,110669.32203686636
558288,144105.25857142857
558300,178862.94359224598
558301,164526.8269047619
558553,176017.13333333333
558702,289600.41572641797
593271,353921.6888888889
594432,431433.5941470921
594440,122132.1619047619
595788,475101.8013591495
595859,521507.8313207927
695594,63135.033333333326
695928,241414.28985441313
697939,339666.06907431816
700851,917184.476114953
744025,178541.57992697306
744527,288386.18266666663
745088,316468.1650826985
745212,790112.4878974765
899274,771158.6138125669
899275,520097.7098914155
955557,189735.0
955558,144156.23542857144
955584,294986.584
955585,137679.47863133217
955591,1071436.2355464578
955603,134890.751
955633,181290.07371795372
955654,374493.68314285716
955660,305713.63
959906,1485156.560317655
18186,181504.89877538543
24465,19695.354958323413
24469,29676.922619047622
24470,17102.958118676932
24473,20242.785797054385
24477,29620.582222222223
24478,24375.1
24479,30217.071746031746
24481,21099.264410256408
24487,18637.1
24491,42839.6313584992
24493,24864.226666666666
24495,36741.933333333334
24500,27430.38333333333
24501,29296.366666666665
24502,25025.887619047615
24504,26933.444783739134
24505,22867.7
24509,19104.014285714286
24510,24007.280000000002
43824,20402.89523809524
63797,16387.67142857143
63805,20489.803571428572
63806,20500.18181818182
63807,26421.2935975136
63809,30000.0
120976,24520.496126984126
126494,19591.6
143965,21216.739611768273
144028,20508.329274946926
160946,27596.422222222223
160947,27596.422222222223
160955,26986.4
177755,21712.516663336664
180197,21139.879999999997
180198,21139.879999999997
180199,77126.16866666666
180204,20223.649235209243
180208,23472.633333333335
182583,17705.539542483657
182585,17705.539542483657
182595,20648.23809523809
182602,21541.75511111111
195340,21634.054666666667
201925,24301.05373737374
214341,24795.6
226560,19170.1152847108
233510,15241.3
233511,30516.355555555558
237508,17102.958118676932
260231,14973.592698412695
260234,20865.3
274481,15186.538492063484
283991,28494.604126984126
283995,227723.51333333334
284001,26734.58220923521
293222,17102.958118676932
300684,24511.97466131907
300685,26782.25503941809
302972,17102.958118676932
315192,20806.97295238095
327700,21342.633333333335
327705,19172.815555555557
327706,19172.815555555557
330362,23866.999999999996
405777,25779.679975579977
405783,21090.167878787877
417959,17947.82429949651
417960,20236.70515873016
417964,16106.829341991348
417965,14224.8
467425,20791.408659387325
477906,17102.958118676932
516102,20822.383571428574
524657,17102.958118676932
524666,24152.148333333334
524667,19647.266666666666
557901,16275.871428571427
557902,18356.240380952386
557905,18434.899363057324
557907,22623.991999999995
594352,19889.384
595361,20961.73061938062
595362,20961.73061938062
595363,20489.803571428572
595364,20500.18181818182
595365,30000.0
955950,23247.755238095237
955951,24353.777619047614
287176,1203686.5793333335
64597,506198.8573333333
332336,1095894.3998333332
13567,501575.11931544764
25431,654196.3095
34755,672108.5711502383
64598,768427.6825833332
123333,280360.268
123334,678817.0476190473
123370,650000.0
127584,628578.9848373015
170931,1368939.1123769842
176518,361720.8159617605
176519,449742.66006060614
176614,1381384.1455964912
176682,1502085.3378095236
176683,1280873.8269113097
176709,3194304.396
176710,1762953.7845948057
176711,1789436.363922223
181564,1290726.8858666667
188774,2470012.043333333
200458,192947.95686666665
202283,554861.5091404761
215976,280360.268
216034,678817.0476190473
216131,3300000.0
238608,368671.21950871346
260548,271000.0565666666
287177,1237606.5212476188
287791,1290726.8858666667
328317,513472.44603333337
331595,322681.42247619043
331599,322681.42247619043
332329,1095894.3998333332
332332,1236123.4523809527
332334,1095894.3998333332
332338,1095894.3998333332
332344,1095894.3998333332
332792,886622.1330380952
332793,641042.635904762
332969,3300000.0
379979,220875.71333333335
381876,648970.0
381877,681299.54
406377,412392.34340469853
413294,1310749.6197642854
419038,783387.3893333332
478694,1290726.8858666667
491079,554861.5091404761
491202,1200000.0
491204,1050586.810689311
491206,1250000.0
558433,491558.0808
558651,1250000.0
558652,1050586.810689311
558656,1200000.0
558826,1293265.5293552252
696935,353281.4806666667
696936,353281.4806666667
743189,361959.4351888889
899389,464243.23086560535
956259,913118.8933809523
960232,1290726.8858666667
192912,235475.0
238224,165475.90665126487
127418,182983.57196005058
476380,140970.44670905947
476373,136402.18408144815
121889,214133.03443956043
442705,101925.2079013708
570477,109002.0974851235
190415,100514.17631219052
960153,220000.5357142857
192962,208210.89798701322
272373,118258.32654448584
331484,82658.71458509155
516425,188797.0154139659
331246,96429.84548610228
238012,207187.07492222224
331721,135911.4158648909
200737,148954.42215683428
32111,64277.96835599179
30820,149830.3454614907
34661,100514.17631219052
175362,219008.995
315860,177913.36637316452
491172,208147.8394211275
418089,336996.01224214386
196008,227947.58071758252
176486,113940.48816330708
381656,159170.9394982767
190847,112059.57225820699
36013,135215.0558789219
346688,159857.00045576468
64118,148757.5232989182
227528,154027.79985426116
25373,151657.1981136727
475869,112592.21221648775
379963,103018.90649879636
309712,87000.65819974449
315620,147912.7926778962
121442,141049.32177273385
525382,213694.06341329895
413535,311431.4755674856
180667,210169.72
29763,160593.71471291335
256021,220000.0
595719,214867.763497367
18323,216911.0606464968
32095,177803.25280588798
238584,226080.77433543568
286929,216149.5596593407
230254,206182.5778238788
18751,264375.88333333336
331615,122774.53597863711
261052,186087.09699534453
11237,189939.20411625385
331489,142492.05583969035
61262,205003.3888888889
107474,184497.47914088593
418083,251801.59958730158
216015,268060.3696792207
44636,190037.39328547072
13981,213498.94052778263
272759,143682.81066975437
34633,107504.80256799325
180704,127749.74763134532
558641,146899.5959813814
558593,287996.49812204204
107332,154945.39592840965
227307,179141.75388471177
287043,122957.21609539623
405980,131529.8217654172
516453,208078.60229465406
195762,99316.41306762797
960190,189971.3717277637
122532,131047.04987079163
217192,158630.8268478188
261106,120763.72023466784
190799,189000.23617897756
35956,142492.05583969035
331478,170267.49880136532
34595,162765.71972857238
418454,96470.58367158663
516343,142492.05583969035
303486,111846.72603791377
161225,236585.6452405603
475900,93871.48308095685
44587,249869.0
413848,190026.32526009742
413885,116665.95120192235
381641,169699.00394289973
958106,256304.62418659125
516296,141913.01347799684
406722,179784.92292638315
13982,284139.2111110192
238579,184101.34154074718
309643,190060.65619228588
346283,86805.6150644188
195699,115637.71321111111
332058,188733.10006879302
36168,198659.44212852934
543594,163411.7206349206
558644,196580.63561638378
516334,67708.89986948273
293563,100000.0
116016,105345.5639650132
468052,208078.60229465406
419007,264375.88333333336
312018,239167.85133333332
44652,245632.3527524633
255992,193475.31562165602
11233,106028.86308514616
346778,125094.8551569709
25399,290890.326
61250,90905.4223860477
200694,135000.0
178561,160769.1657750944
272829,218361.21904761906
558349,154715.47488576078
309706,100003.99456438012
1432,86725.01049615878
127093,117863.60364444445
195793,116611.20837787642
217191,106418.50507578172
558333,229850.28
595735,197200.01144444445
227919,208210.89798701322
11368,131386.98557860253
107336,154691.4116700784
29657,96470.58367158663
381394,100514.17631219052
331155,95489.07116027226
216053,213694.06341329895
229747,122000.66542072098
558394,218548.81573033755
1572,235475.0
238163,202436.8517916281
381707,112059.57225820699
346775,120164.86933402481
63896,290179.7629091553
515689,387812.59410734463
309640,144600.0
476386,140970.44670905947
331441,67708.89986948273
76878,140334.24727814132
558378,160145.4601013817
25407,189968.61490242105
36107,169699.00394289973
192845,127888.36020185504
127180,142492.05583969035
161480,140411.40524677048
346155,139082.08418583963
1459,83182.9235551811
34731,217584.58732249233
315650,106418.50507578172
272319,195602.7127331006
331255,121657.19847585543
133206,265004.40001355705
161258,183181.63828484848
232452,135107.97699675604
312029,229103.50692640693
200691,142617.95785921358
315687,191659.69484281816
956316,167936.46079356316
442637,164822.12837029636
494238,101330.19453943046
346206,252699.18666666665
516432,169990.8253825872
311943,209448.15641025643
381539,188856.24298473247
217430,168556.77063161938
899436,208210.89798701322
332433,144062.6934934355
331262,96429.84548610228
195705,115637.71321111111
468114,228982.27561439594
558416,106418.50507578172
491008,140411.40524677048
200624,139082.08418583963
230566,138314.095852244
234266,240005.08521739132
260702,149262.90011186732
180681,161160.29687220644
478455,287996.49812204204
475853,78833.11119391643
161228,393518.0190303946
61253,79917.97311041437
44625,326526.1666666667
25109,87000.65819974449
123338,154921.7804970717
331261,96429.84548610228
405972,179577.06723098876
25323,188122.03262851847
957495,226909.35285756495
491052,179044.06124875124
180800,158000.17292468686
284716,176681.68650793657
332420,141719.84120770733
260686,141226.92514702186
25110,64277.96835599179
48685,132844.69786211968
176618,340017.16186506726
286927,99742.09435363524
1442,128459.87566666666
183009,638067.7790833333
525171,62486.23990811557
190471,105546.58306521684
32085,150950.7171389587
475868,146450.9314582945
328271,86805.6150644188
418608,151963.50814229075
476377,140970.44670905947
35786,252656.33758298322
478179,158110.29697752692
293913,385801.0650238095
284395,125753.54702316466
418570,144250.41591045778
593553,283689.9234619815
328647,139926.44070156288
30917,94811.99433603443
328619,186844.1536250644
176514,158000.17446109868
595624,144937.79514667045
176479,99316.41306762797
413873,185611.53298364457
176592,135742.1206773351
34742,118518.75422262675
346335,128832.92299394091
32042,163842.4585807914
309830,195000.0
346130,158933.1511882089
13669,141913.01347799684
695685,117822.07579022339
899385,141058.8351501175
234222,160593.71471291335
11455,169163.57196161363
570442,100782.11516573731
293707,71097.36735060958
406654,227947.58071758252
234209,223199.26596633467
332082,214661.24621389192
216085,240239.35056641506
284377,93871.48308095685
956217,192872.91624242428
48708,143413.50460606063
332241,242128.9373333333
524779,206760.9228683181
381403,97999.33210744381
180743,109346.81617289415
31031,152768.26036093416
595606,96645.55135130728
312061,172423.1813851927
331367,127160.31276983194
133242,167295.9670906869
188583,133321.6044642773
515702,264183.8632034632
570433,128219.8142777778
558317,232920.11409322964
899407,131386.98557860253
331448,110794.14293333334
293677,148002.14702974766
332092,236469.242
200999,143216.39341007546
315877,184101.34154074718
743131,129884.42142149988
287432,376236.6258241759
44640,227219.51888571426
272215,127361.93388395231
418145,295829.970961718
44638,244798.52719136188
127465,430831.18106216006
332139,274202.1520847953
539949,300023.5466666667
406214,161831.61466666666
541881,169275.92746399756
474996,129236.38671933093
960091,80614.098
406213,122000.66542072098
133241,242649.1687190476
696871,96756.0560605059
346832,143068.52753015872
121406,161051.0422610393
260689,151486.42745615417
516443,173998.70033670033
202229,132460.4377794872
405888,453290.7406666666
18514,96470.58367158663
237998,142137.25277881854
293689,148873.69954713737
64529,207913.55394177092
525199,85012.81341667613
293402,289736.3714113872
293561,76963.21362001849
127069,83596.15898051244
287297,287996.49812204204
25017,163842.4585807914
418894,193420.45925849257
381737,137072.76033949264
380117,169180.16464123092
418907,237613.09408639674
956899,200712.09829386344
48692,214996.13433844192
418147,360410.15288888896
44340,124725.95945299145
309634,163842.4585807914
176469,161587.58
300805,256986.20066666667
525440,160795.55270323087
418958,194024.3568310907
25375,299049.2453974359
406345,115595.209022332
405890,203412.94548381594
200951,300404.8022222222
331386,218264.65980158732
331248,119942.77873345761
346294,148954.42215683428
418471,183031.6259527981
475919,92370.80039527144
284307,96756.0560605059
44570,196946.42637681027
309758,207913.55394177092
332287,323952.77152380947
418735,113649.72778787882
332095,139599.52872001065
332040,157950.6096321977
132860,84413.3039678924
960094,115721.76276190477
406299,156350.3101898541
309686,64322.45029778335
1028,1152423.9373434565
1242,93983.54087974726
1245,94149.38425002024
1248,83852.11732670023
1249,76000.0
1250,118867.76463740993
1251,106518.09280792964
1252,94997.24720222647
1253,166906.4199
1254,173914.5416333333
1256,174592.05526352592
1257,110801.23323576065
1258,104989.68046218489
1263,98707.91258304754
1271,86545.22659228617
1311,93284.25449034105
1312,105053.24736208617
1313,105053.24736208617
1314,105053.24736208617
1317,87562.46244362215
1319,73176.88368835783
1320,73176.88368835783
1322,95020.71435575346
1328,74378.51091308429
1329,74378.51091308429
1336,97175.53338529612
1339,119223.42640962709
1340,106846.4559047619
1342,78614.38041402874
1386,148757.5232989182
1387,115251.04905982902
1389,133853.5544864469
1391,142645.1
1392,140411.40524677048
1393,129823.06829189355
1394,84617.47373855696
1395,68191.42887261843
1396,170398.55723177732
1398,101330.19453943046
1399,219834.58343711848
1400,143505.25768811934
1403,135026.7151373837
1405,213910.26034851818
1410,146068.70770950976
1412,118884.65270776823
1414,216149.5596593407
1418,242700.0
1429,235617.11057142858
1431,57498.16478716333
1434,142042.68952380953
1435,135248.72752380956
1437,97336.28126957381
1439,115290.57375757578
1441,142042.68952380953
1443,90622.84758781061
1446,159962.76341285033
1449,103138.17104242207
1450,66533.5793968944
1455,116981.7195675496
1456,198101.6508761238
1457,127640.06095342075
1460,148954.42215683428
1462,129525.23141852746
1465,103018.90649879636
1468,156098.35274352727
1469,106418.50507578172
1470,118404.02417274156
1475,86805.6150644188
1476,94928.4345372809
1477,143902.72214233427
1561,239990.12224108656
1562,189971.3717277637
1563,252000.0
1566,207913.55394177092
1568,184041.23389554504
1569,300026.2052714873
1573,167532.64108368495
1575,171566.0
1578,265809.0
1584,160593.71471291335
1585,265004.40001355705
1592,267459.95971974527
1593,705694.4366041761
1594,345579.89428438345
1599,264957.22337788605
1602,214151.02195801417
1604,155333.87462839208
1608,252260.4886666667
1609,396925.4603174601
1610,252260.4886666667
1613,267963.41066666663
1615,136845.1007886448
1616,214248.78129005118
1617,139926.44070156288
1628,220330.43051912446
1642,169163.57196161363
1674,235000.0
1677,284192.8505777242
1679,384876.1938743267
1680,316580.132558618
1682,347785.7282
1687,407727.4181973511
1688,200000.0
1689,140501.02161941226
1690,420003.8685064935
1693,542243.818
1720,360000.0
1722,568389.508648031
1732,424371.5064952381
1733,439205.87921848736
11090,56002.15670398567
11091,121732.352
11107,144031.29314987347
11119,85715.99099339238
11120,87365.6
11148,344092.57355147606
11149,79007.8480435414
11155,120043.31902928295
11218,64734.22575955405
11219,97292.76014065935
11222,101016.21855441309
11225,117700.90497081816
11227,117700.90497081816
11228,189939.20411625385
11229,135764.5831474381
11230,230000.66666666666
11231,100332.27856037236
11234,230000.66666666666
11235,117090.16691718757
11238,117535.35414139931
11249,80436.95807633572
11257,106354.22944875572
11259,107629.48826117543
11260,78545.67183756737
11262,118340.06664275244
11264,98828.09177609276
11318,85558.29991963362
11370,152974.30980392158
11371,138296.75601333284
11372,208078.60229465406
11373,334927.49999999994
11374,165000.04562061434
11375,183505.72854642873
11376,173998.70033670033
11379,208439.26426152134
11386,139262.82272076685
11387,228982.27561439594
11388,104487.49210011915
11390,135581.97037088458
11392,158337.2503731896
11393,158337.2503731896
11396,173346.28120833565
11518,225338.41997890483
11519,379297.1677594297
11520,402859.51260061923
11524,349941.57587402564
11585,613262.5706924655
13306,62872.0689055628
13316,145133.08719624818
13322,83110.71806479721
13323,109660.8765170313
13329,103795.96589765644
13455,76207.69015771913
13456,105006.8
13458,78215.81698150806
13460,78215.81698150806
13461,79479.22104529678
13462,74625.41009190072
13464,72959.3399986378
13467,98360.98168724551
13469,76420.45654059047
13472,76420.45654059047
13474,76420.45654059047
13476,78215.81698150806
13478,62606.446205839915
13480,78215.81698150806
13482,66357.27954205647
13483,76420.45654059047
13485,106510.58326106892
13487,123272.0521894202
13488,123272.0521894202
13489,140000.1302532736
13490,116929.16523172877
13491,123272.0521894202
13492,123316.7154708289
13495,108184.26443959751
13496,118645.93448857318
13497,188702.8462311062
13508,79509.14619797442
13510,159568.1768253969
13512,159568.1768253969
13513,159568.1768253969
13517,175731.72893027062
13519,172924.06283516483
13521,126607.6071922585
13522,108492.28600704698
13523,108492.28600704698
13524,126607.6071922585
13525,108492.28600704698
13527,108492.28600704698
13528,126607.6071922585
13529,108492.28600704698
13531,126607.6071922585
13532,126607.6071922585
13534,108492.28600704698
13537,77440.2388921443
13549,344496.9983951047
13550,74602.74257153578
13551,76074.8868387352
13553,93895.01581993175
13555,77374.86822314531
13560,113609.49806109746
13563,127208.59044767251
13590,95601.90160063411
13652,76169.2398825111
13662,136361.06898329145
13672,135826.5494154951
13674,208000.0
13678,99853.39749750249
13680,298065.893
13694,157326.92255332126
13711,188043.6411601787
13712,125357.49771559314
13713,193943.0097917843
13714,125357.49771559314
13718,125357.49771559314
13720,201719.52987919308
13726,142492.05583969035
13727,142492.05583969035
13728,142492.05583969035
13738,68379.01920856921
13739,120980.17426420891
13741,119948.8148
13742,125455.07212564367
13743,125455.07212564367
13825,91616.48423021498
13826,98698.75247051848
13827,194150.42568817252
13828,135215.0558789219
13941,169699.00394289973
13947,182983.57196005058
13950,214416.97430537964
13956,246957.10202334356
13961,200000.0
13974,271475.2210387769
13975,139842.84948532347
13976,168725.868
13977,168725.868
13980,168725.868
13983,168725.868
13985,168725.868
13986,168725.868
13989,168725.868
13999,161996.25478175023
14000,189101.37178918434
14007,253759.74223865653
14130,293639.9770960063
14131,270051.57755945926
14132,217794.6808114422
14139,277658.4648012422
14144,290002.8132450361
14145,599603.3874214177
14149,341157.3946998557
14158,278124.4641587293
14159,240010.11797106155
14160,190523.2027105801
14162,184997.63205994785
14249,518280.8475717469
14251,200505.8442960691
17944,397028.4338387446
18216,97205.62468332327
18225,242427.23141091905
18227,97857.79504401723
18228,157069.63910634568
18229,274407.1668571429
18230,150130.74326749312
18234,139594.02812987013
18240,177977.8683306779
18261,536272.946
18263,197482.77160158483
18273,926507.6556738816
18274,159082.01737387924
18275,344256.80142771115
18277,174222.9025363115
18280,121099.09764731865
18281,92021.87779559525
18282,72166.47062996661
18284,94944.85499021687
18285,116456.76404590602
18286,130996.98142079866
18287,83853.72575938483
18288,82028.97507996848
18289,89665.73738317683
18290,63677.3001031746
18291,83853.72575938483
18292,83853.72575938483
18293,83853.72575938483
18294,82028.97507996848
18310,200506.8901584157
18311,211383.85630731267
18312,121099.09764731865
18313,204854.88600000003
18322,102487.14754574432
18324,206201.76446733245
18327,85715.99099339238
18509,141374.4598184449
18527,159278.29059008957
18533,83502.16737151983
18537,195002.37925641023
18561,159976.3998881502
18562,98698.75247051848
18569,82296.47475942127
18570,80654.12838942677
18572,158630.8268478188
18574,129884.42142149988
18575,129525.23141852746
18696,123486.3661468928
18702,223199.26596633467
18704,149394.83460274927
18708,223946.49319441817
18712,132844.69786211968
18713,160593.71471291335
18717,214996.13433844192
18718,214996.13433844192
18747,240005.08521739132
18750,235500.0
18753,223473.07907754145
18754,160809.8752825397
18755,153314.45360286758
18779,222767.0487681306
18780,214151.02195801417
18781,149461.17905446273
18854,324722.823375289
18856,358764.77111082576
18858,324994.2647579365
18866,182694.28043720988
18867,155474.83346374612
24546,61694.23548192638
24557,107873.2111707608
24568,129545.012
24578,95491.754153603
24696,61535.23792574429
24715,85316.98683402783
24716,103702.33045365772
24718,136417.98238958002
24720,114032.61714191183
24721,114032.61714191183
24722,119555.46133593637
24723,114032.61714191183
24725,114032.61714191183
24726,114032.61714191183
24727,119555.46133593637
24728,69189.03644244079
24729,119555.46133593637
24730,114032.61714191183
24732,119555.46133593637
24733,114032.61714191183
24734,119555.46133593637
24735,114032.61714191183
24736,179507.084
24737,114032.61714191183
24738,119555.46133593637
24739,119555.46133593637
24741,104249.59162962962
24742,94966.36797172467
24744,129998.81361990949
24747,114995.42491935212
24748,102326.88970362658
24749,106140.32612051695
24750,106775.59415094709
24751,199303.05070833332
24794,93704.35971621319
24803,111287.88191100299
24809,101766.1495168737
24881,131151.43492852015
24882,82778.89910109283
24884,59472.92315255601
24885,79928.80904668308
24887,79087.31589352676
24888,103632.50829287783
24895,81080.27797766852
24931,94447.59185680094
24932,131389.90044150053
24996,101992.24864494962
25000,126390.3837527798
25005,209150.2357777778
25006,159915.02055546897
25009,163842.4585807914
25010,90536.25559323592
25011,163842.4585807914
25012,163842.4585807914
25015,163842.4585807914
25016,163842.4585807914
25019,163842.4585807914
25021,101945.88376670549
25022,70194.56587229436
25025,165000.0
25026,206948.4478730159
25028,243349.00304761904
25052,98795.80689616674
25054,119217.40372470871
25069,68118.9184714933
25071,182729.30002038015
25073,190025.718
25076,133480.81579365078
25079,127380.24601714572
25080,93516.09720993268
25081,130943.53145772187
25082,64322.45029778335
25086,142492.05583969035
25087,100202.98146068376
25088,142492.05583969035
25105,212729.24742857143
25106,128594.24576573099
25107,158000.17446109868
25114,109916.41672962098
25116,134133.49366703662
25156,110032.76369597069
25192,177451.44604334747
25297,109348.56179633412
25298,129137.09433652312
25309,184369.47914088593
25312,213694.06341329895
25313,207913.55394177092
25314,155154.34641778225
25319,199000.0
25320,165000.04562061434
25321,171790.86406926406
25324,141623.0220257476
25327,190539.76089781552
25332,140780.65875113968
25334,169237.2741305675
25355,156428.83475485264
25356,286162.16063699406
25359,178538.38392669286
25360,198001.6176759208
25361,135742.1206773351
25369,251904.16561904762
25371,184247.50440639805
25381,137236.63446111945
25382,145485.08128892133
25396,169541.08296447468
25397,201666.4611746384
25401,158832.76054945265
25403,190041.5833333333
25405,233003.40697103835
25409,171139.29468000808
25410,182579.0655901348
25435,256893.33104252335
25452,96735.53240409591
25453,340017.16186506726
25455,136144.41830862907
25456,111834.01645849126
25536,206861.56755551675
25541,277603.9729863511
25542,228126.09523357137
25544,183980.21888667246
25551,278593.042
25570,276134.80059164454
25572,356154.1561904762
25573,291108.08271988796
25577,270029.9041686685
25578,270029.9041686685
25581,327394.08903752576
25588,230001.9997419706
25591,214783.85624207178
25596,267290.72448082775
25605,153545.06666666668
25661,322569.97133333335
25668,271496.3590941749
25670,200242.53951502976
29603,97205.62468332327
29605,97857.79504401723
29620,94944.85499021687
29621,77440.2388921443
29622,77440.2388921443
29638,85715.99099339238
29666,195002.37925641023
29667,179471.4046666667
29686,123387.1347681722
29687,123387.1347681722
29689,168194.83330218054
29690,113410.4696465518
29695,98698.75247051848
29703,129884.42142149988
29704,158630.8268478188
29755,223199.26596633467
29759,214996.13433844192
29765,223946.49319441817
29776,240005.08521739132
29778,264375.88333333336
29779,235500.0
29780,248003.16666666666
29781,264375.88333333336
29782,153314.45360286758
29824,324722.823375289
29826,358764.77111082576
29829,324994.2647579365
29832,1055277.9365079359
30542,129358.52957875752
30550,94995.82657394641
30551,106765.2397593254
30552,60982.61605249439
30553,83111.0391277547
30661,78209.51981756352
30667,94085.30787604694
30670,129358.52957875752
30671,86813.95970355165
30672,90936.98403871301
30679,181174.40081691009
30689,73176.88368835783
30690,73176.88368835783
30691,73176.88368835783
30692,73176.88368835783
30694,73176.88368835783
30696,73176.88368835783
30699,74353.62722709402
30779,81111.71578526098
30786,98795.064305229
30788,229850.28
30789,200051.09
30791,108290.47560841666
30793,161160.29687220644
30794,128283.6
30795,141913.01347799684
30796,210169.72
30798,195730.23380657058
30800,127888.36020185504
30806,238571.74827380953
30809,98599.96872689211
30817,101684.59218047088
30818,135330.62060251238
30821,142492.05583969035
30822,89643.89846875648
30825,149830.3454614907
30831,158000.17292468686
30833,103018.90649879636
30834,106418.50507578172
30835,109177.92533366993
30836,134576.9185157908
30849,198467.37079106414
30850,133720.01920317908
30851,197482.91699693326
30918,102958.48638694637
31010,185000.0
31011,254893.12143394182
31012,287996.49812204204
31013,254893.12143394182
31015,149849.7206131063
31016,287996.49812204204
31017,254893.12143394182
31018,254893.12143394182
31020,254893.12143394182
31024,265128.5249490832
31026,254893.12143394182
31027,254893.12143394182
31036,177595.302677898
31042,196580.63561638378
31075,150575.77889566816
31127,230006.95843326204
31128,185444.3788012726
31129,374752.90654048003
31136,258812.8296177506
31137,327000.3557777778
31140,250005.76355364855
31143,229012.0073232323
31144,199198.8298685577
31145,374752.90654048003
31184,374831.3082120022
31187,466048.6904761906
31189,464387.5233824176
31192,374831.3082120022
31195,375041.1674870837
31798,120097.62293000412
31913,85316.98683402783
31920,114032.61714191183
31921,114032.61714191183
31922,119555.46133593637
31923,119555.46133593637
31925,114032.61714191183
31926,119555.46133593637
31927,119555.46133593637
31928,119555.46133593637
31929,119555.46133593637
31930,114032.61714191183
31931,114032.61714191183
31932,119555.46133593637
31934,119555.46133593637
31935,119555.46133593637
31936,114032.61714191183
31937,114032.61714191183
31938,114032.61714191183
31939,179507.084
31940,106775.59415094709
31941,111359.13333333335
31942,106140.32612051695
31944,114995.42491935212
31945,94966.36797172467
31946,104249.59162962962
31947,126549.95052698409
31957,119278.239295475
31961,94829.18227951646
31970,79928.80904668308
31972,59472.92315255601
31978,100535.8607864136
31990,85700.95232681866
31991,83825.99653015326
32031,192075.45925849257
32032,133356.1107460317
32033,136999.43466825393
32034,163842.4585807914
32035,163842.4585807914
32036,163842.4585807914
32037,163842.4585807914
32044,163842.4585807914
32045,90536.25559323592
32047,112582.57840793523
32051,165000.0
32052,178576.7916066341
32055,128778.55982970606
32057,141269.85093209345
32059,165000.0
32079,99316.41306762797
32084,89914.25986810493
32087,64322.45029778335
32094,142492.05583969035
32102,146329.83572871576
32106,109916.41672962098
32108,87000.65819974449
32110,158000.1795557472
32239,123821.88822007657
32243,184369.47914088593
32245,207913.55394177092
32248,213694.06341329895
32255,169237.2741305675
32256,185037.575
32262,199000.0
32263,141623.0220257476
32265,141291.18286448185
32278,277107.1113175007
32279,178020.13122806765
32286,167347.14436338248
32289,160572.8924878053
32297,135380.47494704486
32299,160257.67011573116
32300,141070.19802498797
32301,195000.0
32304,233003.40697103835
32305,182579.0655901348
32336,340017.16186506726
32337,147582.09375797174
32394,257857.85037284382
32396,183980.21888667246
32398,201242.92337974993
32408,339804.51583712467
32419,327394.08903752576
32422,230001.9997419706
32423,214783.85624207178
32478,271496.3590941749
32490,680817.414
32496,765108.0
34339,142376.74725764565
34456,105006.8
34470,150293.93922216998
34472,102810.26904808414
34488,119015.27603569414
34489,93439.03982828284
34492,115096.82479862061
34495,117171.56824912727
34503,79479.22104529678
34505,79479.22104529678
34506,98360.98168724551
34508,67540.00554454187
34510,123272.0521894202
34511,92184.12601731603
34512,140000.1302532736
34513,123272.0521894202
34516,123272.0521894202
34517,123272.0521894202
34523,76074.8868387352
34525,74602.74257153578
34528,344496.9983951047
34542,77374.86822314531
34546,93895.01581993175
34579,136361.06898329145
34591,166898.04602304753
34596,141913.01347799684
34601,91730.33015873018
34619,125357.49771559314
34620,125357.49771559314
34622,125357.49771559314
34654,178868.26649694657
34665,208000.0
34669,99853.39749750249
34670,142492.05583969035
34671,142492.05583969035
34672,142492.05583969035
34675,125455.07212564367
34676,68379.01920856921
34677,125455.07212564367
34678,119948.8148
34679,194150.42568817252
34680,98698.75247051848
34716,169699.00394289973
34718,182983.57196005058
34722,214416.97430537964
34732,223810.63872861763
34735,125840.45193602187
34743,139842.84948532347
34766,246957.10202334356
34771,200000.0
34775,161996.25478175023
34776,189101.37178918434
34797,409196.78554366075
34800,270051.57755945926
34801,217794.6808114422
34809,290002.8132450361
34811,361934.79540606117
34818,198998.27857142856
34828,278124.4641587293
34829,184997.63205994785
34830,240010.11797106155
34831,190523.2027105801
34840,655791.095238095
34849,608929.1435231437
34850,1049314.3267936506
34851,200505.8442960691
34858,932722.2857142857
35743,79479.22104529678
35746,98360.98168724551
35747,67540.00554454187
35749,79479.22104529678
35750,79479.22104529678
35752,92184.12601731603
35754,123316.7154708289
35755,142380.36578556264
35756,123272.0521894202
35757,123272.0521894202
35758,123272.0521894202
35760,140000.1302532736
35771,352923.33299940766
35781,77440.2388921443
35789,74602.74257153578
35791,76074.8868387352
35792,93895.01581993175
35793,344496.9983951047
35794,105100.24729494809
35796,77374.86822314531
35876,100514.17631219052
35878,136361.06898329145
35885,99853.39749750249
35888,141913.01347799684
35889,208000.0
35935,125357.49771559314
35954,142492.05583969035
35957,142492.05583969035
35966,125455.07212564367
35967,119948.8148
35969,68379.01920856921
36014,194150.42568817252
36015,98698.75247051848
36112,214416.97430537964
36115,200000.0
36159,139842.84948532347
36170,189101.37178918434
36171,161996.25478175023
36357,293639.9770960063
36358,270051.57755945926
36359,217794.6808114422
36371,290002.8132450361
36382,198998.27857142856
36383,190523.2027105801
36385,278124.4641587293
36386,240010.11797106155
43875,88613.49838642258
43877,72681.12631278444
43878,72681.12631278444
43930,64367.11625796358
43931,64367.11625796358
43932,56900.01425549633
43933,95379.06355989944
43934,95379.06355989944
43935,56900.01425549633
43936,103847.44013250194
43938,202307.56186666666
43939,56900.01425549633
43940,56900.01425549633
43942,88717.80269984165
44026,79007.05457687474
44042,128102.71484035479
44047,102876.08093862186
44048,89009.40927248224
44061,87569.94745536009
44062,87569.94745536009
44072,68182.82515832684
44077,107965.76344095661
44078,157705.6390712515
44079,123339.770804233
44080,90143.23308161955
44082,102629.07751594727
44083,99644.72612857253
44086,141574.00235714283
44087,104339.16407158041
44088,117351.84882539682
44091,78243.40931706912
44093,89298.59300373483
44100,77440.2388921443
44102,77440.2388921443
44106,95000.0
44107,86881.19608369014
44108,90859.42941457924
44137,76000.0
44139,103001.07909170931
44141,93613.1090166003
44144,86395.4647251389
44145,101483.79695761616
44195,106761.15247548952
44196,102574.5039777791
44197,90577.02179946168
44216,101992.24864494962
44218,103094.9023018648
44246,101945.88376670549
44251,103716.83333608722
44252,170398.55723177732
44255,129944.38913135245
44258,200051.88500000004
44262,128411.83333333333
44264,735366.1812961468
44268,182455.31780224887
44269,210154.10447330453
44273,106028.86308514616
44309,107241.73687394959
44311,145835.41637710948
44313,143362.19990476192
44314,138567.40261807072
44321,102440.62526955204
44337,118343.84009523809
44338,96102.61157874278
44341,124725.95945299145
44346,106761.15247548952
44348,155778.1908744398
44349,115241.61946031747
44352,96645.55135130728
44353,203799.58775910366
44354,131577.43465034012
44355,96645.55135130728
44356,137065.84362642915
44369,735366.1812961468
44370,130852.58540943045
44379,118404.02417274156
44380,101016.94582714037
44381,102801.85279491112
44382,107754.47735948587
44384,144430.77021646078
44443,131179.17758664026
44566,149303.62448033862
44571,185629.05881393194
44574,184582.96025019386
44578,184582.96025019386
44605,217328.37780845817
44606,128908.04597529361
44627,185145.7039038947
44634,214867.763497367
44635,244798.52719136188
44637,244798.52719136188
44641,244798.52719136188
44642,237098.4252627828
44643,199769.998
44644,230227.77453467
44645,217437.50652878554
44661,343894.3551543828
44666,134983.11086244602
44668,129551.20965973598
44824,270036.279430408
44827,273807.87661188445
44830,199133.86920905192
44845,499678.0
44847,420782.67213793105
44853,238416.33295784815
44865,213772.44122386415
44867,270029.9041686685
44883,334494.90618224844
44973,379726.63774358976
48253,184457.53247936507
48256,126140.96797374845
48263,170560.46711394482
48265,145652.07982716008
48268,355424.4799212338
48269,171373.86705533683
48271,193977.7650165373
48272,467758.2587991508
48273,193977.7650165373
48274,190835.83517211495
48275,301576.94744459976
48282,353203.80977432523
48286,94944.85499021687
48288,101191.86281553627
48289,101191.86281553627
48291,77440.2388921443
48302,107960.64289305438
48303,216225.68580952386
48308,85715.99099339238
48481,96470.58367158663
48490,195002.37925641023
48494,466026.9953422618
48495,269038.98752380954
48508,141962.14004256856
48509,125352.71066666667
48513,79039.26206345878
48520,98698.75247051848
48521,159976.3998881502
48531,129884.42142149988
48693,420000.0
48703,160593.71471291335
48722,264375.88333333336
48723,248003.16666666666
48725,264375.88333333336
48726,223473.07907754145
48729,153314.45360286758
48737,185164.622565159
48757,214151.02195801417
48758,222767.0487681306
48759,149461.17905446273
48818,324722.823375289
48819,358764.77111082576
48822,398452.71042604616
48827,324994.2647579365
48833,1011699.1746031742
48839,1055277.9365079359
48843,155474.83346374612
61053,103088.88004619561
61075,76124.0312779031
61076,115235.94406139759
61079,398676.0698323269
61080,77440.2388921443
61087,102600.56562907867
61088,94781.70094051053
61089,91908.34804509292
61091,94781.70094051053
61093,102600.56562907867
61094,94781.70094051053
61098,52302.2682578644
61251,109995.76035164835
61254,142137.25277881854
61255,88699.70493569711
61261,161160.29687220644
61270,126311.05596107525
61273,156569.63331161355
61274,148954.42215683428
61275,118340.06664275244
61276,144937.79514667045
61277,141661.6500377827
61278,156050.0912715961
61281,202436.8517916281
61282,148954.42215683428
61284,156098.35274352727
61288,148954.42215683428
61339,85558.29991963362
61406,153910.71
61407,160189.59245469238
61409,135107.97699675604
61411,178000.07679498833
61423,198998.27857142856
61427,197200.01144444445
61429,217858.6707358664
61430,169807.82612616685
61546,317763.3154448255
61548,143109.86812714615
61549,289947.5175712215
61561,332924.2726289922
61569,304379.7903935913
61570,299161.83608478896
61571,299161.83608478896
61572,183608.33098056365
61573,299161.83608478896
61574,195695.76594244383
61577,299161.83608478896
61578,193303.20841776827
61651,846863.9441052282
61653,568389.508648031
63856,243412.05954889557
63864,76000.0
63866,94997.24720222647
63869,123582.92571428578
63870,106518.09280792964
63873,113491.23402930403
63875,201379.39933333333
63876,115102.42307692308
63877,114245.20895770895
63886,290179.7629091553
63888,146220.24936697466
63889,393660.43865144765
63891,393660.43865144765
63892,393660.43865144765
63893,292978.35051312356
63894,162241.64558919682
63897,393518.0190303946
63898,149778.07338561438
63900,396470.97617325175
63901,146220.24936697466
63903,294812.9607272728
63904,393660.43865144765
63905,294812.9607272728
63916,174222.9025363115
63917,109969.31149928996
63918,126223.81959736551
63920,171931.35562037915
63930,71351.91662857903
63932,73176.88368835783
63933,73176.88368835783
63934,230935.3726803157
63937,85817.32824065309
63959,74016.003
63960,87618.60855611054
63961,112343.40149093565
63964,95140.15533495096
63966,174514.0760221818
63967,169255.8952359035
63973,146613.7299025974
63974,105167.69942444004
63975,109433.72612210772
63976,107666.68837558523
63977,105167.69942444004
63978,156879.88675396823
64114,137307.92581022554
64115,101379.68653133523
64116,129823.06829189355
64117,101330.19453943046
64121,95670.65971427545
64126,105000.0
64129,198113.47753571428
64134,103347.44814089635
64136,143505.25768811934
64137,135026.7151373837
64170,105011.81333333332
64171,116722.19749383575
64175,149870.4928864935
64176,87791.18878797775
64180,82475.11370944636
64181,122017.47170540843
64182,92916.82985983153
64198,122527.81538460031
64199,90939.02671283137
64200,117338.52688427802
64201,92633.17395287665
64202,100241.31321180871
64204,101674.70679654951
64205,156098.35274352727
64206,143902.72214233427
64209,106418.50507578172
64210,103018.90649879636
64211,119991.97382316703
64212,101440.48541838421
64213,109901.498
64216,109901.498
64239,130023.7704516974
64240,144906.26615246182
64387,124991.23172074511
64389,100832.21133024231
64390,124951.96658684
64392,154027.79985426116
64393,154027.79985426116
64394,96306.57460415491
64522,252020.7245454545
64524,180568.48411544014
64530,300026.2052714873
64531,189971.3717277637
64532,177183.80368019125
64535,264498.39326334774
64549,200021.7653846154
64552,171566.0
64571,124612.80010130478
64572,122804.58666006131
64577,174461.91706984126
64579,211462.46488659095
64581,184101.34154074718
64583,133589.88993802
64584,100150.2494418204
64588,67813.41393861194
64589,83271.61266666667
64592,79574.81206349208
64634,208210.89798701322
64636,169163.57196161363
64777,284192.8505777242
64778,370000.95238095237
64790,322121.3333333333
64795,380562.07498724054
64798,407727.4181973511
64799,200000.0
64805,439049.90763057326
64897,360000.0
64900,568389.508648031
64902,579968.3176783534
76324,174592.05880654484
76325,81071.13968451775
76328,98716.73559413859
76460,90744.34567284337
76479,158891.0213833181
76481,85405.49476736749
76488,111385.18858838938
76489,165626.25267142855
76491,130739.58613636429
76492,136740.20798216562
76496,185288.6067257143
76497,102068.66882049984
76498,101060.20129302726
76576,101043.97437034572
76581,155114.25501994562
76582,118584.53558201245
76586,70109.99866405502
76587,107965.76344095661
76591,100600.65105434271
76598,144462.78428889738
76608,118584.53558201245
76625,93099.58515791675
76647,143636.858
76657,119995.49344798301
76754,100156.02208233027
76769,154898.89656737892
76786,202520.39859382837
76791,102860.17150643916
76833,151846.526
76868,127289.95448894751
76881,127349.73516097895
76882,142378.30586666666
76886,238641.32157864358
76973,225166.38023949577
76981,188516.00666666668
77157,235489.66249212407
77213,235139.36955238096
77221,236025.6309023809
77395,172703.66169996513
77409,335618.23608704883
77543,550668.0603026443
107011,93983.54087974726
107014,154932.44297199737
107016,152894.3742057787
107020,94145.32437582075
107021,124528.63487350433
107022,124972.91064516129
107023,68767.53710458762
107024,124528.63487350433
107026,110701.01947619047
107027,116602.7699047619
107028,119681.2454399164
107052,89961.68338361112
107055,113589.63407731215
107077,108361.637576437
107079,108361.637576437
107080,108361.637576437
107081,108361.637576437
107083,77736.93517460318
107084,77736.93517460318
107085,103543.04365249793
107086,350970.94206837605
107088,114809.06443290047
107134,229777.97185137085
107144,102600.56562907867
107145,111901.2599388682
107146,102600.56562907867
107147,192310.84384132954
107148,129555.60280521699
107152,206201.76446733245
107153,206201.76446733245
107154,206201.76446733245
107155,206201.76446733245
107156,206201.76446733245
107167,142578.36186425108
107168,142987.0797082185
107171,112133.07742380454
107306,128964.7536194737
107307,149053.42309304932
107311,160177.36816399847
107319,115826.83940798964
107321,188411.5553414436
107324,146068.70770950976
107329,154945.39592840965
107333,106902.48241544346
107334,154691.4116700784
107335,106902.48241544346
107350,79268.94443137317
107351,84103.49749318052
107352,118404.02417274156
107475,290000.2297203313
107485,279999.3002523713
107489,285878.4309993861
107490,306572.1253573604
107492,438557.51409523806
107497,434678.5167324841
107513,115004.39523326277
107515,117263.6278439661
107525,189730.03333333335
107618,194535.41834969225
107636,307687.1857142857
107645,288524.8
107657,184039.26206666185
107658,220695.0413360367
107659,230000.95069147975
107661,191597.60443170302
107743,190376.904532722
107762,653262.7690975689
115818,178226.23996595517
115848,98232.34642109783
115866,328720.76352380955
115867,93191.48453034282
116064,99445.977
116073,133762.48091486294
116590,242765.15138278386
121057,88717.80269984165
121143,73863.9356541511
121144,97292.76014065935
121147,159464.10235154128
121149,71019.79097426176
121151,127810.50104761904
121154,120214.22520579977
121156,142612.47573788176
121176,165719.84560456706
121179,121952.43281537177
121180,118018.52810543259
121187,99446.72592053382
121190,108449.9776024584
121191,111899.97093112001
121192,101850.37498313404
121194,95244.524267686
121195,125213.74166666667
121201,77440.2388921443
121202,103240.41306341713
121204,114773.33353748654
121208,69870.05315555558
121307,82654.68673342491
121310,116993.62055136648
121321,103078.7570147186
121330,216527.4074233545
121331,159063.4195451154
121335,212568.78315018312
121339,181292.0780759823
121340,151486.42745615417
121341,170074.53472222225
121344,130018.3743108674
121349,98007.87148124781
121350,90792.31601161008
121351,210418.9400723982
121352,128411.83333333333
121353,122000.66542072098
121401,175231.4296663322
121404,218389.62509907995
121405,113581.34999225235
121408,97964.84961581064
121434,99316.41306762797
121435,102870.08472100881
121437,97336.28126957381
121439,118476.46823512837
121440,157403.70987096688
121457,145225.21057708983
121459,157199.1482111196
121461,100735.9956247393
121462,103018.90649879636
121463,106418.50507578172
121464,121454.04813292786
121465,116611.20837787642
121466,111605.13956437781
121467,158630.8268478188
121470,106418.50507578172
121471,142923.27075378833
121509,130328.42430185739
121510,130328.42430185739
121514,107052.19615120908
121515,169419.82433004855
121516,118655.75602104903
121517,129760.3455906477
121565,132090.47776190477
121566,109002.0974851235
121739,192718.844
121749,199474.0087906676
121750,202406.96970738476
121751,158558.76130971065
121754,118155.3293358172
121755,140857.93543767885
121765,145655.56073318035
121768,317465.92869126156
121771,264679.84326334775
121773,160847.27924755338
121774,205452.09393727014
121796,140566.78678326748
121800,480659.48
121823,312893.3333333333
121824,186416.42257142853
121829,157181.08571428573
121831,158420.46503258627
121832,189121.94928093694
121836,227947.58071758252
121837,217437.50652878554
121838,230227.77453467
121840,252182.80885714284
121841,211536.19682568102
121859,168556.77063161938
121865,189033.60336363636
121866,137191.90568148633
121867,144217.8728447885
121886,170488.3218777778
121887,166487.132559163
121953,129654.7766393204
122074,399595.4024317242
122078,198021.78092752153
122079,224470.736504843
122085,229961.15972890132
122087,183980.21888667246
122088,172627.88144745398
122095,199000.0
122096,219191.16619905372
122100,377068.71185249556
122101,397696.72949851456
122105,225338.41997890483
122115,499678.0
122116,260462.09690476194
122118,440546.12128662417
122122,360261.0161082251
122124,459112.15354090364
122127,449396.562347675
122129,232173.09212121213
122130,225788.527034965
122136,338873.131372549
122166,172666.93154246508
122170,285286.74486907496
122242,306434.3742792985
122274,450800.0674151404
122563,64442.785243290054
122564,75787.04581583843
123271,93983.54087974726
123272,94145.32437582075
123273,68767.53710458762
123274,124972.91064516129
123275,124528.63487350433
123276,124528.63487350433
123277,89961.68338361112
123278,66129.23199503892
123282,102600.56562907867
123283,111901.2599388682
123284,102600.56562907867
123312,160177.36816399847
123316,149262.90011186732
123317,135043.59418528693
123319,188411.5553414436
123320,133586.33666666664
123327,152000.0
123329,118404.02417274156
123331,79268.94443137317
123332,85012.81341667613
123343,184497.47914088593
123344,213694.06341329895
123347,196946.42637681027
123351,257953.70347086247
123352,200193.0633246753
123354,279999.3002523713
123355,193162.1557594579
123367,115004.39523326277
123369,117263.6278439661
123373,137072.76033949264
123386,194535.41834969225
123387,564031.3333333334
123389,230000.95069147975
123390,184039.26206666185
123392,220695.0413360367
123394,191597.60443170302
123402,380779.9682144656
123404,545688.7761904761
123408,569688.1195526697
126533,364750.32743909594
126601,143477.303688356
126825,116341.70378343141
126828,105006.8
126830,102354.0050812091
126832,79479.22104529678
126833,67540.00554454187
126834,79479.22104529678
126835,79479.22104529678
126837,98360.98168724551
126847,109156.56645445389
126849,120216.97201518687
126850,203121.5760051443
126851,152868.71238983047
126852,119991.6297383488
126853,152868.71238983047
126858,123272.0521894202
126859,140000.1302532736
126863,123272.0521894202
126864,123316.7154708289
126925,51228.45434444446
126927,77440.2388921443
126932,76074.8868387352
126934,105100.24729494809
126935,344496.9983951047
126936,77374.86822314531
126938,93895.01581993175
126995,129059.57373382171
127008,109339.03288506326
127046,76169.2398825111
127062,159877.87771691696
127073,100514.17631219052
127080,120349.46855411255
127083,135826.5494154951
127084,208000.0
127086,99853.39749750249
127088,141913.01347799684
127095,520000.0
127138,145503.89883333334
127141,164330.0645583053
127162,76801.23706587793
127163,125357.49771559314
127164,125357.49771559314
127165,125357.49771559314
127166,125357.49771559314
127168,89549.44073905317
127176,72527.90560714285
127177,94081.11553015871
127178,166339.0133234811
127179,142492.05583969035
127181,142492.05583969035
127208,129106.2560318405
127216,125455.07212564367
127217,119948.8148
127218,125455.07212564367
127219,68379.01920856921
127337,79019.9317555799
127339,91261.8818572535
127342,135215.0558789219
127343,194150.42568817252
127362,143564.41714285713
127392,169699.00394289973
127411,227451.65985865938
127419,214416.97430537964
127431,267011.36250000005
127439,246957.10202334356
127451,260922.13370336668
127476,239167.85133333332
127482,139842.84948532347
127483,147905.1115669516
127487,137989.21060803576
127497,217089.71852372008
127498,262570.2564126984
127521,186819.0081273127
127528,189101.37178918434
127530,161996.25478175023
127531,150143.7051615239
127587,238390.38419607843
127603,142435.11667600376
127612,501173.32228727214
127637,293639.9770960063
127638,270051.57755945926
127639,217794.6808114422
127651,301083.0349523809
127681,290002.8132450361
127686,486513.59727388533
127687,438557.51409523806
127725,184997.63205994785
127726,190523.2027105801
127727,240010.11797106155
127790,769622.0
127813,561886.866339504
127814,1078105.2389686909
127817,615609.9333333332
132609,138343.540029724
132615,118000.0
132619,67540.00554454187
132620,118867.76463740993
132621,118006.19614534157
132626,65003.42121274151
132641,514766.3556936508
132642,167221.0609200364
132646,112032.79276214894
132651,77440.2388921443
132652,77440.2388921443
132653,77440.2388921443
132654,73176.88368835783
132655,73176.88368835783
132656,73176.88368835783
132657,73176.88368835783
132658,77440.2388921443
132659,77440.2388921443
132672,84014.16117475354
132675,118000.0
132688,96511.58582394425
132824,90068.74990015548
132825,64734.22575955405
132856,149082.98544053815
132857,159993.82672323246
132859,189985.71507759823
132864,93732.62324187813
132870,189999.1388888889
132919,141349.0764752017
132920,162335.5486666667
132921,104916.81199699736
132922,137941.7160138004
132923,152812.3923047619
132924,136321.05966272365
132925,141349.0764752017
132926,139712.11544961034
132933,98984.54711114125
132951,69217.87261953836
132953,111803.12519949402
132955,75680.30865394427
132956,119025.74527176528
133022,103161.16913333331
133193,211556.01514538238
133194,220000.5357142857
133195,187329.15654968627
133196,189971.3717277637
133197,187329.15654968627
133198,204923.45455960406
133199,131386.98557860253
133205,220000.0
133208,184895.95196622002
133232,257588.924984127
133245,227947.58071758252
133258,220000.0
133260,135124.10200855462
133262,340017.38112182106
133263,148960.75304222247
133264,139929.23904075887
133266,189971.3717277637
133450,260999.25051102843
133451,259920.87691613776
133455,259920.87691613776
133457,272990.91432402894
133458,259920.87691613776
133462,348874.9293932804
133478,306184.7541299042
133493,248913.84199682207
133575,380779.9682144656
143844,106477.1465901432
143873,70141.44231630657
143895,88060.86421771279
143899,149120.40802386228
143960,140205.92781265418
143987,106477.1465901432
143990,110589.34544690188
144029,113079.71749513359
144030,100944.39832139156
144031,100944.39832139156
144289,74731.95773369502
144291,166905.35670147635
144292,168517.36475345795
144293,149033.45829193963
144428,356027.9356749749
144484,438560.4883099788
144570,879704.7589117548
161005,83820.71349138596
161015,93983.54087974726
161020,119097.91842691501
161021,83852.11732670023
161023,165478.5322682439
161025,94149.38425002024
161026,111638.38937371905
161027,113928.5012972739
161028,113893.97827277127
161029,111812.19229665528
161030,141117.7574089571
161032,113928.5012972739
161033,113893.97827277127
161034,113893.97827277127
161036,107631.32326243317
161037,184571.47523809518
161038,97479.21664936084
161039,113928.5012972739
161040,111812.19229665528
161041,111638.38937371905
161042,182156.1339047619
161043,107223.14567027858
161044,113928.5012972739
161045,118867.76463740993
161049,111812.19229665528
161054,155858.05844444444
161055,107631.32326243317
161056,111638.38937371905
161057,120877.61847777777
161059,113928.5012972739
161060,113928.5012972739
161061,160700.26415515714
161063,131350.84105454548
161064,113893.97827277127
161066,111638.38937371905
161067,111638.38937371905
161069,111638.38937371905
161070,113893.97827277127
161071,113893.97827277127
161072,176177.11523809523
161073,113893.97827277127
161074,113893.97827277127
161075,111638.38937371905
161076,103371.05464421753
161078,111638.38937371905
161079,113893.97827277127
161081,103371.05464421753
161082,107631.32326243317
161083,113928.5012972739
161222,393660.43865144765
161224,294812.9607272728
161230,403807.28390476195
161232,309610.8943227177
161234,290179.7629091553
161236,108221.11498437484
161249,105053.24736208617
161251,105053.24736208617
161259,73176.88368835783
161290,74378.51091308429
161292,119223.42640962709
161294,74378.51091308429
161307,170011.2104313524
161320,159260.80177979718
161478,68191.42887261843
161481,77010.60122118593
161483,142645.1
161484,89024.41854746088
161486,170398.55723177732
161493,146744.5026413781
161494,94996.56875
161495,128699.2450063025
161499,139082.08418583963
161503,242700.0
161504,146744.5026413781
161546,113498.90948619954
161548,110633.44285714287
161561,135000.0
161562,106146.37855392003
161576,171212.9607179391
161579,118404.02417274156
161581,148954.42215683428
161584,86805.6150644188
161586,97117.73751700419
161682,84915.08081011144
161806,252000.0
161807,184041.23389554504
161809,239990.12224108656
161858,136845.1007886448
161859,214248.78129005118
161921,98610.53262839495
162066,235000.0
162078,384876.1938743267
162080,499586.0
162090,824495.1052631579
162094,475890.5
162096,516726.49103882315
162101,140501.02161941226
162102,420003.8685064935
162104,473582.21590209793
162106,311790.5168583294
162108,201802.67904088506
162204,320000.0
170745,120063.01365052909
170748,138963.3803347339
170750,185684.6180952381
170751,242494.83866666668
170779,110701.01947619047
170781,96366.57088056914
170798,155543.9345974026
170809,276343.0686380953
170913,145062.02288888895
170926,127282.89805753969
170932,97522.05496560414
170933,232624.91275149412
170934,116480.97372296262
170935,116480.97372296262
170936,138369.3331857143
170937,131650.61923921885
170938,88397.60187681293
170939,131650.61923921885
170940,211645.9423071606
170942,131650.61923921885
170943,116480.97372296262
170944,254503.44724507123
170945,211645.9423071606
171681,178447.93657628144
172151,171593.98748832275
172155,284139.2111110192
172472,251163.87644654093
172474,353300.8975238096
173952,83266.59892144373
173953,83266.59892144373
175046,230807.808536922
175055,111496.34214404643
175099,423167.9376349207
175597,97996.3060109919
176350,85316.98683402783
176351,108579.22900584796
176352,113423.972456353
176354,114032.61714191183
176355,119555.46133593637
176356,119555.46133593637
176358,114032.61714191183
176359,114032.61714191183
176360,114032.61714191183
176361,119555.46133593637
176362,114032.61714191183
176364,114032.61714191183
176365,114032.61714191183
176366,119555.46133593637
176367,119555.46133593637
176368,119555.46133593637
176369,114032.61714191183
176370,119555.46133593637
176372,114032.61714191183
176373,106775.59415094709
176374,104249.59162962962
176375,94966.36797172467
176376,129998.81361990949
176378,114995.42491935212
176380,116581.88358958001
176389,79928.80904668308
176392,94447.59185680094
176429,138184.1433333333
176431,159751.9961909526
176432,163842.4585807914
176434,90536.25559323592
176435,163842.4585807914
176436,163842.4585807914
176438,163842.4585807914
176440,163842.4585807914
176441,163842.4585807914
176443,163842.4585807914
176446,165000.0
176452,128778.55982970606
176468,161587.58
176471,207954.84307006368
176472,167357.7499002737
176473,142781.054
176475,138227.28626172655
176476,128590.27423809525
176482,127974.16027301589
176483,103927.55334479718
176495,89914.25986810493
176500,142492.05583969035
176501,142492.05583969035
176508,87000.65819974449
176509,109916.41672962098
176512,158000.1795557472
176553,207913.55394177092
176554,184369.47914088593
176559,213694.06341329895
176568,169237.2741305675
176572,140780.65875113968
176579,199000.0
176597,167677.2036854085
176598,167347.14436338248
176608,182579.0655901348
176611,189968.61490242105
176612,233003.40697103835
176649,206861.56755551675
176651,228126.09523357137
176654,578831.6666666666
176655,183980.21888667246
176656,227163.45699841267
176661,201242.92337974993
176666,477699.5529252969
176670,469403.36115853715
176675,327394.08903752576
176678,230001.9997419706
176679,520016.2138974359
176703,797319.004
176708,271496.3590941749
177828,412647.9125544974
177872,318566.6333333333
177874,332137.9489035024
177875,408536.3934636592
177876,308931.0446666667
177877,206085.03729099606
177878,176864.26347852626
177881,68458.4
177886,380013.7536507938
177891,120680.27727787063
177893,160173.51248886148
177897,84721.5665435294
177899,84780.60590319565
177919,200324.31654747672
177925,248375.64977777775
177943,100614.40721835701
178529,194129.91031302034
178822,344282.7042922916
178833,285731.5096093915
178846,230616.84405714285
179811,367234.9166666667
180267,122865.0908171333
180271,161822.27747380955
180295,84605.01579906215
180435,117165.4609486523
180436,126422.32098020338
180438,126623.82210172238
180439,107808.72417734488
180440,79456.76347466274
180444,128788.99875588236
180446,110466.47961904765
180447,106518.09280792964
180472,159568.1768253969
180476,79712.3897984361
180477,105529.92133333336
180485,84581.62788483955
180491,70268.75722897203
180495,73176.88368835783
180497,73176.88368835783
180498,73176.88368835783
180501,73176.88368835783
180504,73176.88368835783
180508,118420.62624168058
180509,73176.88368835783
180517,81220.17521599097
180520,136089.00443329383
180523,106846.4559047619
180533,74095.60514480421
180535,147849.84685339144
180623,81997.45273683521
180625,105669.07388888892
180639,115082.27589355741
180641,223197.48454741683
180642,227117.966
180652,98795.064305229
180653,184782.80242857142
180655,84617.47373855696
180661,198340.72025641025
180663,229850.28
180675,200051.09
180677,128283.6
180678,222198.7991877356
180679,141913.01347799684
180680,100716.88626190474
180717,107320.87200000002
180719,120767.50554008929
180724,77492.57405247187
180725,107320.87200000002
180734,170656.81943266597
180735,99500.99924043227
180737,100359.89380952383
180739,93130.01133411862
180745,101684.59218047088
180751,126238.86112996156
180754,149830.3454614907
180756,149830.3454614907
180758,140853.1717103427
180760,142492.05583969035
180761,91043.6434050169
180766,123116.28331959681
180784,116981.7195675496
180788,107504.80256799325
180792,103018.90649879636
180794,106418.50507578172
180803,91338.92918518196
181119,179316.36596181878
181131,149849.7206131063
181133,254893.12143394182
181134,287996.49812204204
181138,254893.12143394182
181141,265128.5249490832
181144,254893.12143394182
181145,254893.12143394182
181146,254893.12143394182
181147,260015.0106328
181186,165558.25909550296
181187,285047.43137254904
181189,261328.75967532472
181199,149404.27611889597
181202,268137.3672263
181203,203590.94357348274
181204,166929.82204225787
181205,158173.4605892012
181208,149650.6247982828
181210,170416.57615791087
181219,206822.6373393665
181222,155264.98514095988
181247,267963.41066666663
181248,196580.63561638378
181249,146899.5959813814
181252,170294.95876891754
181253,180784.74055394507
181267,159564.6929111111
181269,169209.7225920167
181330,132067.0800706409
181482,339625.2222952603
181490,249824.0
181495,185444.3788012726
181497,230006.95843326204
181500,318810.3079265695
181515,337060.20652346074
181524,306184.7541299042
181541,173253.09547257342
181542,199356.33943239014
181543,250005.76355364855
181545,202711.33819657456
181555,199788.3333333333
181557,374752.90654048003
181558,229012.0073232323
181559,199198.8298685577
181676,521598.97945555556
181682,1198380.0
181686,374831.3082120022
181687,572389.4761904762
181700,375041.1674870837
181742,699972.000857143
181743,699972.000857143
181759,1048798.3333333333
182707,136318.56666666668
182710,150361.12780952378
182712,159596.13
182731,119889.39808472866
182742,105801.04413862409
182759,97921.87554460384
182807,99600.05115354338
182815,146758.33308513215
182885,119998.47080244697
182902,201382.13431234108
182985,168408.8666666667
183014,119427.33247962366
183151,409173.59650501824
183152,362304.3330428572
183153,195058.3333333333
183155,402973.31110786425
183166,336641.3
183173,256950.97168727365
183250,546036.4537094329
187367,90275.12342569004
187730,81670.14877852138
187810,178573.01889401447
187811,93613.1090166003
187854,93613.1090166003
187910,114043.11639219304
188009,101758.67809907092
188024,66922.96761551613
188026,73196.1158794714
188060,93613.1090166003
188093,165229.0918899461
188322,151037.92329471235
188768,279857.3136252701
190151,68928.28044947858
190186,52262.54807977452
190187,102708.33322209281
190205,102062.07288653718
190212,87516.98087474122
190213,87516.98087474122
190218,88990.6350659526
190219,108623.59193559256
190220,246424.85057142857
190221,119684.61942857143
190355,78984.032422054
190414,82740.72216468763
190417,100000.0
190418,94715.64710882597
190422,97999.33210744381
190451,115250.93475470087
190479,107754.47735948587
190481,103018.90649879636
190484,103018.90649879636
190486,134359.0283471843
190487,107754.47735948587
190789,214975.7719768725
190791,120236.32535765957
190792,159170.9394982767
190794,153412.6217442689
190797,187490.8803113812
190798,165000.04562061434
190801,173998.70033670033
190815,335989.62397069595
190816,352282.53314051795
190817,352346.14466666663
190820,260000.24659956933
190846,220000.5357142857
190848,150477.15845855666
190849,120250.51689019876
190914,121092.23672767301
190915,137072.76033949264
191020,217794.6808114422
191022,386950.7446896245
191025,234950.0
191026,325000.0
191036,407350.41748717945
191043,419997.2717185861
191045,231436.72516966602
191062,337716.0310942621
191133,330002.9839378852
191134,328997.3550118434
191144,381979.6901233503
191151,201467.9148587071
191193,626729.6365007549
191399,105559.8366131635
191417,112551.57030922052
191456,91620.99501748894
191980,131038.15796205917
191982,135970.0570535648
192279,162607.5923703882
192304,120957.56266985812
192307,149699.5706232509
192542,266695.255964058
192769,106518.09280792964
192770,129334.62441269842
192772,121078.95209235215
192779,124641.93203962268
192780,94997.24720222647
192789,104967.44419840038
192792,99613.69037009294
192793,95399.2215061471
192797,73176.88368835783
192800,91618.62615690696
192805,100733.19139229025
192829,213336.01719745225
192830,74541.19201902796
192831,148757.5232989182
192833,101330.19453943046
192834,101379.68653133523
192836,135026.7151373837
192837,178996.6838888889
192846,95670.65971427545
192860,117974.44866018138
192872,143902.72214233427
192875,157675.07038082398
192876,156098.35274352727
192892,96306.57460415491
192909,207913.55394177092
192910,189971.3717277637
192916,264498.39326334774
192917,286673.540241621
192922,171566.0
192923,169947.6923076923
192932,262522.25514285715
192947,211462.46488659095
192949,184101.34154074718
192960,188965.41082034752
192963,169163.57196161363
192976,370000.95238095237
192978,284192.8505777242
192979,200000.0
192984,316580.132558618
192992,200000.0
192993,311085.8943131868
192994,407727.4181973511
193006,360000.0
193013,579968.3176783534
193014,971396.2044761905
193016,1327389.7456791576
195376,138001.35461012015
195386,106546.76804020138
195388,92021.50158063135
195389,147731.3254614147
195400,147731.3254614147
195446,73863.9356541511
195457,71019.79097426176
195458,76471.81842538169
195462,142612.47573788176
195463,142612.47573788176
195468,115726.44979029887
195470,115102.42307692308
195472,112078.70384337493
195474,92933.94828408788
195476,92933.94828408788
195477,92933.94828408788
195478,92933.94828408788
195479,92933.94828408788
195480,92933.94828408788
195481,92933.94828408788
195482,92933.94828408788
195483,92933.94828408788
195485,92933.94828408788
195486,92933.94828408788
195489,92933.94828408788
195490,92933.94828408788
195491,92933.94828408788
195492,92933.94828408788
195494,92933.94828408788
195514,102062.07288653718
195517,136264.3986678648
195518,124623.60058669109
195529,113582.58771935067
195532,51687.1
195535,77440.2388921443
195539,77440.2388921443
195547,114773.33353748654
195556,71004.23891904893
195573,113052.82917948716
195581,142352.0435732166
195584,142352.0435732166
195585,142352.0435732166
195591,142352.0435732166
195593,160272.615430129
195600,154995.4080418463
195605,142352.0435732166
195661,89073.00646283082
195668,90792.31601161008
195672,130018.3743108674
195674,118505.33873855702
195679,98007.87148124781
195682,115637.71321111111
195683,116199.83294444445
195684,116199.83294444445
195685,116199.83294444445
195686,116199.83294444445
195687,116199.83294444445
195688,115637.71321111111
195689,116199.83294444445
195690,116199.83294444445
195691,115637.71321111111
195692,115637.71321111111
195695,116199.83294444445
195697,115637.71321111111
195698,115637.71321111111
195700,115637.71321111111
195701,115637.71321111111
195702,116199.83294444445
195703,116199.83294444445
195704,116199.83294444445
195706,116199.83294444445
195707,115637.71321111111
195708,115637.71321111111
195709,115637.71321111111
195710,116199.83294444445
195711,115637.71321111111
195736,101650.3428542252
195741,315410.00653036096
195749,97964.84961581064
195750,97964.84961581064
195765,97336.28126957381
195768,198385.55944971947
195769,160012.28138777002
195772,168509.89033333331
195788,194995.16494444918
195792,84605.67899463157
195795,103018.90649879636
195796,157199.1482111196
195797,106418.50507578172
195798,121454.04813292786
195800,100735.9956247393
195801,158630.8268478188
195807,178820.1186807539
195808,156061.63768202497
195844,129760.3455906477
195853,158197.70001498883
195854,147157.67553688216
195855,155115.67117764978
195857,154894.42117764978
195858,155115.67117764978
195859,109002.0974851235
195953,326800.1163036309
195955,205452.09393727014
195956,160847.27924755338
195960,206182.5778238788
195962,264679.84326334775
195993,285866.59099938616
196006,351358.4429098787
196007,158420.46503258627
196021,239429.28514285717
196024,300564.69636262115
196025,168556.77063161938
196026,205360.75564597943
196027,199723.75725177297
196124,285164.32699206617
196127,224470.736504843
196129,198021.78092752153
196132,229961.15972890132
196138,332437.0843137255
196139,521209.91197619046
196141,333369.28431372554
196143,330091.17931372544
196145,339857.18133333337
196147,199000.0
196167,449396.562347675
196175,247473.84236671546
196188,285286.74486907496
196190,230007.59482568724
196233,441596.3923076923
196241,570191.7575757576
200179,92194.62951498652
200276,105467.07065873017
200277,93983.54087974726
200283,119097.91842691501
200284,83852.11732670023
200285,94777.48933333335
200286,113977.56617844339
200288,181256.01599548061
200292,127800.99218761978
200294,115115.50707692307
200295,118867.76463740993
200296,113491.23402930403
200309,172224.46753623188
200310,88323.97653968254
200311,111320.44446072186
200312,95577.93692359365
200313,159568.1768253969
200314,127751.82823809524
200315,116969.06211402072
200317,387013.96842606517
200318,77518.82852787084
200319,115002.81954458595
200320,108558.29622436658
200324,294245.0377428898
200326,151795.02895815292
200335,50762.02446969697
200348,105053.24736208617
200349,240822.27778373013
200350,105053.24736208617
200352,282182.830235654
200353,381991.3630558919
200394,73176.88368835783
200432,119223.42640962709
200436,74378.51091308429
200447,260232.66523752487
200460,236909.18999334
200461,191659.69484281816
200462,191659.69484281816
200463,123555.39597956312
200464,137468.56519854418
200465,191659.69484281816
200466,136901.53358218272
200467,136901.53358218272
200501,128930.50494889882
200502,215045.37784887268
200503,106574.12189999595
200608,68191.42887261843
200609,142645.1
200613,170398.55723177732
200614,140411.40524677048
200616,154114.65996272885
200617,127543.82225721405
200620,127779.96010538534
200621,94996.56875
200628,125034.46287144146
200629,120837.56983080131
200630,242700.0
200631,223434.46126666665
200632,127779.96010538534
200634,193306.38162041467
200636,146068.70770950976
200638,116503.98181652238
200639,87288.54315288221
200640,88807.21373307327
200641,197873.06535714286
200642,110681.16840729368
200643,127779.96010538534
200644,110681.16840729368
200645,136994.97740924775
200646,127779.96010538534
200670,169310.0362088949
200671,111035.88441789853
200682,179797.36147336502
200683,179797.36147336502
200686,179797.36147336502
200687,159942.80483538375
200689,179797.36147336502
200693,97336.28126957381
200698,64090.242041491896
200699,90921.93299082154
200704,82730.11623438465
200712,172370.5570149255
200713,172370.5570149255
200715,86929.71998145468
200716,172370.5570149255
200717,190912.85877823297
200727,86805.6150644188
200728,125011.96656584248
200732,118404.02417274156
200736,129525.23141852746
200806,122580.14456021505
200807,97592.00475981082
200935,252000.0
200936,240000.0
200937,239990.12224108656
200940,184041.23389554504
200941,258097.78858008655
200943,126080.37232936412
200944,160593.71471291335
200945,265004.40001355705
200946,458877.3977142857
200950,265809.0
200967,323862.923828986
200973,264957.22337788605
200978,219537.11111111104
200979,223548.45942225537
200980,147486.87286433316
200981,214151.02195801417
200982,124612.80010130478
200983,149461.17905446273
200992,135795.98246192443
200993,139926.44070156288
200996,136845.1007886448
201016,204000.9316526611
201017,269597.3779120878
201018,269597.3779120878
201032,147490.87286433316
201185,235000.0
201187,455029.1495359418
201193,840124.2024444446
201208,140501.02161941226
201209,420003.8685064935
201211,201802.67904088506
201278,401868.1095337995
201954,47804.4759047619
201956,146878.94727576603
202016,223035.76160455687
202029,97279.76861949729
202040,77264.44920294042
202042,137041.80338095236
202046,117503.0699628257
202047,111359.13333333335
202048,119397.71068520886
202063,99581.44762527224
202068,74692.32123773577
202075,72903.88699399134
202088,102912.02731497947
202099,107548.43357730344
202161,96142.60121734576
202171,188344.801572628
202172,186116.93227001445
202182,231607.82121789322
202187,221912.76796178348
202188,115175.61773433584
202231,67842.20008189358
202239,101663.93333333335
202241,121302.6379345974
202250,183993.8375238095
202284,112690.42604410707
202287,130071.99774397617
202418,186052.73129004327
202435,267287.2077356688
202436,228762.49961057556
202437,177701.3745238156
202458,197519.0549661941
202462,197752.55907122928
202466,284050.5820709736
202468,284050.5820709736
202469,284050.5820709736
202500,196646.0994077016
202513,212160.41687514377
202585,516008.7367448107
202601,508611.8333333333
202659,1239981.1479999996
213689,131185.2453333333
213690,129840.91090196077
213710,90083.65503645738
213712,135292.2544706239
213787,192483.2451759352
213849,87153.05796655103
214383,114252.32475241892
214521,86231.10431655863
214604,93377.41026682446
214694,244679.31000000003
214695,170684.81085166478
214919,199528.6026761905
214928,182791.538004329
215077,315797.8059546419
215946,93983.54087974726
215948,84865.74318249442
215949,124972.91064516129
215950,124528.63487350433
215951,68767.53710458762
215953,124528.63487350433
215957,89970.89634027793
215971,102600.56562907867
215972,102600.56562907867
215989,144969.33877701018
215990,149053.42309304932
215993,160177.36816399847
215996,149262.90011186732
216014,124364.98723598424
216017,96784.31877420047
216018,152000.0
216027,79268.94443137317
216028,85012.81341667613
216029,84103.49749318052
216031,118404.02417274156
216055,184497.47914088593
216056,196946.42637681027
216058,279999.3002523713
216063,314565.81717032974
216072,166680.13197878268
216075,115004.39523326277
216076,117263.6278439661
216084,242264.872
216086,137072.76033949264
216099,194535.41834969225
216108,220695.0413360367
216109,230000.95069147975
216151,91827.79100947913
216152,91706.06231501089
216156,92141.42945159035
216893,86555.06685028771
216965,73863.9356541511
216971,71019.79097426176
216973,142612.47573788176
216974,142612.47573788176
216975,129997.75208144796
216978,134670.15330158736
217010,77440.2388921443
217011,77440.2388921443
217014,114773.33353748654
217015,88061.996679615
217021,84000.10621187417
217022,71004.23891904893
217074,76169.2398825111
217094,89073.00646283082
217102,130018.3743108674
217103,90792.31601161008
217141,97964.84961581064
217181,97336.28126957381
217186,194995.16494444918
217188,84605.67899463157
217189,106418.50507578172
217190,116611.20837787642
217194,103018.90649879636
217196,109916.41672962098
217198,157199.1482111196
217211,129760.3455906477
217274,109002.0974851235
217361,149394.83460274927
217362,199474.0087906676
217371,160847.27924755338
217374,264679.84326334775
217377,205452.09393727014
217378,206182.5778238788
217415,158420.46503258627
217416,227947.58071758252
217431,205360.75564597943
217558,172627.88144745398
217559,198021.78092752153
217561,283019.2010169159
217562,183980.21888667246
217565,224470.736504843
217566,285164.32699206617
217567,229961.15972890132
217570,225338.41997890483
217571,199000.0
217585,449396.562347675
217601,285286.74486907496
217634,441596.3923076923
226632,236880.7216944798
226635,104603.44511520142
226636,116293.49609620695
226638,112034.64054095697
226639,162343.53033267963
226678,107449.37694000185
226681,91857.105540196
226682,87086.76319359189
226949,84684.67010166122
226954,256419.47179065814
226955,246535.9215330656
226956,161512.3685024848
226957,94149.38425002024
226958,52262.54807977452
226959,121940.55874603178
226968,96124.63500516479
226969,107943.68314217681
226973,111803.79382860218
226976,142778.14474453026
227048,89848.04237339074
227050,121136.47054771714
227051,98184.75885007353
227053,116974.22868309484
227054,117408.43330746476
227057,110598.47786880896
227060,79408.36555687079
227073,98201.89617197236
227074,105100.24729494809
227075,123276.26388888882
227113,102484.6455
227114,144835.84074554525
227115,144835.84074554525
227138,106574.12189999595
227142,69591.55065517605
227269,133710.6883315552
227276,88188.09491905737
227277,136361.06898329145
227279,119942.77873345761
227292,183031.6259527981
227303,115000.0
227306,191541.5351559564
227308,141913.01347799684
227365,210006.200756381
227367,202207.08899776908
227369,218254.08922109546
227387,142617.95785921358
227388,67708.89986948273
227394,142492.05583969035
227395,142492.05583969035
227408,196030.65943617583
227411,129761.88710070946
227413,124225.06349438557
227415,113190.35181783512
227469,102625.57370216405
227470,92953.89438870993
227527,110742.59902791645
227535,68004.98008286649
227749,192413.80790202247
227772,219692.26
227776,184041.23389554504
227777,169361.1242905202
227778,189001.05522760848
227779,147806.25972695334
227794,200000.14204545456
227801,200000.14204545456
227803,264490.4361363636
227823,345579.89428438345
227842,239853.6930157879
227844,192413.80790202247
227849,205416.80714262073
227856,178609.23594430604
227862,179628.6880252225
227864,154647.55799663125
227865,109952.84254916104
227884,204680.85347109038
227920,144062.6934934355
227921,235897.07
228062,261971.3958318386
228066,524988.9004540141
228069,237664.79559889276
228071,239994.95605148008
228073,239994.95605148008
228086,306020.1126212121
228091,251181.30419580417
228104,249442.26844919787
228107,223221.5560460231
228109,198837.97286443727
228138,370062.9400578616
228220,521689.56168888893
228221,444613.5924351589
228276,1048798.3333333333
228466,130529.00621132713
228591,73863.9356541511
228594,71019.79097426176
228595,129997.75208144796
228596,142612.47573788176
228602,102062.07288653718
228630,77440.2388921443
228634,87771.56824790625
229014,117271.00466560508
229127,140952.68098242985
229129,127075.30171521007
229130,89486.06292506709
229131,180113.65320343568
229397,106229.04983322663
229398,84218.95669919415
229401,127713.27916867884
229427,96125.10740261654
229429,205654.81194512185
229661,173524.00783161927
229724,181292.0780759823
229727,89073.00646283082
229735,205282.69859382836
229737,98007.87148124781
229738,130018.3743108674
229742,90792.31601161008
229745,164912.1920047619
229750,211040.57166666668
229753,98579.04693568227
229763,98579.04693568227
229764,98579.04693568227
229766,98579.04693568227
229768,142236.20703135288
229770,97964.84961581064
229773,99316.41306762797
229777,133382.60032648232
229778,133523.69670329665
229779,97336.28126957381
229790,194995.16494444918
229791,133523.69670329665
229794,84605.67899463157
229795,116611.20837787642
229796,90445.87361407474
229797,106418.50507578172
229799,100735.9956247393
229801,121454.04813292786
229803,106418.50507578172
229806,157199.1482111196
229812,159956.3531087109
229815,129760.3455906477
229816,190149.1149686032
229819,159956.3531087109
229820,159956.3531087109
229826,109002.0974851235
230083,120646.99058111678
230092,107301.75877001841
230093,79565.49572742109
230184,187529.21404666768
230234,262802.0607084215
230235,213897.38603323288
230241,140857.93543767885
230251,205452.09393727014
230256,160847.27924755338
230261,264679.84326334775
230262,117033.4349569279
230263,168915.91109920086
230266,345579.89428438345
230267,168915.91109920086
230268,168915.91109920086
230274,239853.6930157879
230278,158420.46503258627
230286,396925.4603174601
230293,168556.77063161938
230601,306516.3166666667
230692,356057.44458836265
230695,314844.0
230696,172627.88144745398
230699,224470.736504843
230700,283019.2010169159
230701,285164.32699206617
230702,183980.21888667246
230703,198021.78092752153
230707,229961.15972890132
230708,237664.79559889276
230713,199000.0
230719,225338.41997890483
230721,420582.52378336224
230723,308447.6266868132
230724,239994.95605148008
230727,239994.95605148008
230729,381245.5426759218
230731,237997.02238023645
230737,449396.562347675
230739,1055277.9365079359
230747,230007.59482568724
230749,285286.74486907496
231006,415847.2865809523
231007,1048798.3333333333
231012,672339.5454545454
231013,668245.74
231015,444613.5924351589
232205,103088.88004619561
232206,211907.91339211818
232210,97500.40497599517
232211,123815.94560954819
232217,214351.85733333335
232218,200057.5442111895
232221,178064.12761288078
232224,76124.0312779031
232227,86212.35177785045
232228,77440.2388921443
232229,73176.88368835783
232230,77440.2388921443
232235,102600.56562907867
232236,102600.56562907867
232237,55723.73596218872
232238,91908.34804509292
232239,102600.56562907867
232241,63828.30761904762
232304,80545.41583580697
232306,94996.9157421329
232307,88699.70493569711
232309,79917.97311041437
232310,109995.76035164835
232312,142137.25277881854
232313,90905.4223860477
232314,123743.67238095238
232316,205003.3888888889
232319,161160.29687220644
232332,148954.42215683428
232333,156098.35274352727
232335,141661.6500377827
232337,108377.62263960828
232385,109335.82562446453
232386,85558.29991963362
232451,160189.59245469238
232454,332244.23235509783
232455,178000.07679498833
232473,145369.92841124008
232475,184101.34154074718
232550,289947.5175712215
232551,143109.86812714615
232553,199041.94805194804
232588,568389.508648031
233566,97205.62468332327
233572,137819.36116946556
233578,97857.79504401723
233580,192072.3225321611
233582,133778.04866666667
233583,177713.2573333333
233585,443503.0065696755
233586,83804.79396252587
233587,90016.99045085775
233588,391282.0901890226
233593,92933.94828408788
233594,92933.94828408788
233597,92933.94828408788
233598,92933.94828408788
233599,92933.94828408788
233600,92933.94828408788
233601,92933.94828408788
233602,92933.94828408788
233603,92933.94828408788
233604,92933.94828408788
233605,92933.94828408788
233606,92933.94828408788
233607,92933.94828408788
233608,92933.94828408788
233609,92933.94828408788
233610,92933.94828408788
233651,164950.95060858526
233652,103543.04365249793
233653,103543.04365249793
233654,164950.95060858526
233670,231344.13302446174
233673,1083562.4770372296
233675,94820.06460391772
233676,84232.84004423875
233679,94944.85499021687
233681,74874.95838961605
233683,230498.03433566436
233685,87020.65369055464
233686,158114.7482315786
233694,73030.22289973311
233698,49842.39345811051
233705,136913.3657907239
233715,85715.99099339238
233716,112289.58311604861
233717,91266.19200422078
233718,87969.99626995505
233826,103190.8325734161
233829,96470.58367158663
233845,155002.75295238095
233850,110195.50122222224
233852,195002.37925641023
233877,57262.57099658963
233880,98698.75247051848
233886,108096.80041891443
233888,120108.06544112017
233889,102016.5782794474
233950,158630.8268478188
233951,129884.42142149988
234214,223946.49319441817
234218,243813.06808119654
234226,227490.64183524216
234227,214996.13433844192
234228,164352.38800636175
234229,214996.13433844192
234240,247497.68121212118
234242,272901.2456170104
234244,207765.1992126048
234246,259612.70581104036
234264,141657.4225376029
234265,183939.9758769587
234269,235500.0
234270,153314.45360286758
234273,264375.88333333336
234274,223473.07907754145
234326,149461.17905446273
234327,214151.02195801417
234328,222767.0487681306
234458,358764.77111082576
234459,369001.21267159714
234460,324722.823375289
234466,324994.2647579365
234476,268501.8418696537
234486,332405.4023966367
234487,307155.440304768
234490,866105.7068015874
234491,319641.69508817274
234503,297920.9347837892
234506,341571.9062767535
234510,155474.83346374612
234597,666703.2380221083
234598,653262.7690975689
234599,608662.5929146877
234600,608662.5929146877
234602,593121.0259816208
234603,628573.3545530493
234629,1351555.0
237578,117378.21300000002
237725,89874.13323494983
237726,89874.13323494983
237731,107369.62241135738
237733,97500.40497599517
237735,120396.99922222222
237736,125628.85466666665
237739,168536.07468567384
237740,123815.94560954819
237787,121260.24676190477
237788,119864.69695837726
237789,125771.43017750197
237802,76124.0312779031
237804,110656.25103680753
237805,96070.72940410273
237810,73176.88368835783
237813,77440.2388921443
237858,94868.7368008949
237859,94781.70094051053
237860,55723.73596218872
237861,102600.56562907867
237862,102600.56562907867
237864,94781.70094051053
237865,94781.70094051053
237866,102600.56562907867
237867,91908.34804509292
237868,95565.21422968314
237882,59228.42517494271
237884,97740.79405117106
237885,106944.88581740977
237898,87160.7908577381
237899,94169.90007669565
237901,94566.72379061741
237903,52302.2682578644
237966,88253.12835560182
237993,90905.4223860477
237995,119031.56348172275
237997,109995.76035164835
238009,128411.83333333333
238010,128411.83333333333
238014,205003.3888888889
238015,161160.29687220644
238099,139676.4909387506
238102,171888.8275861309
238103,101977.33776779586
238118,135088.90582301992
238122,156778.44666666666
238126,167436.12427125024
238134,173752.97262295632
238138,735366.1812961468
238140,129257.1632123142
238154,118340.06664275244
238157,148954.42215683428
238159,138803.34164092314
238160,126295.53700470689
238161,156098.35274352727
238168,112867.74144829763
238169,108377.62263960828
238173,148954.42215683428
238175,148954.42215683428
238176,156050.0912715961
238276,85558.29991963362
238277,113383.39543875089
238458,135107.97699675604
238462,180604.256
238466,160189.59245469238
238469,225182.06055411257
238471,256627.17333333334
238472,326800.1163036309
238473,409646.80680425884
238476,178000.07679498833
238483,229950.52423809524
238536,405291.0
238539,271475.2210387769
238550,175651.9949897347
238551,282702.66588642343
238554,191867.62678208417
238568,174053.8362244615
238576,169807.82612616685
238582,166535.88014923816
238583,217858.6707358664
238613,188253.24299689473
238614,343085.0306072186
238615,172103.79141092062
238616,178403.26168498167
238675,139539.81343163282
238676,172088.46371767702
238677,200242.44405464124
238833,228126.09523357137
238835,143109.86812714615
238839,289947.5175712215
238840,199041.94805194804
238841,222476.08413114754
238844,223744.15805572236
238883,507328.0
238884,248308.99280513622
238885,512522.23646774096
238887,481277.8333333335
238890,245194.5479725946
238893,222988.30787284602
238910,304379.7903935913
238914,299161.83608478896
238915,455429.2682349379
238916,195695.76594244383
238917,193303.20841776827
238918,299161.83608478896
238919,183608.33098056365
239044,568389.508648031
239088,756116.5052
255840,118479.56292774118
255842,91857.105540196
255861,118000.0
255862,119097.91842691501
255863,106024.90614186894
255864,67540.00554454187
255865,118000.0
255867,178825.93
255868,118006.19614534157
255870,118867.76463740993
255876,136177.354127402
255880,77440.2388921443
255881,77440.2388921443
255882,77440.2388921443
255883,77440.2388921443
255884,73176.88368835783
255885,73176.88368835783
255886,73176.88368835783
255887,77440.2388921443
255888,73176.88368835783
255892,86807.07602492301
255893,119223.42640962709
255894,118000.0
255896,154037.343836192
255897,135516.416142515
255899,158831.11121399808
255912,189985.71507759823
255913,84413.3039678924
255914,149082.98544053815
255916,159993.82672323246
255918,93732.62324187813
255919,189999.1388888889
255935,79824.99144235265
255936,75251.15552318146
255938,98984.54711114125
255945,111803.12519949402
255947,119025.74527176528
255949,190000.65575186483
255954,241264.05556302518
255955,215753.10820151333
255993,204923.45455960406
255995,187329.15654968627
255997,187329.15654968627
255998,189971.3717277637
255999,220000.5357142857
256001,187329.15654968627
256002,220000.0
256003,265004.40001355705
256004,184895.95196622002
256009,167295.9670906869
256022,195000.0
256026,139929.23904075887
256027,204989.45455960406
256029,340017.38112182106
256030,189971.3717277637
256056,259920.87691613776
256057,342069.160441884
256058,259920.87691613776
256059,259920.87691613776
256060,272990.91432402894
256062,260999.25051102843
256064,259920.87691613776
256068,832081.9005523812
256069,329203.86159705714
256070,200595.1621847452
256072,248913.84199682207
260293,127226.75461009875
260419,140303.51252133402
260422,94145.32437582075
260423,60898.20794805195
260425,124528.63487350433
260428,88457.14388945267
260429,68767.53710458762
260430,124972.91064516129
260431,93615.90924196724
260433,128788.99875588236
260436,103364.07672967913
260437,89961.68338361112
260439,89970.89634027793
260442,66129.23199503892
260469,143162.77864276175
260480,106279.70160878755
260483,95945.68128283262
260486,123814.91944798302
260499,37797.90966666667
260509,130866.36694778506
260513,172936.3021507431
260521,71013.25687424772
260522,78838.97543622802
260523,103632.50829287783
260525,102600.56562907867
260526,102600.56562907867
260528,81701.19139526428
260549,83153.36630581794
260550,110220.93430517238
260571,80134.59866660464
260663,100888.53102932092
260684,149053.42309304932
260687,96470.58367158663
260694,109077.47371031993
260697,144969.33877701018
260698,160177.36816399847
260706,95010.4606839321
260707,188411.5553414436
260708,146068.70770950976
260742,129034.57608085428
260745,145366.31735321457
260746,100319.09212959382
260749,166306.49521212123
260763,109201.74653307539
260768,133114.58462388287
260769,117412.17910152338
260770,150090.5267588284
260775,102285.9932498992
260777,94593.04862041985
260778,115977.04712199335
260781,110919.3125774225
260804,97217.26218716106
260805,119439.25304575571
260806,173452.502539031
260810,132556.5803062657
260814,118404.02417274156
260815,84103.49749318052
260816,122569.03333506575
260818,85012.81341667613
260860,123285.39827198653
260861,159956.3531087109
260863,176488.33356373815
260864,121901.75024170274
260865,155672.3475373861
260871,113757.90754544697
260890,113875.94527613056
260891,144953.21802975188
260894,198181.61181818182
261053,184497.47914088593
261055,196946.42637681027
261057,290000.2297203313
261058,213694.06341329895
261062,174471.2501057514
261066,410643.99800849246
261080,437071.44533333334
261081,202623.25275
261104,151264.10285984588
261105,205168.44587096278
261107,281971.91546519834
261108,187368.25553192987
261110,370670.7795815296
261128,141900.67906812488
261130,264426.40064516134
261134,93279.76057967631
261139,213455.16645502645
261140,208164.14214285713
261146,169873.382
261149,183721.09553845823
261162,252260.4886666667
261163,252260.4886666667
261175,115004.39523326277
261177,150143.7051615239
261197,234423.81825371122
261216,137072.76033949264
261365,509926.0251137753
261379,490547.14168888883
261394,367016.12495633017
261402,445158.39800216455
261404,406017.12476190476
261405,144713.8516003396
261408,238684.92342557476
261409,268374.48003598186
261410,295048.0832334267
261420,620464.9528163265
261422,220695.0413360367
261423,167842.15435941768
261426,230000.95069147975
261442,423321.6439999999
261444,241463.09548937998
261525,290481.4536095191
261558,613708.5691428571
261562,496037.5
271665,325812.7880455408
271666,105675.95972229123
271667,146437.9134628213
271675,239342.50999999998
271676,118164.98879999999
271682,92933.94828408788
271684,92933.94828408788
271685,92933.94828408788
271687,92933.94828408788
271688,92933.94828408788
271689,92933.94828408788
271690,92933.94828408788
271691,92933.94828408788
271694,92933.94828408788
271695,92933.94828408788
271710,106668.46809079703
271711,151545.11797350703
271712,151545.11797350703
271713,106668.46809079703
271715,106668.46809079703
271716,151545.11797350703
271717,151545.11797350703
271718,106668.46809079703
271719,106668.46809079703
271721,83584.29238095238
271722,190780.79753801945
271723,83584.29238095238
271770,100426.11144214826
271782,132793.268100464
271783,143166.36495390188
271806,124563.74666077398
271808,117398.5693135119
271816,158197.70001498883
272218,118408.73641141897
272228,150939.74501680673
272235,66203.99621984466
272250,72673.035
272252,121007.03651731602
272253,135012.92994580496
272254,175589.87093012795
272309,177225.283604877
272314,93704.35971621319
272320,177456.0320459793
272333,60745.96393850402
272368,124170.88949529613
272372,128334.27692307693
272381,129267.56789517785
272422,165260.5347151694
272424,118258.32654448584
272445,84027.1777761419
272523,89190.36113004247
272723,147628.14791364194
272729,147628.14791364194
272743,289028.62447041844
272748,235079.95652767055
272750,135597.54275207967
272752,275567.9848949296
272762,281123.7952380952
272763,235079.95652767055
272766,263834.2640236849
272796,118944.68189496812
272801,217567.4356971917
272830,284518.95866666664
272831,216565.73007471245
272832,195801.4637405484
272833,336017.1957857143
272878,269507.24727565097
272880,275567.9848949296
272881,267085.9315587368
272882,218361.21904761906
272883,195801.4637405484
272884,267582.3955556823
272886,216565.73007471245
272887,242330.07287134984
272889,133452.01463536563
272928,118215.82180631958
272954,165094.76393371684
273317,233043.9026705277
273321,649139.0
273325,421368.49225
273326,421837.8772873737
273342,361232.6664270777
273346,361232.6664270777
273351,874147.0992631578
273354,416653.44635352143
273360,269303.81219660956
273374,242330.07287134984
273377,300223.1007150055
273380,624816.0
273584,874147.0992631578
273588,819500.004
273633,862109.8
273634,796569.822
274560,108465.72653705506
274561,120920.33003923652
274572,116596.6013624193
274648,107733.40361932365
274649,140714.78044604382
274657,125132.73814404552
274658,152449.37250436115
274659,157057.1202729198
274660,105833.11835946882
274661,105833.11835946882
274678,142811.237
274679,428561.4692110958
275126,354922.17365945166
284082,283554.4402155628
284087,72307.1469470337
284094,326685.5402981367
284096,114994.89009582272
284131,73523.31171010577
284147,134505.15416786558
284148,162593.79646527147
284154,117000.0
284155,143085.5440952381
284158,163010.64427183726
284159,186878.94775371547
284163,204680.85347109038
284287,78833.11119391643
284292,85917.88469084608
284293,85917.88469084608
284294,85917.88469084608
284304,163842.4585807914
284306,112279.99786420297
284316,112592.21221648775
284320,179688.13754761915
284324,195003.04592307692
284326,183031.6259527981
284327,128284.0
284328,122627.90476190476
284329,107284.60721841094
284356,202207.08899776908
284359,210006.200756381
284360,218254.08922109546
284364,134256.48409101082
284373,142617.95785921358
284374,142617.95785921358
284375,101847.05088398268
284376,143531.91699937967
284380,118007.28074496762
284387,129517.61472094189
284389,129517.61472094189
284390,153737.62742796482
284391,144159.8620325778
284393,96152.17793639643
284397,83886.24424689288
284402,81804.64653032982
284403,62509.14971428572
284417,165544.10061463498
284418,112153.29320401819
284426,98673.0196789667
284427,114426.30288605494
284446,157017.30223992214
284448,120782.83240675992
284449,92129.27601009038
284450,120782.83240675992
284451,157017.30223992214
284452,159956.3531087109
284453,92129.27601009038
284454,120782.83240675992
284455,120782.83240675992
284456,157017.30223992214
284457,159956.3531087109
284459,120782.83240675992
284460,92129.27601009038
284543,154027.79985426116
284544,132951.24191434926
284664,136402.18408144815
284684,136018.43362539992
284686,156178.350490736
284687,223946.49319441817
284689,200000.14204545456
284693,190026.32526009742
284694,190026.32526009742
284695,167210.228169528
284698,233000.2606717159
284708,345579.89428438345
284714,229140.95768032482
284717,239853.6930157879
284718,342550.1066666667
284719,136402.18408144815
284730,216068.33688306416
284731,396925.4603174601
284733,189968.61490242105
284741,274330.58743722946
284924,224470.736504843
284926,237664.79559889276
284931,225952.38351551243
284934,239994.95605148008
284942,237997.02238023645
284944,612779.5481303257
284956,203563.1766915141
285020,442647.0436199505
285027,444613.5924351589
286303,135784.68314285713
286304,129937.42015505244
286598,107468.84064073002
286669,91253.0622864549
286670,101955.0824102257
286673,106518.09280792964
286675,188175.61961297758
286729,105122.98466526628
286755,113094.94776908254
286803,73176.88368835783
286804,73176.88368835783
286805,73176.88368835783
286807,73176.88368835783
286808,73176.88368835783
286809,73176.88368835783
286810,73176.88368835783
286811,73176.88368835783
286909,201269.69784598437
286916,98795.064305229
286924,105654.97731842757
286926,99742.09435363524
286931,229850.28
286932,210169.72
286934,161160.29687220644
286935,200051.09
286936,141913.01347799684
287053,101684.59218047088
287101,149830.3454614907
287102,149830.3454614907
287103,142492.05583969035
287104,149830.3454614907
287105,149830.3454614907
287106,149830.3454614907
287107,123116.28331959681
287128,107504.80256799325
287137,158000.17292468686
287141,103018.90649879636
287188,174048.61327561326
287285,136010.73625822034
287287,100365.64399895343
287292,182533.7168882452
287295,287996.49812204204
287298,254893.12143394182
287299,149849.7206131063
287301,254893.12143394182
287304,254893.12143394182
287307,254893.12143394182
287313,286673.540241621
287420,172951.94
287422,371375.2839853192
287424,262004.73072124898
287431,376236.6258241759
287433,376236.6258241759
287495,266822.4812121674
287506,146899.5959813814
287507,196580.63561638378
287622,185444.3788012726
287623,230006.95843326204
287625,374752.90654048003
287687,412922.01544667553
287692,371316.43809067836
287706,509325.7944444444
287718,400499.20954415883
287719,400499.20954415883
287720,400499.20954415883
287721,250005.76355364855
287722,250005.76355364855
287776,199198.8298685577
287777,374752.90654048003
287833,374831.3082120022
287858,506448.37988470413
287864,525748.0490774353
287896,374831.3082120022
287941,716732.9634920636
293283,68928.28044947858
293297,89874.13323494983
293298,89874.13323494983
293299,209811.62643030018
293300,52262.54807977452
293301,83349.26530393516
293302,112195.22354231788
293304,139504.39543418738
293308,115540.05399541467
293339,161139.1159856893
293342,112153.49987553096
293343,102062.07288653718
293345,114817.83551771456
293346,103427.8823111888
293347,110165.6841052889
293365,160854.20061904765
293366,100081.17948992674
293368,65952.12007857277
293371,87516.98087474122
293372,87516.98087474122
293373,78408.36000178682
293376,79852.36381626142
293389,112175.15644118752
293390,136006.10823074362
293391,90187.09465897968
293399,119684.61942857143
293400,88990.6350659526
293401,246424.85057142857
293405,169467.00754115844
293407,93055.04278078256
293408,104843.9767878788
293409,110526.15875207113
293422,76394.03266666665
293424,107794.4040060739
293433,80134.59866660464
293554,164088.11932709801
293556,143255.13500895692
293557,116499.71970952381
293560,93639.33903572374
293562,94715.64710882597
293565,111297.9176688037
293567,104409.20227881974
293569,129944.38913135245
293586,128411.83333333333
293588,130597.356991104
293589,97999.33210744381
293591,95010.4606839321
293592,128411.83333333333
293629,138977.94446153846
293631,97659.55224866951
293669,99387.83768642668
293671,120298.47777862662
293672,137145.53025485176
293678,70936.79795866238
293684,105546.58306521684
293690,72527.90560714285
293699,88459.24637777777
293713,81177.72342857142
293716,103018.90649879636
293718,134359.0283471843
293719,103018.90649879636
293721,107754.47735948587
293748,62580.09946787009
293750,68512.87613371041
293753,118743.14738253971
293755,141777.02503933027
293756,139638.16737281365
293759,154921.7804970717
293884,169699.00394289973
293889,186087.09699534453
293891,230482.0380350877
293892,159170.9394982767
293893,120236.32535765957
293894,214975.7719768725
293898,318196.1491857143
293902,173998.70033670033
293904,234467.46964760384
293914,165000.04562061434
293943,208168.9035
293944,409618.2414045092
293945,409618.2414045092
293946,285942.4071044277
293948,271671.64575957094
293953,260000.24659956933
293957,141900.67906812488
293967,190694.32249880984
293970,138405.129750939
293972,138065.29850137763
293993,158832.76054945265
293994,126492.69330999604
293998,137343.1456220987
293999,220000.5357142857
294000,120250.51689019876
294012,197454.2774882154
294013,200846.60942857142
294014,228288.12163095243
294024,184085.5580711201
294025,137072.76033949264
294145,266210.4845795167
294146,217794.6808114422
294147,191081.50496077014
294154,325000.0
294169,306184.7541299042
294182,242886.2747857629
294183,323940.99241666665
294186,265048.19412030745
294189,360764.72309009003
294195,419997.2717185861
294197,269020.980952381
294198,231436.72516966602
294212,337716.0310942621
294263,330002.9839378852
294264,328997.3550118434
294266,631147.6309523811
294271,396181.1334998329
294272,492380.4046126171
300754,160136.35744761908
300755,85147.73074767251
300757,160136.35744761908
300758,160136.35744761908
300759,85147.73074767251
300765,193061.99684270011
300803,122756.34538421882
300806,133909.88136420964
300807,450797.26066666667
300809,306671.89111111115
300810,230610.17512820513
300823,171597.9360432317
300830,138301.18698943435
300831,79904.75559798536
301086,108990.47232380955
301114,204460.29960509553
301118,152354.50664707393
301176,97345.14691427465
301203,94533.44476783912
301236,113320.27428594069
301243,114137.45620846006
301342,58443.47973198362
301516,127511.20249302371
301538,134492.86077056278
301546,195972.535961039
301549,117028.62383043738
301618,410107.76186889067
301629,171642.3600405799
301641,219978.5684679237
301647,409065.76186889067
301655,201489.39337133372
301662,255923.16231257629
301700,190661.97785714286
301982,311636.3
302005,238812.6771313131
302018,252618.71359573505
302172,320932.851196756
302965,89496.97410695573
302966,114486.34967803762
302969,72307.1469470337
302970,223952.94503906003
302971,96425.8606155298
302974,89874.13323494983
303024,114994.89009582272
303028,118617.75038333333
303090,84396.23729044409
303136,97884.12882395383
303137,96822.60306446017
303160,73176.88368835783
303218,104560.4145953324
303346,78833.11119391643
303366,206637.53604761898
303367,187370.62904761906
303369,100606.18793284493
303370,72414.3966710674
303372,112279.99786420297
303373,163842.4585807914
303374,96756.0560605059
303375,82877.26752375832
303380,244291.39905215855
303388,112592.21221648775
303390,195003.04592307692
303392,158618.91220612108
303393,128284.0
303396,128411.83333333333
303400,128463.84058887725
303417,106103.40837659732
303453,138476.48957369736
303454,94504.10360952381
303455,93871.48308095685
303457,93871.48308095685
303473,112153.29320401819
303476,152264.55886075122
303511,128882.9963349722
303573,124991.23172074511
303574,135425.06071383
303575,124951.96658684
303599,136402.18408144815
303628,136018.43362539992
303633,170396.52854636626
303638,233000.2606717159
303641,190026.32526009742
303642,190026.32526009742
303643,190026.32526009742
303693,326120.3333333333
303702,136402.18408144815
303707,127337.02061213314
303712,122826.25904588749
303713,128902.9432760799
303732,235108.37687246854
303734,158832.76054945265
303738,233003.40697103835
303847,137006.86892836666
303924,224470.736504843
303980,1116875.008
303981,308847.9652967033
303984,365976.14365079365
303986,332405.4023966367
304008,341571.9062767535
304127,331822.64939913026
304139,274872.7959999999
309497,315799.75024242426
309512,85316.98683402783
309515,119555.46133593637
309517,114032.61714191183
309518,119555.46133593637
309519,179507.084
309520,119555.46133593637
309521,114032.61714191183
309522,119555.46133593637
309523,119555.46133593637
309525,114032.61714191183
309526,119555.46133593637
309527,119555.46133593637
309529,114032.61714191183
309530,114032.61714191183
309531,114032.61714191183
309532,114032.61714191183
309533,119555.46133593637
309538,77971.66209428
309539,114995.42491935212
309540,106140.32612051695
309541,104249.59162962962
309543,94966.36797172467
309545,106775.59415094709
309546,126549.95052698409
309558,109057.50333144351
309559,79039.26206345878
309560,57778.463919413916
309567,89013.3692962269
309571,59472.92315255601
309575,121117.99823255526
309584,78969.91732606752
309587,106308.24644233212
309596,83825.99653015326
309598,96466.42213910534
309599,94447.59185680094
309621,88689.36889743591
309623,108835.35369165151
309625,90536.25559323592
309627,163842.4585807914
309630,163842.4585807914
309631,163842.4585807914
309635,163842.4585807914
309636,163842.4585807914
309638,163842.4585807914
309641,165000.0
309645,128778.55982970606
309647,165000.0
309648,103782.42892175629
309666,161768.78447619049
309670,160169.2166666667
309671,139719.23369523807
309679,102339.84060000023
309680,99316.41306762797
309681,97010.93356932541
309684,89914.25986810493
309685,127736.26659591404
309688,119588.89771432665
309689,145631.0797619612
309691,142492.05583969035
309713,64277.96835599179
309716,145560.3333333333
309717,158000.1795557472
309719,109916.41672962098
309730,113067.50424786325
309734,136690.27149063026
309752,237562.07750738916
309755,181273.3973320013
309756,213694.06341329895
309762,184369.47914088593
309764,185690.20686740984
309767,191448.18757763976
309770,169237.2741305675
309773,199000.0
309775,141623.0220257476
309778,194641.04914285714
309793,219565.54174825177
309794,285942.4071044277
309804,371375.2839853192
309807,333493.2
309809,167347.14436338248
309821,148884.13822930402
309823,171372.25407195228
309824,188331.78966265416
309829,135380.47494704486
309831,182579.0655901348
309833,233003.40697103835
309842,220463.68197373935
309850,158183.67706838547
309857,183980.21888667246
309863,201242.92337974993
309865,342988.9349758803
309873,306184.7541299042
309874,261273.05904626247
309883,404774.7544444445
309888,230001.9997419706
309890,214783.85624207178
309897,365471.3765686275
309906,304895.8014158791
309907,527371.1
311197,125921.48580646311
311200,103088.88004619561
311202,78164.14425923047
311205,128830.89660078447
311247,169362.05899879793
311249,157930.73952380952
311270,284563.97883225104
311271,76124.0312779031
311272,92365.91635728114
311277,83951.0353636266
311279,94758.46078681927
311280,91294.63831715402
311281,132147.5505740465
311284,73176.88368835783
311285,84800.52714285714
311286,77440.2388921443
311308,102600.56562907867
311309,102600.56562907867
311312,94781.70094051053
311313,102600.56562907867
311338,174388.91174349212
311339,186474.65525372248
311354,85582.92821446335
311355,52302.2682578644
311356,198181.61181818182
311501,143255.13500895692
311505,142137.25277881854
311512,79917.97311041437
311521,161160.29687220644
311526,151999.95802394874
311527,111241.08585400923
311533,205003.3888888889
311536,286673.540241621
311539,170638.0655003728
311604,55522.55794054834
311606,129265.351963627
311608,142311.63996287642
311614,98982.18650027213
311618,74592.8024707244
311619,89893.8394703156
311620,131985.67755555557
311621,101317.03843714196
311624,81954.04577904566
311626,67228.1363258154
311631,134068.8024633902
311632,131141.71557850926
311653,133688.86077316018
311655,90079.18060567905
311656,82184.71106518334
311664,109884.36478347024
311669,156569.63331161355
311672,148954.42215683428
311673,156098.35274352727
311676,148954.42215683428
311677,144937.79514667045
311681,118340.06664275244
311684,156050.0912715961
311685,96534.91677911169
311737,78233.62706234638
311740,130023.7704516974
311741,136509.75052380955
311743,104809.53422222222
311744,130071.99774397617
311745,135167.81450552185
311782,88000.21324243683
311783,113383.39543875089
311784,85558.29991963362
311785,154027.79985426116
311944,234190.9
311950,135107.97699675604
311951,160189.59245469238
311956,236429.006483705
311957,236429.006483705
311968,327570.936
311970,178000.07679498833
311972,172316.89538167155
311996,297271.01153846155
312000,144999.3737927119
312003,382070.1184414085
312004,259192.28286293676
312005,175521.84785073771
312012,108903.4561821562
312013,99741.08838529329
312020,243592.0728156456
312026,114809.87412459523
312027,117751.26810600872
312034,105746.76420965523
312051,198998.27857142856
312054,237516.50962703963
312056,121731.21319457292
312057,184101.34154074718
312059,169807.82612616685
312062,145369.92841124008
312063,197200.01144444445
312067,217858.6707358664
312069,200685.21605767717
312071,94815.60666666667
312127,177829.17174148522
312335,214929.85624207178
312337,143109.86812714615
312338,289947.5175712215
312347,199041.94805194804
312362,400630.4378343878
312366,530948.8571428572
312371,477222.4666666666
312376,477222.4666666666
312383,140378.9763343865
312396,195695.76594244383
312400,183608.33098056365
312402,299161.83608478896
312404,299161.83608478896
312419,221755.21538859184
312429,241463.09548937998
312431,241463.09548937998
312433,241463.09548937998
312550,568389.508648031
312551,1327389.7456791576
312557,527191.702
315289,103879.81918968257
315370,115702.71955717896
315371,94997.24720222647
315372,112710.87149377294
315373,187584.1671666667
315375,180543.24054396473
315378,106518.09280792964
315423,74964.48596930379
315426,122544.4930053476
315429,158546.22100030334
315434,73176.88368835783
315442,80593.18875212604
315480,105325.1149045253
315481,80619.17255068786
315482,50591.71014492753
315551,111846.30553980876
315553,101330.19453943046
315554,148757.5232989182
315556,129823.06829189355
315557,101379.68653133523
315567,135026.7151373837
315569,143505.25768811934
315610,272173.56850549445
315619,277267.3455366412
315621,157447.26659974162
315624,422429.845910828
315625,116737.2167505634
315640,117103.7333772434
315642,531996.2880000001
315651,143902.72214233427
315685,236909.18999334
315688,248122.2280392157
315704,96306.57460415491
315801,189971.3717277637
315804,235475.0
315806,300026.2052714873
315807,207913.55394177092
315815,200021.7653846154
315818,169947.6923076923
315821,326351.1413333334
315824,171566.0
315876,211462.46488659095
315906,208210.89798701322
315907,169163.57196161363
315997,473774.1700499501
315999,284192.8505777242
316001,316580.132558618
316006,200000.0
316029,607627.3379365079
316032,407727.4181973511
316116,360000.0
316124,568389.508648031
316129,579968.3176783534
327739,91507.15816776849
327755,113248.86560927019
327757,98531.85514610102
327766,91157.4194745665
327946,88708.98465323298
327952,148128.39001929236
327954,119097.91842691501
327955,94149.38425002024
327957,119397.71068520886
327958,123471.16608183704
327959,118867.76463740993
327966,161123.00784146288
327968,113549.91623655462
327984,136247.3837888744
327987,125365.11613153704
327996,105053.24736208617
327999,105053.24736208617
328000,112868.02606942912
328001,105053.24736208617
328003,73176.88368835783
328022,74378.51091308429
328028,74378.51091308429
328069,102393.86310240558
328071,56035.96384684281
328176,68191.42887261843
328177,142645.1
328182,140411.40524677048
328188,201147.03591941393
328189,146068.70770950976
328190,226794.40904658387
328195,94996.56875
328196,242700.0
328200,139082.08418583963
328240,97336.28126957381
328244,157661.92452450347
328245,135000.0
328248,139849.46823760995
328265,94928.4345372809
328268,118404.02417274156
328270,97117.73751700419
328272,129525.23141852746
328275,148954.42215683428
328554,252000.0
328555,239990.12224108656
328556,184041.23389554504
328560,240000.0
328565,414875.68935714284
328571,265809.0
328575,265004.40001355705
328578,391157.1533070176
328615,264957.22337788605
328616,203914.43780952384
328620,214151.02195801417
328645,136845.1007886448
328648,214248.78129005118
328663,204063.5915324675
328705,202024.79534643615
328851,242506.27996825398
328852,569579.7757013575
328858,384876.1938743267
328875,330761.649941376
328877,582096.3660636942
328883,140501.02161941226
328885,315121.272825788
328886,420003.8685064935
329004,320000.0
330409,103429.14069964501
330439,80222.28595890815
330654,48563.43735714285
330655,63161.511343637205
330656,92164.836274207
330695,137516.42022328105
330696,137516.42022328105
330699,65871.07785411182
330701,141483.76494990545
330703,73476.24298988198
330704,102888.3153604846
330706,86155.3720298059
330708,87084.8524761905
330711,104409.20227881974
330719,101023.6188262263
330720,64468.61111350318
330721,94149.38425002024
330723,70842.94042458052
330727,111105.20546031745
330729,97375.30707456489
330730,77971.873650905
330731,87084.8524761905
330735,77858.62458280053
330736,52262.54807977452
330741,77971.66209428
330742,159580.00188826877
330744,88066.56265571997
330745,106218.24353846154
330751,105434.69204329004
330752,141734.68288212147
330755,110545.81868074945
330821,155161.01065368074
330823,211740.52066666665
330828,138600.19389079284
330829,106668.46809079703
330830,83696.2357142857
330831,104157.61279131947
330840,107685.98626203863
330841,107151.64666666667
330846,117454.40303030303
330847,94445.70570999589
330850,63757.21201271147
330851,63757.21201271147
330857,112899.92342422967
330859,96320.90797224357
330863,109045.3824699209
330864,181561.5357142857
330865,100907.7766837607
330866,100907.7766837607
330867,100907.7766837607
330871,64064.51556382053
330874,95202.53229769299
330875,95202.53229769299
330898,102739.91952135916
330900,79165.37195483613
330908,63908.9065920942
330911,118689.26335318094
330913,110625.83075396827
330914,72881.48021452231
330915,110625.83075396827
330916,72881.48021452231
330917,118689.26335318094
330918,72881.48021452231
330919,104046.64527865882
330922,72881.48021452231
330924,118689.26335318094
330925,110625.83075396827
330926,72881.48021452231
330928,72881.48021452231
330929,136848.50581668344
330956,84371.88461666668
330961,112214.83472222222
330962,103638.74693102457
331145,95198.55714937279
331151,106954.22031328845
331189,80071.33940458822
331190,80071.33940458822
331195,107250.14211268738
331238,128871.3571466215
331242,128871.3571466215
331247,87791.07562725582
331252,136361.06898329145
331253,191637.6350318471
331254,119531.10752380954
331258,132806.67367833204
331259,191637.6350318471
331260,96429.84548610228
331264,126905.84589524606
331266,121743.81337520687
331268,96429.84548610228
331272,114118.0240246307
331276,130946.15584363617
331278,141913.01347799684
331284,69111.662
331286,69111.662
331291,141998.45322981672
331295,69111.662
331297,115000.0
331302,196495.73684210528
331304,142003.59277330362
331305,103995.4166011061
331306,142695.812
331368,128728.75306570243
331370,185059.20285045425
331371,162886.87879625292
331373,139798.36998431495
331374,131784.56134023835
331376,218264.65980158732
331379,137651.65215335428
331380,117469.1921329264
331398,101646.80688424147
331399,94512.36715863223
331416,118251.63260566194
331417,118251.63260566194
331418,118251.63260566194
331419,118251.63260566194
331420,118251.63260566194
331436,130130.6589102564
331437,130130.6589102564
331439,83222.72267716579
331447,94040.56975297851
331450,68405.87605005721
331451,77776.32182193067
331452,82349.39752974693
331454,85765.73289725551
331458,323018.5786666667
331459,170267.49880136532
331460,166046.5559261036
331461,140572.22089364755
331463,101876.72429683067
331466,148376.77635555557
331468,189400.2168384858
331469,140572.22089364755
331473,83631.08353750389
331474,323018.5786666667
331477,104788.96087766792
331479,99259.96528820311
331485,92979.60527953006
331487,142492.05583969035
331490,105717.05223497315
331491,105717.05223497315
331544,150869.56130788178
331545,107858.96257285208
331550,122915.16214141414
331555,155462.97669038773
331556,169443.4198088482
331560,92430.95443043883
331565,109721.33258111379
331568,129761.88710070946
331569,137930.6661616161
331609,106229.2389237596
331610,152531.14500805983
331611,128537.09802328386
331612,158209.80642546862
331617,158209.80642546862
331620,138166.62568551325
331622,130378.68666666668
331623,158209.80642546862
331626,138166.62568551325
331627,194249.07115156917
331628,153946.208
331630,123774.82403381822
331714,98823.21773053093
331716,139320.88267065253
331718,111021.3477235006
331719,127953.98018430488
331722,111021.3477235006
331723,111021.3477235006
331724,107226.84357518797
331725,103216.68863971299
331727,110742.59902791645
331991,145306.45139638966
331992,169699.00394289973
331997,98493.71198709447
332018,184527.95514285713
332021,220472.09333333335
332039,146368.12865139692
332043,170223.4989745469
332044,149069.6222646409
332046,188733.10006879302
332048,169361.1242905202
332049,179230.32580952378
332053,131386.98557860253
332055,147843.70089035173
332056,184041.23389554504
332059,189001.05522760848
332060,139859.58956137675
332061,188797.0154139659
332062,147843.70089035173
332063,147806.25972695334
332072,323666.9110613141
332073,270702.8031026067
332075,214661.24621389192
332079,239853.84748524023
332080,189508.22380952383
332083,236469.242
332084,212442.68619480517
332086,239853.84748524023
332087,192160.05175757574
332097,239853.84748524023
332098,193162.1557594579
332100,200193.0633246753
332101,239853.84748524023
332102,186776.64978483247
332132,455562.33552380954
332133,221708.89033280444
332134,168007.22567701593
332140,165208.73465961585
332141,168007.22567701593
332143,221708.89033280444
332144,294387.7410450816
332151,221708.89033280444
332154,268803.13759370707
332155,165208.73465961585
332166,104087.80360022541
332170,149036.1403669022
332175,331474.5
332179,201014.90652380954
332183,247052.0
332184,211216.08916623378
332185,211216.08916623378
332187,161475.20770046362
332190,149016.66956218038
332191,191408.39587631973
332193,191408.39587631973
332194,192413.80790202247
332196,191408.39587631973
332200,133599.76751079859
332205,127546.124651248
332207,133599.76751079859
332209,283935.5171111111
332224,178382.30114499526
332225,175219.45689515566
332226,239930.83824036428
332231,144479.17017392043
332235,117323.77531125623
332236,161935.06863809522
332237,170416.57615791087
332281,225588.51442712842
332283,248144.3370271907
332284,285911.75915032683
332285,152394.8245318153
332286,287703.3295731523
332288,122194.79647224511
332293,109952.84254916104
332298,219863.43474949434
332299,189968.61490242105
332301,179628.6880252225
332302,154647.55799663125
332303,143654.14698193618
332308,228234.6362729956
332310,171555.213762187
332315,104077.71584409122
332355,172692.0964684237
332357,280604.14027513086
332358,174635.2748918459
332359,291373.06229417195
332360,280604.14027513086
332361,181584.3150625255
332362,280604.14027513086
332363,218901.55360937602
332365,179210.0771666666
332367,173747.51646759495
332369,218901.55360937602
332371,280604.14027513086
332373,174044.70650826796
332374,270893.34860794287
332375,280604.14027513086
332376,222935.6015238095
332378,174044.70650826796
332381,218901.55360937602
332382,280604.14027513086
332421,141719.84120770733
332423,141719.84120770733
332427,141719.84120770733
332434,235897.07
332435,239153.16107558666
332633,252060.1925849425
332638,261971.3958318386
332639,201628.90834701725
332642,236339.61872983677
332648,168327.0505423792
332653,380850.02677056275
332656,309389.53637092735
332660,309389.53637092735
332661,195540.58936767548
332666,371266.1931536977
332670,371266.1931536977
332671,371266.1931536977
332678,338163.26666666666
332688,377119.4484848485
332693,302060.5896636697
332695,306184.7541299042
332697,396082.3180952383
332703,377119.4484848485
332710,315036.15546218486
332727,334223.2181885509
332730,496918.9473333333
332731,172157.18665523813
332732,136425.81605860862
332739,258271.11542347976
332742,330210.12774617795
332744,264709.18012109416
332745,329752.1090909091
332754,208850.93565976515
332755,208850.93565976515
332756,208850.93565976515
332770,188435.39092592592
332771,305115.31014528964
332772,426980.4572176574
332774,161841.2
332777,182107.8467449495
332780,161841.2
332784,198837.97286443727
332786,301052.4502524209
332788,361386.72341502144
332789,361386.72341502144
332790,361386.72341502144
332799,424102.86666666664
332801,424102.86666666664
332806,208271.43482766594
332813,370062.9400578616
332934,277097.9753333333
332938,574710.0
332942,551500.0
332949,235306.8600162997
332951,233539.87093009724
332952,377315.4095238096
332953,377315.4095238096
332955,377315.4095238096
332956,377315.4095238096
332960,637270.1665021644
332961,637270.1665021644
332962,269162.89250583196
332963,269162.89250583196
332965,269162.89250583196
332966,269162.89250583196
332968,269162.89250583196
332970,282741.2857514173
332972,420272.5890735931
332975,171674.79216716188
333031,498939.05430242274
345027,532193.1769230769
345477,80819.41848579382
345479,116774.91926433117
345497,87835.34420452749
345501,88807.45187467863
345502,100809.35183062877
345803,90507.80723281295
345804,94149.38425002024
345806,83852.11732670023
345808,110466.47961904765
345812,157880.17433333333
345813,118867.76463740993
345844,69787.96046828985
345853,94247.83508770617
345856,132648.44995432824
345857,105053.24736208617
345858,105053.24736208617
345859,105053.24736208617
345861,105053.24736208617
345863,73176.88368835783
345876,74378.51091308429
345877,74378.51091308429
345880,119223.42640962709
345881,98850.09133333333
345889,89838.57471428571
345913,83111.37324840763
345914,111413.95757575755
345916,111413.95757575755
345938,56035.96384684281
346100,81997.45273683521
346120,68191.42887261843
346124,142645.1
346125,120585.55822788925
346128,121311.71622788925
346129,170398.55723177732
346131,82105.12075372288
346134,152200.70356578947
346139,94996.56875
346140,146068.70770950976
346142,262269.7548888888
346143,116281.64177462802
346145,115962.57564806766
346149,263439.93812698405
346153,242700.0
346159,219046.00376099691
346203,182306.26331747088
346208,158206.9738809524
346228,115038.58921465624
346229,156291.24107142858
346232,122009.5641190753
346236,101831.9646050969
346237,88303.24818443492
346238,97336.28126957381
346248,135000.0
346249,185235.84393844422
346252,119588.89771432665
346253,119588.89771432665
346257,131508.27995238095
346282,97117.73751700419
346285,118404.02417274156
346288,129525.23141852746
346291,94928.4345372809
346298,125749.93407952803
346334,144705.7613177684
346336,166147.14732302094
346683,168686.2122580783
346686,252000.0
346689,240000.0
346690,184041.23389554504
346694,192682.83756043957
346700,203509.74995749805
346705,265809.0
346708,265004.40001355705
346709,191568.26821171932
346711,356983.72589898994
346712,246507.0678203463
346718,310739.2113650624
346720,132468.04250729448
346747,185363.94285714286
346752,165282.52593826546
346767,319987.95161875157
346769,264957.22337788605
346771,247052.0
346774,189299.66629266558
346776,148457.01262106336
346780,147572.61262106334
346781,130443.06426416861
346786,170416.57615791087
346788,185611.53298364457
346817,308166.4492814108
346827,136845.1007886448
346831,169032.3896766916
346859,245201.75955555556
346861,245201.75955555556
347092,235000.0
347105,386964.6603713202
347132,306184.7541299042
347134,334060.2280608728
347136,511523.0190857999
347137,671744.7200952381
347149,265604.8958461538
347150,258812.8296177506
347154,323577.19694194704
347155,330232.1839826839
347159,140501.02161941226
347164,420003.8685064935
347166,267232.5944285714
347176,382207.64386326406
347321,339991.91450216447
347322,490728.6818181818
347327,343632.4830014714
347329,320000.0
379660,76000.0
379682,94997.24720222647
379683,106518.09280792964
379739,58525.515610278766
379746,73176.88368835783
379747,73176.88368835783
379748,136909.62380314426
379749,136909.62380314426
379893,125995.68926523479
379894,148757.5232989182
379895,101330.19453943046
379896,129823.06829189355
379897,61086.81386904762
379898,74292.97080010142
379900,124106.56
379901,186248.77347474752
379904,143505.25768811934
379905,135026.7151373837
379906,221551.216
379908,95670.65971427545
379909,155225.74621468937
379921,185442.39116649952
379922,122788.34465032678
379936,102031.12256419736
379939,162567.452
379940,101449.80937468648
379946,95511.58700413503
379947,132394.17005605093
379951,177504.9715794621
379961,57205.84232916098
379962,81719.63288233487
379967,106418.50507578172
379968,92098.32037865996
379982,130414.09263503719
379983,150642.4748973011
379985,115354.736
380054,96306.57460415491
380071,189971.3717277637
380072,300026.2052714873
380073,235475.0
380074,207913.55394177092
380077,171566.0
380078,200021.7653846154
380079,169947.6923076923
380080,264498.39326334774
380081,206737.31333333332
380089,315091.69
380095,152206.06895799405
380114,177416.11434026703
380115,194102.45432916627
380116,231867.4571437083
380118,183237.40453726138
380133,184101.34154074718
380135,211462.46488659095
380142,186049.56645887447
380143,196246.55293333333
380147,174215.63728661012
380233,168307.83316683315
380234,208210.89798701322
380267,284192.8505777242
380268,370000.95238095237
380269,249351.4250762387
380286,367955.20971428574
380293,426741.1666666666
380294,371564.2119047619
380296,407727.4181973511
380298,320475.88521764026
380312,317873.77904110245
380315,273189.12322629103
380387,304831.0546666666
380392,568389.508648031
380400,579968.3176783534
380401,329089.2654374514
381171,68928.28044947858
381179,102708.33322209281
381180,52262.54807977452
381195,102062.07288653718
381200,87516.98087474122
381211,94781.70094051053
381213,94781.70094051053
381214,108623.59193559256
381215,94781.70094051053
381216,88990.6350659526
381217,170811.26489061664
381219,108142.54516666666
381358,78984.032422054
381391,94715.64710882597
381392,82740.72216468763
381395,100000.0
381398,195730.23380657058
381440,148002.14702974766
381441,105546.58306521684
381456,156569.63331161355
381458,202436.8517916281
381460,107754.47735948587
381462,103018.90649879636
381463,134359.0283471843
381464,107754.47735948587
381465,144937.79514667045
381466,103018.90649879636
381657,214975.7719768725
381658,153412.6217442689
381664,173998.70033670033
381665,189000.23617897756
381668,187490.8803113812
381669,165000.04562061434
381688,260000.24659956933
381708,220000.5357142857
381709,197200.01144444445
381712,150477.15845855666
381713,217858.6707358664
381841,217794.6808114422
381843,325000.0
381851,258812.8296177506
381863,419997.2717185861
381867,193303.20841776827
381868,304379.7903935913
381869,299161.83608478896
381870,231436.72516966602
381872,299161.83608478896
381873,299161.83608478896
381881,337716.0310942621
381930,330002.9839378852
381931,328997.3550118434
381935,201467.9148587071
405835,85102.20485415484
405845,182971.16054233682
405846,71897.41683605139
405851,97688.66736666668
405852,99809.54623207671
405854,135292.6268820047
405855,71019.79097426176
405858,120604.7322764984
405859,109041.56217564864
405860,85038.87410134477
405861,135703.18775599127
405862,142612.47573788176
405863,199303.05070833332
405865,276598.16790187586
405866,129997.75208144796
405867,134324.90288396852
405870,136664.11740499258
405886,164245.77477287178
405887,254720.3086326682
405892,146688.27925718413
405893,246535.73666666666
405894,117573.55642268731
405919,110255.69920074697
405921,118617.27772976039
405922,86530.17827903753
405924,155512.1264042972
405926,193003.2298063694
405928,62607.41291918542
405929,83351.78961477721
405930,137758.2100457465
405936,144250.7022825729
405937,95465.07556456595
405940,90766.81259834586
405941,185338.40915028477
405945,77440.2388921443
405946,77440.2388921443
405947,179447.8733637099
405968,114773.33353748654
405973,139485.54488012867
405976,91316.70880102109
405977,94137.96131559896
405978,116825.47846332015
405979,134194.32365401692
405989,82608.22286640664
405990,92504.2968207235
405995,97910.45843279436
405996,219546.0680933102
406009,87817.22929846625
406016,137758.2100457465
406017,93672.7431327399
406178,120177.83434459408
406191,164088.11932709801
406193,124182.76718783582
406198,179078.57162909216
406201,81500.66897909384
406207,127424.49897592994
406209,146909.7105876978
406218,206893.83874281668
406219,118747.85573223443
406231,130018.3743108674
406232,90792.31601161008
406234,210154.10447330453
406253,167587.1526666667
406255,109408.616
406257,115924.67361677211
406258,97964.84961581064
406259,97964.84961581064
406271,99316.41306762797
406277,350613.7527878788
406279,164642.69274114628
406280,108452.62533850128
406285,97336.28126957381
406287,171759.02737279385
406288,130005.29956782419
406290,96239.36000637252
406291,88929.34713821099
406293,156601.1619952574
406296,141906.77128205128
406304,74548.7239247419
406327,59198.61142857144
406328,64220.313428571426
406330,157199.1482111196
406332,106418.50507578172
406334,84605.67899463157
406335,116611.20837787642
406337,96183.61167892383
406339,109916.41672962098
406342,103018.90649879636
406343,121454.04813292786
406346,92980.22331660619
406347,161204.0823790654
406381,132478.1937314258
406382,189102.07333333333
406383,163630.95638892715
406385,100809.28810358592
406387,88017.35446815913
406388,128832.92299394091
406389,126743.80661904762
406390,154691.47396747905
406391,138166.62568551325
406432,109002.0974851235
406552,125872.18400686201
406568,285946.6173389063
406579,140857.93543767885
406584,205452.09393727014
406586,264679.84326334775
406587,206182.5778238788
406588,160847.27924755338
406613,309497.3843162814
406614,275685.6281127654
406616,354623.5734458875
406618,178096.5065303696
406641,208750.87898787876
406644,197889.1574920635
406646,120125.3622552875
406648,138405.129750939
406652,158420.46503258627
406659,327979.0950962124
406685,168556.77063161938
406686,205360.75564597943
406687,189755.7760559028
406718,250897.78480334583
406719,218905.67855462185
406721,193696.25088831165
406928,264866.2608145022
406932,172627.88144745398
406933,198021.78092752153
406934,283019.2010169159
406935,285164.32699206617
406936,314844.0
406937,183980.21888667246
406939,216264.88961542462
406942,229961.15972890132
406947,225338.41997890483
406948,200692.48536622964
406949,336048.8015897546
406951,807790.6287309524
406952,617792.9243912009
406953,199000.0
406954,225338.93902380948
406955,269181.9234069264
406961,195657.8719198694
406964,426808.00511111104
406968,254864.7002857143
406974,497521.13969391386
406976,357633.5479391281
406977,369524.5540385061
406984,393488.2932493658
406990,185170.19433923537
406998,1049314.3267936506
407013,265444.9246260348
407030,285286.74486907496
407032,230007.59482568724
407102,441596.3923076923
407104,651089.0571428571
407145,861039.0513428571
413239,125315.40878370064
413240,125315.40878370064
413241,137401.36834385968
413242,114486.34967803762
413243,89496.97410695573
413244,72307.1469470337
413245,89874.13323494983
413249,91813.72601731603
413251,114994.89009582272
413260,135145.51468205004
413263,145322.9996539801
413273,79404.30771974522
413274,134880.73983784692
413275,73176.88368835783
413283,63817.87371140821
413284,117000.0
413525,78833.11119391643
413537,105869.68297994879
413538,142238.8200245014
413540,163842.4585807914
413542,96756.0560605059
413543,112279.99786420297
413544,72414.3966710674
413547,101945.88376670549
413548,129944.38913135245
413551,195003.04592307692
413553,114475.65496229634
413557,128411.83333333333
413561,128284.0
413563,121583.74139605438
413567,113870.8275047619
413598,116034.31731052761
413603,93871.48308095685
413604,93871.48308095685
413606,118007.28074496762
413615,112153.29320401819
413623,102410.41858719772
413626,161204.0823790654
413637,158209.80642546862
413822,150850.25444940623
413830,123805.79999999999
413833,136018.43362539992
413835,190026.32526009742
413838,223946.49319441817
413839,233000.2606717159
413846,190026.32526009742
413849,254438.37824239416
413868,191129.96257142854
413869,136402.18408144815
413871,148634.65727145429
413872,102153.0047204612
413874,235336.94799037915
413878,276742.407173512
413882,158832.76054945265
413883,158832.76054945265
413884,158832.76054945265
413886,156932.8208627413
413890,233003.40697103835
413901,174635.2748918459
413904,218901.55360937602
414015,224470.736504843
414022,258843.03397047395
414025,304895.8014158791
414028,294572.2350546762
414034,167842.15435941768
414036,330783.8912376651
414037,369069.2497969612
414038,254859.23999056284
414039,275877.49571428576
414103,332758.6403172859
414116,779340.8863571427
417626,657057.5567272726
418015,97205.62468332327
418017,424745.1814095442
418019,107098.33434515691
418024,191076.73949914123
418025,242454.13733333335
418026,175647.820275178
418028,97857.79504401723
418031,160136.35744761908
418033,109160.67144674463
418034,101977.96173069086
418036,128489.8878562848
418076,219713.30194989382
418077,273637.1713222222
418079,156612.4308600197
418080,242489.41798528653
418081,352518.55430691
418082,171446.20121329665
418084,119278.239295475
418086,197006.3193119539
418090,185388.9303580195
418091,241606.58009523808
418146,99320.52344484552
418150,94944.85499021687
418153,85555.7720164623
418155,67296.97269080409
418157,77440.2388921443
418168,182862.37106340716
418169,68412.45947317389
418193,103265.19654963758
418233,183978.06950565407
418234,85715.99099339238
418434,134289.2126832878
418446,117994.04731746025
418450,146468.2129523809
418456,88907.55767781331
418457,123047.13730982714
418463,179688.13754761915
418470,167577.50704761903
418473,125296.11522742767
418531,210006.200756381
418533,218254.08922109546
418536,185981.73280328794
418539,89893.8394703156
418549,71095.62222269336
418555,184838.0058063071
418556,105710.436
418561,142617.95785921358
418565,90411.38037948834
418567,98698.75247051848
418573,57635.303740719464
418574,108798.94868263807
418577,74383.22145894938
418578,80456.0908479021
418600,90220.4484047619
418602,93716.86208874462
418603,94522.04401881387
418605,122809.82695449448
418606,129884.42142149988
418607,158630.8268478188
418609,144331.71120509141
418610,113060.57722666347
418611,175315.5222929936
418612,74450.12276190477
418654,124193.52340708186
418729,85773.53484783699
418730,154027.79985426116
418732,87325.79306933591
418897,197721.0723809524
418898,223199.26596633467
418900,137957.12617858095
418901,202406.96970738476
418906,314559.19573402824
418910,214996.13433844192
418912,214996.13433844192
418914,160593.71471291335
418915,200000.14204545456
418917,257875.95244444444
418918,226436.45558622657
418920,173171.1467178596
418923,223946.49319441817
418928,132844.69786211968
418954,254720.22548285784
418972,388972.28980952385
418974,247390.3208572825
418975,449468.21819108276
418976,195029.2290552868
418978,393625.51999949565
418979,233401.32266666665
418980,239853.6930157879
418985,153159.79776562925
418990,418844.4867388535
419001,240005.08521739132
419002,168765.98614982184
419006,153314.45360286758
419008,248003.16666666666
419009,223473.07907754145
419011,235500.0
419041,160007.7347058034
419042,224379.02442002448
419072,126212.71715437798
419073,124405.04691663463
419076,222767.0487681306
419077,214151.02195801417
419251,266210.4845795167
419257,358764.77111082576
419258,358764.77111082576
419265,649251.9047619047
419270,324994.2647579365
419281,168950.81991919188
419291,227443.904
419296,417914.9121150869
419297,167805.61588165318
419298,155474.83346374612
419396,1478740.04
442636,154019.22414505496
442638,88420.81992087475
442639,140242.70867844918
442646,98099.77602849927
442647,112517.88497134355
442650,174786.99585281388
442653,300152.20654255024
442669,155158.61233333332
442671,166631.88039318298
442672,84242.58285714287
442673,99080.07499872468
442674,222974.13814452797
442685,218825.63696102457
442686,304914.06092857145
442691,150818.71919862178
442702,133291.45682104275
442706,129250.91868483336
442810,92365.13426892355
442813,134951.29614574014
442826,219538.9981720969
442827,148008.72117208055
443085,111961.42752776378
467469,251864.15383516488
467473,257565.79427100974
467505,293864.4530569106
467512,85715.99099339238
467514,143405.94405602242
467516,87365.6
467562,112160.08971896747
467689,101016.21855441309
467690,105734.57490975056
467695,96756.0560605059
467696,230000.66666666666
467698,135764.5831474381
467707,230000.66666666666
467801,214616.2974635364
467803,87995.1300201125
467806,140493.18560996326
467820,78545.67183756737
467821,124558.30807697
467822,98828.09177609276
467875,215861.23611666664
467931,85558.29991963362
468041,281188.13157347386
468042,273890.93437593454
468044,131386.98557860253
468045,281010.4041269841
468046,152974.30980392158
468055,183505.72854642873
468056,165000.04562061434
468058,315255.8350823529
468059,208439.26426152134
468063,250571.326
468102,178333.79307621633
468104,292210.047965368
468110,258353.1672312602
468111,139262.82272076685
468112,196182.26682263595
468113,196182.26682263595
468115,196182.26682263595
468117,196182.26682263595
468132,158337.2503731896
468134,135581.97037088458
468222,137860.4231843598
468227,169163.57196161363
468429,292167.32614379085
468430,332244.8333333334
468431,332244.8333333334
468432,333512.5995247471
468439,367828.1785
468440,598436.5115285714
468441,379297.1677594297
468442,380277.0
468444,225338.41997890483
468472,429293.73333333334
468474,362335.59881953296
468482,349941.57587402564
471390,71589.65788680619
471391,83967.31653262694
471394,66162.22
471416,222397.77783333333
471423,112316.6354044314
471424,80074.15518170425
471450,111401.68797497624
474470,118584.53558201245
474491,95589.96217862514
474943,193168.20349784888
474948,155965.16354504906
474950,171204.40000171456
474954,114688.29109116463
474994,92823.97584719936
474995,85220.21737724182
475009,70301.98781867257
475013,99533.78902183316
475014,129255.53508409626
475015,54227.658023844524
475028,76874.47159206594
475030,128241.5557625397
475191,114486.34967803762
475192,72307.1469470337
475193,89496.97410695573
475196,114994.89009582272
475202,73176.88368835783
475205,104748.23186853348
475207,79960.33473285283
475208,104748.23186853348
475209,117000.0
475210,104748.23186853348
475745,115402.99445222534
475782,98982.18650027213
475797,93040.40046375575
475846,82174.97255068786
475856,149328.95463089514
475858,72414.3966710674
475862,163842.4585807914
475863,112279.99786420297
475864,96756.0560605059
475865,114035.49157459584
475867,129264.33007699707
475870,117522.47827221641
475871,101158.05018916466
475873,101158.05018916466
475875,114602.47053687894
475877,120561.33928049728
475880,128284.0
475881,92423.58272313797
475888,101158.05018916466
475896,184838.0058063071
475897,116857.92641122441
475898,118007.28074496762
475912,101885.9077805372
475914,115690.6823601104
475915,114704.37909393938
475916,109188.10223809523
475920,109118.90292481358
475923,154691.47396747905
476113,177269.6314875634
476281,255758.720504884
476332,137752.17424649352
476333,161626.75775470628
476335,156680.82638951292
476339,251523.83431814678
476341,367146.46133742784
476342,318710.13348537456
476343,190026.32526009742
476344,394579.3342748016
476346,190026.32526009742
476347,190026.32526009742
476349,233000.2606717159
476351,156178.350490736
476356,291921.64140899054
476357,223946.49319441817
476378,138388.8016100308
476379,140970.44670905947
476381,189968.61490242105
476389,219957.9076923977
476391,202964.77583747104
476739,224470.736504843
476744,595842.3333333334
476746,467239.8958614719
476753,356255.4971111111
476960,855431.733869281
477981,89759.12122386148
477984,89874.13323494983
477986,79007.05457687474
477993,89009.40927248224
478001,106140.32612051695
478048,77440.2388921443
478049,77440.2388921443
478058,80034.8983645364
478060,86881.19608369014
478081,76000.0
478145,90577.02179946168
478151,101992.24864494962
478169,170398.55723177732
478172,109308.65725829726
478176,103716.83333608722
478180,92425.68739302189
478183,129944.38913135245
478190,182581.45627329304
478261,96102.61157874278
478265,123722.78524652818
478266,96645.55135130728
478269,94284.75725063185
478280,107504.80256799325
478288,102801.85279491112
478289,118404.02417274156
478291,101016.94582714037
478448,196946.42637681027
478450,185629.05881393194
478460,184582.96025019386
478521,185145.7039038947
478524,118518.75422262675
478529,181747.98742675153
478531,214867.763497367
478539,185145.7039038947
478542,158832.76054945265
478543,245899.01452926354
478544,134983.11086244602
478545,159962.63617652355
478547,129551.20965973598
478653,199133.86920905192
478683,270029.9041686685
478690,334494.90618224844
478699,182290.11413232164
490871,88353.65006828954
490875,93983.54087974726
490881,120182.14333333331
490882,122083.95193801227
490883,119097.91842691501
490884,83852.11732670023
490885,94149.38425002024
490889,91813.72601731603
490892,118867.76463740993
490920,121788.42845716455
490922,105053.24736208617
490924,352530.5171111112
490925,105053.24736208617
490929,73176.88368835783
490937,74378.51091308429
490947,74378.51091308429
490948,119223.42640962709
490953,67645.56997219112
490961,93645.6090166003
490962,56035.96384684281
490963,87357.97992946551
491006,170398.55723177732
491007,68191.42887261843
491011,142645.1
491017,94996.56875
491018,146068.70770950976
491020,131349.48590786319
491021,139082.08418583963
491023,129516.53455988456
491025,242700.0
491050,97336.28126957381
491056,122017.47170540843
491058,115979.40225236167
491061,118404.02417274156
491063,94928.4345372809
491066,153523.62154776967
491069,148954.42215683428
491071,97117.73751700419
491072,129525.23141852746
491073,86805.6150644188
491088,82174.97255068786
491089,130218.4335658744
491145,240000.0
491148,239990.12224108656
491153,200193.0633246753
491155,265004.40001355705
491158,160593.71471291335
491160,193162.1557594579
491181,258588.22802088794
491182,149461.17905446273
491185,261962.60717363612
491187,170416.57615791087
491191,217432.77308575035
491193,214248.78129005118
491195,139926.44070156288
491196,169032.3896766916
491216,203936.198
491217,229542.73835049398
491297,235000.0
491298,455367.5277777778
491301,804872.5
491302,384876.1938743267
491307,259379.16856812278
491316,499952.06787075807
491317,140501.02161941226
491318,314643.4690435244
491319,420003.8685064935
491320,507954.1353333333
491361,989506.6666666666
493949,106518.09280792964
493954,94997.24720222647
493971,98225.86437741428
493993,73176.88368835783
493995,73176.88368835783
494237,129823.06829189355
494239,148757.5232989182
494243,197831.27714285714
494244,95670.65971427545
494245,110517.64938090382
494249,135026.7151373837
494251,110087.22976190477
494256,81841.9026857143
494336,143902.72214233427
494341,106418.50507578172
494342,156098.35274352727
494343,103018.90649879636
494393,78934.76885459543
494449,98440.58400610818
494455,96306.57460415491
494589,235475.0
494590,189971.3717277637
494592,130330.44795333194
494595,300026.2052714873
494596,207913.55394177092
494601,171566.0
494604,264498.39326334774
494605,181894.59999999998
494606,185023.57990476195
494608,200021.7653846154
494626,88778.78280583896
494669,211462.46488659095
494671,184101.34154074718
494751,208210.89798701322
494753,169163.57196161363
494897,200000.0
494901,316580.132558618
494911,339757.7053333333
494917,407727.4181973511
495052,360000.0
495057,568389.508648031
495059,579968.3176783534
515660,121214.82706722077
515661,153283.75309250833
515662,180359.26063269642
515667,137802.19739100878
515690,179682.33959956237
515696,110781.94929622948
515713,274993.4891722022
515718,125229.9551984127
515757,223043.21125541127
515857,548535.7563270064
516158,116522.07199999999
516159,116524.59199999999
516160,113279.972456353
516161,109396.07672301968
516162,133301.46063481807
516163,56002.15670398567
516164,52262.54807977452
516170,94149.38425002024
516171,96996.06850955413
516177,107673.33633196869
516187,121013.85466666667
516188,71715.63898332031
516189,117285.95910718465
516190,131761.75106577048
516194,61851.369229378164
516195,85715.99099339238
516196,70587.01669845027
516199,87365.6
516201,79007.8480435414
516202,344092.57355147606
516267,96756.0560605059
516270,123951.17920962974
516271,119942.77873345761
516272,115142.6952523456
516277,230000.66666666666
516285,141998.45322981672
516286,230000.66666666666
516289,106028.86308514616
516290,115000.0
516297,243235.36714935064
516298,130749.51
516308,196495.73684210528
516312,150332.19471044812
516313,142003.59277330362
516320,161146.00714734613
516321,77440.1865323565
516335,87995.1300201125
516344,89643.89846875648
516345,142492.05583969035
516352,98828.09177609276
516355,129761.88710070946
516356,124558.30807697
516358,78545.67183756737
516364,97996.3060109919
516365,113033.44667708995
516366,117379.15604950223
516371,89269.81707032734
516372,85138.39354235807
516373,110742.59902791645
516405,192413.80790202247
516407,169699.00394289973
516426,138296.75601333284
516427,147806.25972695334
516428,152974.30980392158
516429,202406.96970738476
516430,131386.98557860253
516431,131386.98557860253
516434,169361.1242905202
516436,184041.23389554504
516442,264490.4361363636
516444,183505.72854642873
516456,208439.26426152134
516457,326800.1163036309
516458,208439.26426152134
516469,271475.2210387769
516471,139262.82272076685
516472,192413.80790202247
516473,164565.7878615009
516474,228982.27561439594
516477,185464.40666666668
516478,171651.43741278493
516481,155066.8187365816
516484,135581.97037088458
516486,114947.76450233893
516491,154647.55799663125
516492,158337.2503731896
516493,109952.84254916104
516496,189968.61490242105
516502,236709.73766666665
516506,208210.89798701322
516507,137860.4231843598
516508,144062.6934934355
516509,235897.07
516564,261971.3958318386
516572,195540.58936767548
516573,256344.8334462888
516576,379297.1677594297
516581,225338.41997890483
516588,421751.270968254
516589,499678.0
516590,347173.8135119048
516592,424371.5064952381
516597,279814.5858638044
516598,665396.0
516600,295640.70518916176
516601,405675.1045060359
516602,439049.90763057326
516603,439205.87921848736
516607,198837.97286443727
516609,349941.57587402564
516610,384283.1042690519
516611,251094.75150973262
516615,370062.9400578616
516659,1012512.3051428573
516660,1117649.0
524743,382898.5060620213
524744,797539.8006352538
524748,161760.49664136017
524749,185684.6180952381
524751,242494.83866666668
524756,89874.13323494983
524757,124528.63487350433
524758,124972.91064516129
524759,68767.53710458762
524760,89874.13323494983
524761,94145.32437582075
524762,124528.63487350433
524766,89961.68338361112
524767,205937.41315686278
524781,181174.40081691009
524782,194536.12976595416
524785,67989.66780762238
524786,149548.27979909425
524787,115735.76601033335
524847,84059.13007251782
524851,126741.21916116256
524852,101109.97410317458
524853,99464.7281780568
524858,400384.6958323269
524872,183993.8375238095
524874,183301.237365401
524878,98538.13462589995
524879,102600.56562907867
524880,106850.285289048
524882,137761.58264508384
524883,354570.47511457023
524884,196014.00849525988
524889,137364.20805568702
524891,169935.8815559616
524893,201431.57814942923
524894,147837.57729251677
524895,192521.8711368151
524896,101361.23202252263
524898,209894.59479589653
524900,79300.53921777375
524901,258731.156
524904,130552.7592953925
524910,110263.05400488296
524912,180808.8816952648
525089,101992.24864494962
525092,97641.01426923077
525099,135110.86801242235
525100,122842.0062547735
525101,124722.83533333334
525102,135110.86801242235
525104,127525.99173782651
525109,149053.42309304932
525113,101945.88376670549
525117,128411.83333333333
525121,188411.5553414436
525123,128411.83333333333
525124,146068.70770950976
525125,176258.0997772627
525126,120745.13357731409
525127,121922.0338235294
525158,49788.23818181819
525164,153109.7494401157
525170,57164.54352958153
525172,122620.83577387972
525175,95420.6571728112
525177,110324.90867904712
525178,92232.91347406527
525179,142328.30413551134
525181,107434.8876394297
525182,91100.95285201933
525197,118404.02417274156
525198,79268.94443137317
525201,84103.49749318052
525219,154691.47396747905
525380,354880.29333333333
525383,196946.42637681027
525384,184497.47914088593
525390,228374.97230629448
525394,279999.3002523713
525413,370087.08823383774
525421,208750.87898787876
525423,336160.3333333333
525424,243663.16704761903
525427,185997.18738703532
525433,235009.046
525443,267787.55647619045
525455,117263.6278439661
525479,137072.76033949264
525655,465162.3
525656,455029.1495359418
525658,255757.57614662885
525667,322121.3333333333
525673,824495.1052631579
525680,235232.03409701254
525682,457623.4785714287
525685,248566.4327449464
525688,662170.4666666668
525689,232436.1680744012
525690,172328.21008237274
525691,364403.79183276265
525696,365724.6574314574
525697,244369.9809598566
525698,220695.0413360367
525700,184039.26206666185
525711,165583.29077792118
539753,103432.54028525978
539777,105891.62293863378
539778,103429.14069964501
539779,131264.27841348664
539953,88034.0785130425
539954,103543.04365249793
539955,164950.95060858526
539956,164848.47441810908
539957,164950.95060858526
539961,164950.95060858526
539962,164950.95060858526
539963,83217.82104761904
539964,83217.82104761904
539965,108197.9105017593
539966,108197.9105017593
539967,108197.9105017593
539968,108197.9105017593
539969,108197.9105017593
539971,150972.84653341354
539972,150972.84653341354
539973,150972.84653341354
539974,150972.84653341354
540081,121047.0139654737
540090,64483.05402747662
540110,125088.89662718002
540254,283092.4206406927
541463,102163.00036556991
541599,148328.5923528419
541853,107440.71968516834
541877,120108.06544112017
541878,120108.06544112017
541879,120108.06544112017
541880,120108.06544112017
541885,169275.92746399756
541886,169275.92746399756
542909,179987.86126397413
543093,293282.17838095233
543710,233031.2255903809
544210,192388.54334848488
544215,227223.32423762348
544327,489357.5959269488
558074,101316.37926134869
558075,101697.61990518715
558077,73102.00239585563
558083,73102.00239585563
558085,126266.08934485898
558086,117790.25817516935
558087,126266.08934485898
558090,140659.4438791358
558091,102117.09305164909
558093,109635.54887339227
558094,142687.65274453026
558095,175688.76710866365
558098,127772.43261538459
558099,102117.09305164909
558100,153539.29065873017
558101,108360.04518802279
558103,106518.09280792964
558104,277427.20352380956
558105,109472.1717399298
558106,105256.18391864143
558108,106530.22661712946
558110,186179.2539195993
558111,116536.61950581957
558112,157491.81685714287
558113,135584.176
558114,110153.19678497585
558115,370841.8712
558118,108448.97216221003
558119,108360.04518802279
558121,153421.72780952379
558127,114752.53914285715
558129,100099.97867576093
558130,114752.53914285715
558131,106902.48241544346
558134,114752.53914285715
558136,106902.48241544346
558137,106902.48241544346
558140,103787.49774552675
558148,183496.46868794502
558152,89202.83224855585
558153,183760.668687945
558156,124882.28044390066
558157,124882.28044390066
558158,186146.68666495653
558159,124882.28044390066
558161,186146.68666495653
558165,101792.07039682541
558166,117697.30476623375
558167,130458.02657040836
558168,173711.0045920534
558172,170919.5388539582
558173,104505.49977943403
558174,101792.07039682541
558175,217398.56158689712
558177,114383.02995060138
558178,140986.63823407816
558179,128561.06174725338
558180,109424.41925006462
558182,83660.41603143384
558183,146280.7808719412
558184,108558.98275794137
558185,107346.60709352934
558187,99272.87311572804
558188,127356.77461387565
558190,128561.06174725338
558191,83660.41603143384
558194,96953.48603508771
558195,140152.79799059752
558197,72465.4968858847
558199,123113.37883776931
558200,98821.15085579999
558201,124474.3126610823
558202,112457.37608418716
558203,82289.51157817853
558204,132238.87167904055
558206,60634.3739377661
558212,70422.4373093746
558213,70129.64735307702
558216,73176.88368835783
558217,73176.88368835783
558219,73176.88368835783
558221,80687.67443668978
558223,73176.88368835783
558225,73176.88368835783
558229,76088.10156420436
558237,154202.91633140267
558238,129947.72096231775
558244,183127.5044598727
558245,149691.06085714287
558246,120383.72321323187
558258,109372.03505240944
558260,107914.72390238092
558261,161889.50560241446
558315,151475.63539490823
558319,98795.064305229
558324,213976.0123457929
558326,213976.0123457929
558327,196469.6202152014
558328,213976.0123457929
558329,213976.0123457929
558332,182644.46600000004
558334,141913.01347799684
558336,117747.16246204622
558341,210169.72
558342,128283.6
558345,200051.09
558351,154591.47488576078
558361,209691.36580512818
558362,265507.6814
558363,192588.32040764333
558366,88303.24818443492
558367,177856.2840211408
558368,198470.50979934187
558369,196155.06650862066
558370,190431.14582590232
558371,196856.9896378578
558372,200401.72004398558
558373,197329.9711151819
558375,199304.5336985138
558376,146010.09081349475
558377,199787.17809271818
558379,217844.64538843508
558380,199787.17809271818
558381,191168.4275872308
558382,197746.54012494916
558383,197951.5474051697
558384,160145.4601013817
558389,149830.3454614907
558390,149830.3454614907
558391,128540.46040434172
558392,123116.28331959681
558393,149830.3454614907
558395,190857.50467243866
558396,149830.3454614907
558404,267203.54701754387
558405,188134.88885897436
558412,155735.02812514783
558413,103018.90649879636
558415,152759.14265928924
558417,184077.2112410816
558419,134576.9185157908
558420,184077.2112410816
558423,158000.17292468686
558482,110342.16771144739
558487,94811.99433603443
558575,149215.10197687455
558579,265505.98757806636
558580,264103.3389097777
558582,265128.5249490832
558586,149849.7206131063
558587,437026.51730100566
558588,254893.12143394182
558589,287996.49812204204
558590,350777.7776666666
558592,254893.12143394182
558596,287996.49812204204
558598,254893.12143394182
558599,217617.89161556063
558600,254893.12143394182
558601,185000.0
558602,254893.12143394182
558612,306572.1253573604
558616,588009.9581954888
558618,228685.72220050785
558619,280675.9975096459
558621,210332.9828878503
558623,256384.87847068717
558624,252656.02473612927
558626,252656.02473612927
558627,375745.53288574005
558628,283282.68638470024
558642,329326.0500415449
558643,329326.0500415449
558645,329326.0500415449
558646,329326.0500415449
558744,374752.90654048003
558745,185444.3788012726
558746,230006.95843326204
558749,323797.99757142854
558752,306184.7541299042
558757,358223.3315238095
558758,250005.76355364855
558759,250005.76355364855
558767,229012.0073232323
558769,293358.6606780813
558771,374752.90654048003
558811,374831.3082120022
558813,375041.1674870837
568428,201770.65638315934
568488,113205.98906369426
568493,107540.56115048708
568513,125988.88915994533
568514,102291.02353332481
568678,344569.137
568737,185384.7533439304
569283,101534.81314954758
569291,116965.27365388542
569296,440529.836
569297,229615.50003312633
569577,154854.98170894556
569590,56027.590969696976
569721,95323.95781447118
569782,160256.55775256414
569784,78674.00956809406
570328,73863.9356541511
570329,83036.4574380478
570331,71019.79097426176
570337,142612.47573788176
570339,142612.47573788176
570340,123813.55767785644
570343,102062.07288653718
570345,150738.74827158835
570347,135385.74135820454
570349,104328.09199356585
570350,150738.74827158835
570351,150031.61330383222
570354,126649.9777777778
570356,144246.98910737838
570358,155099.20941800208
570359,146345.5724208709
570360,150738.74827158835
570361,146345.5724208709
570362,150031.61330383222
570363,150031.61330383222
570364,150031.61330383222
570365,82251.20330393608
570366,82251.20330393608
570368,82251.20330393608
570370,77440.2388921443
570373,155099.20941800208
570374,155099.20941800208
570375,149502.78736943097
570376,149502.78736943097
570377,149502.78736943097
570378,155099.20941800208
570380,145342.4781319932
570382,149502.78736943097
570404,115251.04905982902
570406,181292.0780759823
570408,89073.00646283082
570414,98007.87148124781
570415,122000.66542072098
570417,130018.3743108674
570419,90792.31601161008
570427,124631.95848133179
570429,97964.84961581064
570437,100782.11516573731
570439,100782.11516573731
570440,100782.11516573731
570450,194995.16494444918
570458,129433.73686109539
570459,106418.50507578172
570461,116611.20837787642
570462,100735.9956247393
570464,158630.8268478188
570466,106418.50507578172
570468,121454.04813292786
570473,129760.3455906477
570497,140857.93543767885
570500,199474.0087906676
570504,264679.84326334775
570506,206182.5778238788
570507,205452.09393727014
570509,160847.27924755338
570519,158420.46503258627
570520,227947.58071758252
570523,268870.3958095238
570528,168556.77063161938
570537,243632.2656143931
570538,182487.17731317025
570555,172627.88144745398
570556,224470.736504843
570557,283019.2010169159
570561,183980.21888667246
570562,198021.78092752153
570563,285164.32699206617
570569,199000.0
570573,504311.9722222222
570578,295222.29686197994
570585,230007.59482568724
570586,285286.74486907496
570594,441596.3923076923
570596,466297.7714285715
570598,461280.86204761907
593356,129914.1212171793
593382,92062.72732633016
593448,424932.0333333334
593531,334765.6142979402
593551,134243.51536879074
593561,192702.25655458577
593615,1648664.2788333332
594359,83957.11946618199
594365,118956.45145865066
594367,175614.7313333333
594402,132962.4121076186
594574,125882.76247846893
594609,286818.0443121247
594610,250377.8847577387
594613,288572.68618786294
594628,74169.44887564474
594631,115139.6398568782
595047,343384.860425876
595289,139314.52983529549
595420,49581.4
595423,103088.88004619561
595425,89874.13323494983
595442,106140.32612051695
595448,76124.0312779031
595450,103033.39462365082
595451,96320.90797224357
595452,83746.66738358226
595453,73176.88368835783
595455,77440.2388921443
595456,77440.2388921443
595458,77440.2388921443
595461,94781.70094051053
595462,94781.70094051053
595465,102600.56562907867
595466,91908.34804509292
595468,94781.70094051053
595470,102600.56562907867
595471,94781.70094051053
595475,102600.56562907867
595477,55723.73596218872
595478,95000.0
595482,76000.0
595488,52302.2682578644
595523,90577.02179946168
595535,90905.4223860477
595537,79917.97311041437
595540,118728.5406662486
595541,109995.76035164835
595542,142137.25277881854
595543,170398.55723177732
595546,88699.70493569711
595547,104320.45414521087
595548,103716.83333608722
595549,101945.88376670549
595552,133853.5544864469
595557,94996.9157421329
595560,179471.4046666667
595565,161160.29687220644
595582,182581.45627329304
595591,168194.83330218054
595598,96102.61157874278
595600,104991.57663835226
595620,105897.59510720272
595626,148954.42215683428
595628,156569.63331161355
595633,101016.94582714037
595635,118404.02417274156
595636,156050.0912715961
595638,102801.85279491112
595641,108377.62263960828
595643,148954.42215683428
595644,148954.42215683428
595647,107754.47735948587
595648,112867.74144829763
595658,85558.29991963362
595660,113383.39543875089
595685,139842.84948532347
595688,196946.42637681027
595689,185629.05881393194
595695,184582.96025019386
595696,178000.07679498833
595697,264495.4688888889
595698,183935.946350475
595700,249869.0
595703,287996.49812204204
595706,184582.96025019386
595714,185145.7039038947
595718,192436.273888288
595725,198998.27857142856
595732,129551.20965973598
595734,169807.82612616685
595736,217858.6707358664
595737,145369.92841124008
595739,134983.11086244602
595740,159962.63617652355
595741,184101.34154074718
595742,245899.01452926354
595796,270036.279430408
595797,143109.86812714615
595799,289947.5175712215
595801,214929.85624207178
595802,199133.86920905192
595829,193303.20841776827
595830,299161.83608478896
595831,195695.76594244383
595832,299161.83608478896
595838,334494.90618224844
595840,304379.7903935913
595841,183608.33098056365
595864,568389.508648031
595866,292829.9660487861
595867,273022.5959532975
595871,278100.10496662534
595872,284568.2274083832
595873,279725.3578580594
695664,48968.4
695713,106763.22725345398
695740,84053.61262089506
695980,141206.4809824299
695982,206096.41194791222
695988,52721.23747083618
695990,231412.62185691055
695991,408820.24419047625
695992,283896.913044586
695997,79078.72552559206
696003,153894.62973011352
696004,143651.6493333333
696286,110100.82307692307
696293,121078.95209235215
696305,109969.31149928996
696307,85715.99099339238
696308,87365.6
696311,344092.57355147606
696315,107666.68837558523
696350,116361.85457584423
696869,101016.21855441309
696873,120282.79031281157
696877,230000.66666666666
696878,105000.0
696884,106028.86308514616
696886,135764.5831474381
696899,212334.61728311246
696907,103176.52729841015
696915,105011.81333333332
696916,81910.38128591668
696919,87995.1300201125
696920,119989.74655043977
696924,78545.67183756737
696929,98828.09177609276
696939,130023.7704516974
696940,124991.23172074511
696942,124951.96658684
696943,85558.29991963362
697271,131386.98557860253
697273,152974.30980392158
697274,138296.75601333284
697275,293780.18032678467
697280,208078.60229465406
697281,183505.72854642873
697283,208439.26426152134
697286,208439.26426152134
697287,165000.04562061434
697296,193621.2421853132
697297,269050.27003851987
697303,139262.82272076685
697305,228982.27561439594
697309,114947.76450233893
697311,133589.88993802
697319,137860.4231843598
697320,169163.57196161363
697552,511876.0749942979
697710,342069.160441884
697712,225338.41997890483
697715,284532.08987142844
697717,380277.0
697723,306184.7541299042
697726,281667.3996263269
697729,419949.7804615384
697732,349941.57587402564
697874,1455243.0544300145
698220,124363.19123632653
698327,213435.83173291927
698446,555176.7116573078
700159,234008.21435714286
700179,234439.35721428573
700194,443009.34039560443
700545,111247.87573247508
700552,123188.50726095602
700625,62783.696278400246
700675,92214.12914927532
700716,163261.33724771734
700901,229357.46279821207
741348,410373.26208525005
742385,97857.79504401723
742389,131636.37023809523
742393,154749.672886094
742423,149224.59143500694
742425,483014.9055
742446,183529.99390586303
742449,491138.22619047604
742450,183529.99390586303
742458,94944.85499021687
742464,54725.07780181946
742467,77440.2388921443
742468,77440.2388921443
742531,106070.01907568486
742533,106070.01907568486
742571,99761.43454587396
742573,126338.86470151809
742929,154761.34418292943
742930,152231.73428571428
742939,96470.58367158663
742964,121693.71476190476
742971,119872.65261832612
742973,55948.956717171706
742974,179471.4046666667
743033,168194.83330218054
743034,132741.85703839638
743038,177618.6153880629
743063,173741.94373914308
743065,173741.94373914308
743070,150287.66847454803
743073,115395.73841025644
743076,76076.37510792795
743084,80046.60310036148
743086,159976.3998881502
743088,98698.75247051848
743089,100860.49755837744
743094,74383.22145894938
743100,100885.5138815943
743113,114944.10676182523
743117,264224.16866666666
743119,95541.1695659299
743135,158112.92247084127
743136,158112.92247084127
743139,133850.43420276005
743140,133850.43420276005
743190,64763.59043400168
743192,141376.29986281198
743194,152685.4120175325
743369,97636.11275475373
743690,204529.55408104282
743695,178169.18331810637
743699,223199.26596633467
743701,132844.69786211968
743705,160593.71471291335
743711,214996.13433844192
743712,223946.49319441817
743717,214996.13433844192
743760,240746.62858966133
743761,236661.5350425179
743762,134311.6062302002
743772,166223.6500389207
743779,263081.5713333333
743782,122161.42289921342
743795,242318.63940784315
743796,240005.08521739132
743801,264375.88333333336
743802,153314.45360286758
743804,264375.88333333336
743805,235500.0
743806,223473.07907754145
743808,134494.63235443062
743810,248003.16666666666
743814,158186.07717409762
743817,255239.15833333333
743842,295753.4453094711
743994,222767.0487681306
744663,324722.823375289
744679,266128.64655751
744680,310004.12017444504
744694,324994.2647579365
744695,666968.042
744736,155687.20862453102
744752,155474.83346374612
899301,108589.12757945711
899306,130822.15052662337
899324,94149.38425002024
899326,186145.72444444444
899337,51925.82714285714
899339,105100.24729494809
899340,100936.69341706015
899343,102133.35001905286
899352,146039.8384865322
899354,119942.77873345761
899355,136361.06898329145
899359,264487.8540969697
899360,141913.01347799684
899368,141998.45322981672
899370,150332.19471044812
899372,210796.32383612322
899373,155676.55210057404
899374,97249.64388049739
899375,234028.8864448893
899376,67708.89986948273
899377,68003.62212490768
899378,142974.10078933908
899379,119588.89771432665
899381,142492.05583969035
899382,142492.05583969035
899388,129761.88710070946
899391,165831.8720883284
899392,110742.59902791645
899399,169699.00394289973
899400,192413.80790202247
899401,139262.82272076685
899404,188797.0154139659
899405,189001.05522760848
899406,160573.50012697905
899408,169361.1242905202
899409,184041.23389554504
899413,336014.0461160173
899414,577267.0
899417,192413.80790202247
899419,199972.65448713515
899421,196182.26682263595
899425,143654.14698193618
899426,109952.84254916104
899427,155349.37853247699
899428,120941.62074415354
899430,189968.61490242105
899431,165055.75939618822
899432,154647.55799663125
899433,179628.6880252225
899437,235897.07
899438,144062.6934934355
899451,261971.3958318386
899461,501891.9915409093
899463,358800.8807081467
899465,386531.8
899467,289683.77965333336
899468,152750.88585535085
899469,237311.75743867244
899472,198837.97286443727
899474,370062.9400578616
899475,449396.562347675
899480,387981.0333333335
899481,474198.02057179145
955997,85496.58334885396
955998,160820.21669511308
955999,161121.8002857143
956000,87693.80162346982
956005,163916.7471823595
956006,177678.23333333334
956007,189818.2049253895
956010,123810.70644724232
956013,225878.57828443754
956017,174252.6420207643
956024,113518.82456549421
956025,102420.69739334003
956034,87804.81494665286
956037,370715.91657142853
956043,191856.60145299142
956052,103364.07672967913
956053,267074.8230805861
956055,87574.58764502165
956057,191856.60145299142
956058,116076.9178033487
956069,82878.98311977192
956070,94689.45449746554
956072,97845.39148897845
956073,97845.39148897845
956074,97845.39148897845
956075,94689.45449746554
956076,94689.45449746554
956080,94689.45449746554
956081,94689.45449746554
956082,82878.98311977192
956083,94689.45449746554
956084,82878.98311977192
956085,94689.45449746554
956086,97845.39148897845
956087,97845.39148897845
956088,82878.98311977192
956089,82878.98311977192
956090,82878.98311977192
956091,97845.39148897845
956092,97845.39148897845
956093,97845.39148897845
956095,82878.98311977192
956096,97845.39148897845
956097,94689.45449746554
956098,97845.39148897845
956100,94689.45449746554
956101,94689.45449746554
956102,82878.98311977192
956104,82878.98311977192
956105,97845.39148897845
956106,94689.45449746554
956107,94689.45449746554
956109,82878.98311977192
956110,94689.45449746554
956111,94689.45449746554
956112,97845.39148897845
956113,82878.98311977192
956127,98563.06645355567
956136,140545.30813234253
956137,117710.19206349207
956139,164950.95060858526
956140,363270.41736694676
956147,191009.16390991816
956148,57807.27837130705
956150,74954.674510656
956154,126612.99964032731
956155,139361.0063609342
956156,90678.04709500355
956165,159815.97551400232
956171,180333.39179541962
956174,137989.03275601263
956175,163781.51572669006
956176,87122.47819315441
956177,144738.89430988033
956178,175515.08413848767
956179,169849.36955828773
956180,120086.66964444444
956182,120086.66964444444
956183,124203.4960137118
956184,120086.66964444444
956187,112544.43012147707
956199,65849.89841269841
956200,77832.1157844485
956203,119388.11211032988
956206,201911.1853333334
956207,203466.78095238094
956215,176059.83261392216
956216,319759.6395470906
956219,102388.05485404344
956260,198701.96666666667
956263,99384.31524542124
956265,111468.58807251429
956278,138065.14009478147
956282,158354.95680183364
956284,140381.38471155748
956286,121441.87443559774
956287,107533.20645925861
956296,149750.47873978678
956299,91336.09244809515
956300,80916.45675938376
956301,202433.20469990358
956302,229889.52323593767
956303,93313.9300367198
956304,106108.06010618545
956305,113967.58323893591
956306,220679.35192295085
956308,129734.60407142856
956314,91587.954599963
956448,90211.6925813759
956593,94012.50631266274
956658,111762.98777279459
956809,131901.34562870263
956858,176638.38001665665
956897,185481.0752175497
956898,197003.8355922874
956901,200712.09829386344
957097,298078.6896636697
957206,398009.3333333334
957298,112874.39134699437
957343,180223.2840877768
957367,175542.45563218519
957390,86183.35242829498
957447,70854.45452677952
957458,234179.9000007188
957494,226909.35285756495
957534,319234.79296999174
957542,257595.67533605703
957549,291681.1016677026
957560,93383.95740021332
957577,105293.63698433831
957604,310057.7152602289
957607,408262.18012051284
957925,119591.8339205532
958055,98225.42550635668
958085,105505.53732932467
958089,181782.016
958108,256304.62418659125
958114,221464.46379365076
958138,381991.3630558919
958139,240822.27778373013
958215,102202.5979190753
958216,105790.46419567555
960013,67540.00554454187
960014,118000.0
960015,118000.0
960016,119097.91842691501
960018,118867.76463740993
960019,65003.42121274151
960022,118006.19614534157
960023,103242.61860869921
960024,131155.85905794805
960025,112408.62787789201
960030,108492.28600704698
960031,126607.6071922585
960032,108492.28600704698
960033,126607.6071922585
960035,73176.88368835783
960036,73176.88368835783
960037,73176.88368835783
960038,73176.88368835783
960039,77440.2388921443
960040,77440.2388921443
960041,77440.2388921443
960042,77440.2388921443
960046,80034.8983645364
960048,82016.08153458103
960049,119223.42640962709
960050,118000.0
960052,86807.07602492301
960053,93705.39852126277
960066,118861.56
960069,159993.82672323246
960071,149082.98544053815
960077,189999.1388888889
960078,109515.48778134925
960080,144947.65323809523
960092,120398.47799999999
960093,142594.5069703463
960095,80614.098
960096,143961.10687987015
960101,122873.50472727274
960102,122009.5641190753
960103,122009.5641190753
960105,93130.01133411862
960109,72960.61502164502
960115,111803.12519949402
960117,190000.65575186483
960120,119025.74527176528
960122,116089.04631154623
960150,187329.15654968627
960151,189971.3717277637
960152,131386.98557860253
960154,204923.45455960406
960155,187329.15654968627
960157,187329.15654968627
960159,220000.0
960161,184895.95196622002
960166,265004.40001355705
960172,194504.8742781316
960177,254977.88166666665
960180,130443.06426416861
960182,167295.9670906869
960185,173812.3710447594
960186,220000.0
960187,204989.45455960406
960188,195000.0
960189,139929.23904075887
960198,249260.94596071044
960199,249260.94596071044
960212,259920.87691613776
960213,272990.91432402894
960214,260999.25051102843
960215,259920.87691613776
960216,342069.160441884
960217,259920.87691613776
960218,260999.25051102843
960220,322121.3333333333
960226,824495.1052631579
960227,200595.1621847452
960229,248913.84199682207
