id,price
1068,476749.9116001679
1069,790000.0
1073,215189.29333333333
1082,398090.41351945687
1091,255727.26438095237
1363,101560.95
1535,207391.50877192983
11023,339247.31398392585
13114,680000.121268491
13121,980000.0
13122,476749.9116001679
13123,982400.0
13129,549946.0
13135,475147.60892519244
13136,600000.0
13859,227236.2666666667
14120,389720.3561952381
17962,372554.6616666666
18023,167729.07739047622
18026,258049.491904762
18031,140370.2
18033,332799.7972206672
18055,152122.27416628352
18056,207841.2227082251
18641,176318.41970000003
18952,790117.0304275829
24270,585094.4003333334
24300,238901.83356666667
24962,220848.41119780744
29513,790117.0304275829
30487,474356.87947240117
30496,650000.1199528906
30986,321756.1333333333
32487,391070.76428571425
32497,621774.3364324676
34223,680000.121268491
34228,982400.0
34229,476749.9116001679
34241,600000.0
34447,202851.415924186
34556,120132.80466666668
34560,337098.0078787879
35408,680000.121268491
36283,476749.9116001679
36297,549946.0
36313,475147.60892519244
36503,600000.0
36593,980000.0
36594,982400.0
43990,123860.31035324676
44484,205335.36666666667
44522,194978.8
44541,182000.92
44795,237545.81999999998
44810,249023.76159248
44921,340475.5479727121
44941,357065.39999999997
48130,298893.4358095238
48906,790117.0304275829
61506,474356.87947240117
61520,475147.60892519244
61635,521287.3716961116
63611,811507.9784809523
63615,1683347.3879650328
63616,223632.08659891217
63654,371328.9
64454,341938.158
64458,168158.63609022554
64687,476749.9116001679
64693,348120.794
64694,210462.7746666667
64707,457949.67066666664
64711,132497.4
64714,181280.5
64864,115491.6
76712,149444.89523809523
107512,351495.9403562843
107617,460000.0785912649
107648,519860.0
121692,168704.04812974078
121693,156121.63333333333
123342,351495.9403562843
123378,460000.0785912649
123380,519860.0
126492,680000.121268491
126525,980000.0
126530,982400.0
126531,476749.9116001679
126602,549946.0
126708,475147.60892519244
127160,127569.1902761905
127755,373821.05158730154
133612,1485179.329136657
144042,253604.29133333333
144080,103763.72978254246
144429,265705.07238095236
170404,238530.334
172269,273894.8560957292
173866,131686.10266666667
173868,82920.829
174902,116362.0530952381
177586,103817.06666666664
179914,215284.76636666665
179924,463542.7127070708
179963,650000.1199528906
179977,255941.2
181779,1606872.5219339894
187943,162780.9326666667
189578,538132.1197943593
189587,580000.0595027052
189588,1200000.0938904015
189589,580000.1825393762
191430,113070.41033333333
191965,90229.23852813855
191966,81827.58671328674
191967,86888.3968031968
192661,476749.9116001679
195919,161550.214
196103,187513.79449765917
196105,187513.79449765917
196106,187513.79449765917
199867,195445.72933333332
199881,149185.05653245488
201115,392181.03644444444
201277,300780.6937254901
201303,511233.14285714284
201766,113622.86666666665
202123,143233.4199358974
202124,132609.249
202125,109469.8
202129,145660.28466666667
202354,273421.85882352944
202355,253219.05559867303
202358,229199.93333333335
213982,344619.80476190476
215836,460000.0785912649
215846,519860.0
215857,351495.9403562843
226279,383365.62733333337
226280,930296.028
226291,771170.1405746797
226292,519860.99698340794
226309,435000.0
226325,514746.07083333336
227218,133817.236
227616,180814.01161904764
227714,207133.87714285718
227730,255608.1831522038
227985,281904.1748794525
231004,435000.0
231095,400000.0
232092,405595.01190476195
232097,127346.54893333334
232099,190638.3447857143
232101,296243.1198416667
232102,188012.512
232103,127700.16766666669
232417,252263.37624024993
232525,474356.87947240117
232527,475147.60892519244
232529,163413.22000556948
232575,521287.3716961116
233259,874414.3715930736
233270,132449.29466666668
234636,790117.0304275829
237179,474356.87947240117
237225,475147.60892519244
237228,521287.3716961116
237651,328843.43266666663
237944,397163.2
238337,242030.1836787706
238366,186099.24
238758,393227.6666666666
238767,266765.95333333337
238986,380191.4733333333
239068,450138.798
239080,217506.17328506793
255774,1485179.329136657
259949,519860.0
259961,351495.9403562843
259962,236676.4813186813
259975,349161.17085530946
261283,462928.84257142845
261349,293987.41971184366
261464,295179.7619047619
261552,566961.2570576707
261555,359594.5999999999
261577,260495.6666666667
271287,190009.4014736842
271289,190009.4014736842
283783,323991.47066666663
283802,736139.8018180265
285000,435000.0
285036,400000.0
286226,187337.74616755793
286298,474356.87947240117
292949,538132.1197943593
292957,108807.62857142856
292994,229570.52999999997
293001,226559.41529469052
294088,326518.9465367966
294239,580000.0595027052
294242,580000.1825393762
294302,1200000.0938904015
300375,217853.19132624383
310846,1447523.3374681023
310857,174708.18095238096
310861,113421.92735714285
312221,474356.87947240117
312242,254911.63133333335
312286,475147.60892519244
312525,389937.0100320167
314881,476749.9116001679
315338,93482.56311111111
315772,149005.53333333335
316101,568860.0
330009,910478.888
330069,455820.21428571426
330080,771170.1405746797
330082,519860.99698340794
330083,673470.5243358397
330097,387188.1949382756
330114,479023.7286535087
331958,336910.6
332547,175295.1666666667
345112,195726.2
346026,213547.04862732918
346028,170934.58733333333
347071,207590.50919047618
347256,322463.498
347275,351142.25079365075
380265,360483.7233333333
380274,476749.9116001679
380434,790000.0
380988,538132.1197943593
381755,237943.43162161275
381902,580000.0595027052
381963,1200000.0938904015
405457,108210.56920289855
405458,105146.68120289854
405459,151557.80578571427
405487,281274.518
405495,139806.08104761908
405496,294287.23333333334
405500,709398.56
405513,674343.4364973545
405514,209081.1999968883
405520,217099.7228856777
405521,670913.7024973545
405523,247079.38861666666
405525,197002.6766666667
405526,320186.5629142857
405528,261981.16666666666
405529,295541.5449187675
406834,321009.694
406880,334759.35666666663
406909,369522.60192105256
406916,294871.6888306595
407071,380191.4733333333
407136,1025209.0207363409
414078,398090.41351945687
417678,275495.1642
417709,217148.59380952382
419177,285267.1123690986
419215,342628.28417391307
419338,254886.58635064936
419415,437742.8621712441
419437,323934.6
419443,790117.0304275829
419445,1039876.7878333334
442375,304467.7922222223
467192,201053.26199999996
474797,211916.1740861247
474799,107614.298
490742,179335.958
493377,790000.0
494808,476749.9116001679
495047,389937.0100320167
514606,752585.4616666668
516544,519860.99698340794
516545,771170.1405746797
516547,154853.48142857142
516644,339661.9662183258
516676,487060.1882202963
524391,235963.86373333336
524399,496633.1125301566
525351,351495.9403562843
525352,198219.62416203634
525359,286600.32470476185
525580,460000.0785912649
525606,519860.0
525626,302837.770995671
525638,284093.4088078754
557785,650000.1199528906
557990,121398.16666666667
558284,206213.44058511875
558285,109542.40666666668
558288,144353.13333333333
558300,184953.3501666667
558301,181596.245976357
558553,175636.33333333334
558702,289260.58666666667
593271,345902.6
594432,426495.336
594440,122954.82794285715
595788,475147.60892519244
595859,521287.3716961116
695594,63590.6
695928,238831.74628571427
697939,339661.9662183258
700851,902999.5967619049
744025,179891.85938776963
744527,287572.27714285714
745088,307669.197871651
745212,790117.0304275829
899274,771170.1405746797
899275,519860.99698340794
955557,174468.035
955558,145135.90083150184
955584,296442.15133333334
955585,140417.91433991128
955591,1095236.0922222224
955603,138731.95233333332
955633,182416.32024593325
955654,366108.36466666666
955660,306092.28
959906,1485179.329136657
18186,172570.5
24465,19466.746020050126
24469,29728.634085213034
24470,17049.25831554409
24473,21542.520570585693
24477,29580.56
24478,24521.733333333334
24479,30337.553333333333
24481,21010.29333333333
24487,18860.13333333333
24491,43850.26666666666
24493,25185.8
24495,37485.995238095245
24500,27096.163333333327
24501,29300.49969696969
24502,24812.14761904762
24504,27190.034285714286
24505,23121.76095238095
24509,19161.31428571429
24510,24018.397402597402
43824,20415.347619047618
63797,16201.4
63805,20493.0
63806,20500.0
63807,26544.39361904762
63809,30000.0
120976,24765.348
126494,19612.0
143965,21077.42380952381
144028,20510.279333333332
160946,27670.894
160947,27670.894
160955,27658.092857142863
177755,21839.27333333333
180197,21672.350000000002
180198,21672.350000000002
180199,76622.80066666666
180204,20250.026883116898
180208,23545.58
182583,17775.40153307305
182585,17775.40153307305
182595,20367.766666666666
182602,21697.542412698414
195340,21623.173714285713
201925,24517.4
214341,24538.4
226560,19773.607825487652
233510,15018.4
233511,30565.766666666666
237508,17049.25831554409
260231,14953.478504828501
260234,20669.0
274481,15138.23928571427
283991,28793.695238095235
283995,236239.983715096
284001,26165.204761904763
293222,17049.25831554409
300684,24466.56874458874
300685,27053.836857142865
302972,17049.25831554409
315192,21193.981333333337
327700,21122.766
327705,19128.45238095238
327706,19128.45238095238
330362,23774.200000000004
405777,26029.213333333333
405783,20739.36928571429
417959,18342.861432748534
417960,19829.18787627439
417964,16521.77431904762
417965,14230.0
467425,20778.233333333337
477906,17049.25831554409
516102,20976.73155555555
524657,17049.25831554409
524666,23558.738333333335
524667,19738.85
557901,16098.721428571427
557902,18277.563047619045
557905,18274.80857142857
557907,22714.85866666667
594352,19470.95942857143
595361,21013.33304334554
595362,21013.33304334554
595363,20493.0
595364,20500.0
595365,30000.0
955950,23167.081619047618
955951,24524.22333333333
287176,1215469.4711666666
64597,509387.27726666664
332336,1115224.0801190475
13567,502342.7447627537
25431,651422.2263190475
34755,674834.0252017078
64598,771554.9677777778
123333,280393.3988
123334,678512.0238095239
123370,650000.0
127584,631334.2413333333
170931,1376637.426652382
176518,361428.428481746
176519,448902.3650793648
176614,1360539.266368254
176682,1504963.0887619047
176683,1280208.383501271
176709,3193304.606
176710,1786688.4286726783
176711,1791174.2531142866
181564,1297948.6334431628
188774,2495368.043
200458,180449.05117142855
202283,548326.040873016
215976,280393.3988
216034,678512.0238095239
216131,3300000.0
238608,367729.2176858697
260548,270963.8081904762
287177,1257957.4806714286
287791,1297948.6334431628
328317,511981.24306666665
331595,324694.8335333334
331599,324694.8335333334
332329,1115224.0801190475
332332,1229131.5616190475
332334,1115224.0801190475
332338,1115224.0801190475
332344,1115224.0801190475
332792,900061.632678363
332793,640317.6940952381
332969,3300000.0
379979,223358.46200000003
381876,649254.1666666667
381877,679483.6
406377,411811.1287192639
413294,1337006.6859285713
419038,777438.7086666666
478694,1297948.6334431628
491079,548326.040873016
491202,1200000.0
491204,1050683.5836385835
491206,1250230.0033333332
558433,492622.79076666664
558651,1250230.0033333332
558652,1050683.5836385835
558656,1200000.0
558826,1312606.5995008172
696935,352310.75485714286
696936,352310.75485714286
743189,366907.4929555555
899389,457664.5948923085
956259,935171.4680476191
960232,1297948.6334431628
192912,235500.0
238224,164046.59151515152
127418,183000.0
476380,140941.42965640567
476373,136408.43734585782
121889,212097.11847619046
442705,99100.83644815556
570477,108917.29456841493
190415,100322.03878326634
960153,220000.0
192962,208199.95827762404
272373,117633.43333333333
331484,83862.2
516425,189265.33368055554
331246,95005.53393334302
238012,203561.7109730159
331721,134256.02385714286
200737,148789.3530961384
32111,64224.43624819624
30820,149867.30961255063
34661,100322.03878326634
175362,218728.73470995674
315860,180491.26425575628
491172,210535.25555555554
418089,338137.148
196008,228534.40835873017
176486,111684.0775732015
381656,160664.3662424242
190847,112000.25856926705
36013,134084.15233100238
346688,160721.20639999997
64118,149220.5
227528,154004.28797300629
25373,151673.8793650793
475869,112444.22492213674
379963,102999.51140304332
309712,87000.0
315620,149033.97322392758
121442,141122.4657
525382,213692.71924964373
413535,318293.364
180667,210271.718
29763,160576.20567529995
256021,220000.0
595719,215000.0
18323,214699.71625396828
32095,171109.54014729714
238584,222387.43361000658
286929,215909.32917504458
230254,206145.63251786897
18751,264951.8
331615,124159.4840952381
261052,182847.5247619048
11237,193295.80554112553
331489,142453.48541780992
61262,205000.0
107474,189331.37887169438
418083,254669.01666666666
216015,264938.8880174603
44636,191212.35294736843
13981,216434.22625396823
272759,141546.64995670994
34633,108565.87396825397
180704,128696.2809090909
558641,146858.8448707261
558593,288339.75613315514
107332,150742.09187619048
227307,179236.9969408816
287043,121711.75267399268
405980,131628.89197977915
516453,208073.747049708
195762,99465.46124699719
960190,190000.0
122532,130740.71
217192,158897.40999755802
261106,121510.42140468227
190799,189000.23610920843
35956,142453.48541780992
331478,171452.0627898038
34595,161882.8015873016
418454,96602.47238668535
516343,142453.48541780992
303486,110119.53199080087
161225,234334.7978873016
475900,93960.28318913613
44587,249840.0
413848,190000.0
413885,118112.77242611861
381641,169732.36022444695
958106,256222.5170284803
516296,141901.84383839782
406722,178975.06052380954
13982,282972.9935661585
238579,184108.36579476955
309643,189573.5634920635
346283,86929.17356054399
195699,119210.66179797977
332058,190269.7019421527
36168,202160.17989956713
543594,163348.49532689538
558644,195592.88358176633
516334,67673.4385554605
293563,100000.0
116016,104431.4891984127
468052,208073.747049708
419007,264951.8
312018,238214.44733333334
44652,247291.93639038515
255992,197680.44415873016
11233,106040.89257681661
346778,125336.30333333334
25399,289976.44444444444
61250,90000.0
200694,135000.0
178561,163652.6336
272829,218628.0
558349,151117.37395238093
309706,102838.06120634922
1432,90217.51274219673
127093,118161.00000000001
195793,117783.22847330618
217191,106381.30447690884
558333,229920.56
595735,196346.67637426904
227919,208199.95827762404
11368,131180.19881526803
107336,151661.83333333334
29657,96602.47238668535
381394,100322.03878326634
331155,96218.05762124545
216053,213692.71924964373
229747,122000.07538339704
558394,219038.29063157894
1572,235500.0
238163,201285.0440796755
381707,112000.25856926705
346775,119335.7634
63896,291298.81809991313
515689,386129.2514285715
309640,144600.0
476386,140941.42965640567
331441,67673.4385554605
76878,138333.09954596445
558378,167462.39093774353
25407,190000.0
36107,169732.36022444695
192845,125612.56119047619
127180,142453.48541780992
161480,140527.28527826787
346155,139356.4664904762
1459,85363.0233
34731,217379.84090909094
315650,106381.30447690884
272319,195606.0406666667
331255,121793.6
133206,265000.0
161258,181810.48481904762
232452,135592.14859029852
312029,225639.60099999997
200691,145465.5070933344
315687,194880.0733333333
956316,165488.20491868135
442637,164615.23802810058
494238,99990.0
346206,255848.0796969697
516432,169931.43284040826
311943,208413.068
381539,189436.40748602152
217430,168362.7521563403
899436,208199.95827762404
332433,143681.4183150901
331262,95005.53393334302
195705,119210.66179797977
468114,228985.5770365086
558416,106381.30447690884
491008,140527.28527826787
200624,139356.4664904762
230566,139973.21703030303
234266,240000.0
260702,149031.64767676764
180681,161413.55148849398
478455,288339.75613315514
475853,78999.92125200506
161228,397758.31611100014
61253,80000.1404599753
44625,327208.8
25109,87000.0
123338,155273.5791862582
331261,95005.53393334302
405972,183217.17048826613
25323,187874.6596097622
957495,223487.4714929991
491052,178394.8233333333
180800,158000.17522325384
284716,176829.48989898988
332420,139346.97695238097
260686,141599.58295526696
25110,64224.43624819624
48685,132829.17743645018
176618,340000.0
286927,99445.21397758472
1442,128103.07161904762
183009,627764.7059090908
525171,61940.45448806366
190471,105266.61244417074
32085,149009.96907936505
475868,150125.31
328271,86929.17356054399
418608,153165.19711368516
476377,140941.42965640567
35786,263374.0053852283
478179,158115.73674070925
293913,386697.3194999999
284395,123675.99435146333
418570,144706.2
593553,281727.8300190476
328647,140000.0
30917,95000.0
328619,187090.70832756135
176514,158000.17390857002
595624,145089.4377858037
176479,99465.46124699719
413873,183563.23872570565
176592,135050.0
34742,119110.6
346335,127384.81425396826
32042,163818.10196540077
309830,195000.0
346130,156027.35834523808
13669,141901.84383839782
695685,117963.71962690451
899385,142726.23626562327
234222,160576.20567529995
11455,169166.45339950544
570442,100639.9433844157
293707,71051.07
406654,228534.40835873017
234209,223152.0752438696
332082,214475.44046075075
216085,238229.2735714286
284377,93960.28318913613
956217,185738.20201327562
48708,148938.25106666665
332241,245481.24600560224
524779,210545.51693333333
381403,98000.17370272131
180743,109292.2
31031,148132.86266666668
595606,96000.0
312061,170862.71714031743
331367,126970.0246031746
133242,168036.8749250749
188583,132664.80952380953
515702,265024.2475970696
570433,127759.2331111111
558317,231165.8625419899
899407,131180.19881526803
331448,109055.65766666665
293677,148000.22882875346
332092,235612.87831578945
200999,144812.29836512188
315877,184108.36579476955
743131,129982.11820165948
287432,365659.9400030579
44640,232254.60965238095
272215,126858.19333333334
418145,297338.4
44638,243329.45939927138
127465,431705.2966583417
332139,273681.35657142854
539949,294551.3246666667
406214,161578.794
541881,168405.1995809524
474996,129446.56003193276
960091,92202.14666666665
406213,122000.07538339704
133241,245692.03516666667
696871,96816.716680467
346832,143116.75998412698
121406,158494.91574458877
260689,149461.24537998086
516443,174000.0
202229,136310.41706666668
405888,450123.6336861276
18514,96602.47238668535
237998,140118.95765870129
293689,147747.06835724827
64529,207903.25203436517
525199,85000.0
293402,290375.7661988304
293561,79080.6357142857
127069,82377.87715765674
287297,288339.75613315514
25017,163818.10196540077
418894,195585.92733333335
381737,137000.0
380117,169733.69511141145
418907,239039.9674729191
956899,200112.1991904295
48692,215000.0
418147,361047.4247619048
44340,122941.65158730159
309634,163818.10196540077
176469,160241.53000000003
300805,256265.957
525440,160761.56904827265
418958,194819.92857142858
25375,302695.25800000003
406345,114820.84256334773
405890,203063.51
200951,305455.38666666666
331386,213976.30911111107
331248,120000.16753277791
346294,148789.3530961384
418471,183035.4947169531
475919,91821.47934945053
284307,96816.716680467
44570,196694.66844170017
309758,207903.25203436517
332287,323724.1933333333
418735,114530.89333333333
332095,140774.5413895507
332040,157748.8
132860,83000.0
960094,111517.52933333332
406299,156362.03533372452
309686,64328.410352425344
1028,1175548.0833333335
1242,94000.0
1245,94000.0
1248,83916.3600442501
1249,76000.0
1250,118732.8888634901
1251,106516.00946897625
1252,95000.0
1253,169762.15566666663
1254,172167.8506714286
1256,169876.3335501842
1257,112390.87261904762
1258,105000.0
1263,100188.53333333333
1271,85977.76450899866
1311,95629.74223174602
1312,105016.69771588217
1313,105016.69771588217
1314,105016.69771588217
1317,87679.19657142858
1319,73171.55343789714
1320,73171.55343789714
1322,94349.2148
1328,74450.21948338245
1329,74450.21948338245
1336,92094.52027794904
1339,119241.78424366369
1340,106486.00927936508
1342,77313.55115824178
1386,149220.5
1387,114443.23365079363
1389,134020.16857142854
1391,141854.3
1392,140527.28527826787
1393,130000.0
1394,84752.39819624822
1395,68075.53950018433
1396,170859.86182795698
1398,99990.0
1399,219649.50650837788
1400,142368.78371428573
1403,135000.0
1405,211663.42398702996
1410,145945.41472144122
1412,118751.94144287598
1414,215909.32917504458
1418,242700.0
1429,239149.0765714286
1431,56111.162872101675
1434,143200.426
1435,134943.9393333333
1437,97329.50922982262
1439,115064.84
1441,143200.426
1443,90927.6738095238
1446,162698.12342069426
1449,104247.56009523809
1450,68574.19022774327
1455,118698.0
1456,196239.7997069667
1457,128283.7084
1460,148789.3530961384
1462,129033.40791731306
1465,102999.51140304332
1468,156042.82526811628
1469,106381.30447690884
1470,118473.12895843682
1475,86929.17356054399
1476,95055.59075356607
1477,145063.261681784
1561,240000.0
1562,190000.0
1563,252000.0
1566,207903.25203436517
1568,184000.0
1569,300000.0
1573,166181.3113785714
1575,171166.0
1578,265103.0
1584,160576.20567529995
1585,265000.0
1592,269276.81341854634
1593,704975.7054161415
1594,350506.87508303806
1599,265040.0
1602,214740.0
1604,153645.37123809522
1608,252519.64274458875
1609,396940.66666666657
1610,252519.64274458875
1613,266338.6728888889
1615,137000.0
1616,214470.574
1617,140000.0
1628,217917.52363492065
1642,169166.45339950544
1674,235000.0
1677,284205.57992096484
1679,384948.9435266558
1680,317108.303458796
1682,348500.5314532243
1687,408127.122283272
1688,200000.0
1689,140494.73073730373
1690,420000.0
1693,533756.16
1720,360000.0
1722,568820.9199032902
1732,433283.7357142856
1733,446822.60351428564
11090,56000.0
11091,120794.11955555555
11107,143778.43066144202
11119,85190.26737552407
11120,87419.23
11148,344209.1785363247
11149,79000.0
11155,119883.85173015873
11218,65040.280666666666
11219,97472.2
11222,101000.0
11225,118402.71668553112
11227,118402.71668553112
11228,193295.80554112553
11229,135591.03586686784
11230,229996.0
11231,97336.40104162366
11234,230016.8
11235,113197.67510580909
11238,118780.54612698409
11249,77064.64085464053
11257,106261.13187619047
11259,108603.74947252744
11260,77867.59077915552
11262,118447.57331301886
11264,99000.0
11318,85000.17334927309
11370,153000.0
11371,138608.21042249535
11372,208073.747049708
11373,339837.2839999999
11374,165000.04436644458
11375,183561.44805013237
11376,174000.0
11379,208391.92194663605
11386,140000.0
11387,228985.5770365086
11388,104892.99666666667
11390,134742.30263582515
11392,157027.64900983885
11393,157027.64900983885
11396,172587.76285714284
11518,225404.86105987974
11519,379235.97861604806
11520,406863.875600713
11524,350000.0
11585,609770.3903540904
13306,63713.48258508772
13316,147351.79463492066
13322,81398.45326587302
13323,110754.78133333335
13329,103607.98713997121
13455,76750.5402857143
13456,105040.0
13458,77788.14768118203
13460,77788.14768118203
13461,79467.10716440438
13462,74710.61025475962
13464,73208.01443529413
13467,98022.135
13469,75831.66757651797
13472,75831.66757651797
13474,75831.66757651797
13476,77788.14768118203
13478,62312.644
13480,77788.14768118203
13482,66817.55638095237
13483,75831.66757651797
13485,101231.10687528868
13487,123264.01777892308
13488,123264.01777892308
13489,140000.12219638782
13490,124778.02191232826
13491,123264.01777892308
13492,123322.68683304758
13495,107700.57721971591
13496,126795.63725641632
13497,199441.49522967206
13508,79243.36214285715
13510,160634.11403174602
13512,160634.11403174602
13513,160634.11403174602
13517,175889.17949206356
13519,174434.7029777778
13521,126873.1848
13522,108374.79515592364
13523,108374.79515592364
13524,126873.1848
13525,108374.79515592364
13527,108374.79515592364
13528,126873.1848
13529,108374.79515592364
13531,126873.1848
13532,126873.1848
13534,108374.79515592364
13537,77439.73499050805
13549,344328.3187914195
13550,74132.5473311787
13551,76200.18943419916
13553,94607.56833721822
13555,77319.46088286124
13560,115152.97761941217
13563,128069.8640389217
13590,96505.02323809524
13652,75800.13333333335
13662,136838.3640379917
13672,135801.520550528
13674,208000.0
13678,99812.86792207794
13680,299071.2946666667
13694,159199.94508225104
13711,188467.3411255412
13712,125629.16645598836
13713,196611.3723809524
13714,125629.16645598836
13718,125629.16645598836
13720,198619.2838695971
13726,142453.48541780992
13727,142453.48541780992
13728,142453.48541780992
13738,68354.86647796647
13739,119421.21695238094
13741,119957.6696
13742,125702.47739469339
13743,125702.47739469339
13825,89587.86190476191
13826,99000.0
13827,194160.0
13828,134084.15233100238
13941,169732.36022444695
13947,183000.0
13950,214842.90733333334
13956,246963.4121931986
13961,200000.0
13974,271493.46312369395
13975,139999.94154580092
13976,170779.64
13977,170779.64
13980,170779.64
13983,170779.64
13985,170779.64
13986,170779.64
13989,170779.64
13999,155486.5166985634
14000,189213.97464241975
14007,253545.7011962547
14130,294208.0
14131,269915.38572469103
14132,217809.53903196595
14139,275098.24704761896
14144,290000.148241069
14145,610454.7927696587
14149,334510.3373333334
14158,278067.11570701824
14159,240000.11173004555
14160,190132.14144911297
14162,185000.0
14249,525565.18746558
14251,200517.2250686434
17944,398251.3744333334
18216,97196.9653888854
18225,235051.6496666667
18227,97855.27432451931
18228,157966.4559047619
18229,277003.95857142855
18230,149931.98868253967
18234,139285.61558441562
18240,186794.7291951766
18261,529905.4496923077
18263,201159.67980952383
18273,924619.1303937127
18274,156438.06666666662
18275,351463.006
18277,174580.5346031746
18280,122203.48842133235
18281,93804.47633412699
18282,76006.91162051282
18284,95000.0
18285,117007.6862857143
18286,130919.77548484848
18287,83833.3580240318
18288,82543.08608462824
18289,89762.72673333334
18290,63646.227333333336
18291,83833.3580240318
18292,83833.3580240318
18293,83833.3580240318
18294,82543.08608462824
18310,199200.39915018316
18311,209560.99014749503
18312,122203.48842133235
18313,199187.51533333331
18322,100631.43893333332
18324,213415.51613333332
18327,85190.26737552407
18509,138859.76133333336
18527,159838.452
18533,82079.21027901431
18537,195000.0
18561,160000.0
18562,99000.0
18569,80762.57942085137
18570,79333.99465641024
18572,158897.40999755802
18574,129982.11820165948
18575,129033.40791731306
18696,125036.20266666668
18702,223152.0752438696
18704,149225.65221445216
18708,223821.75052732843
18712,132829.17743645018
18713,160576.20567529995
18717,215000.0
18718,215000.0
18747,240000.0
18750,235500.0
18753,223420.8095789699
18754,160548.84954761906
18755,153234.23565192972
18779,222472.32665622974
18780,214740.0
18781,149000.0
18854,324659.375
18856,359816.0
18858,325100.23609098117
18866,184749.46600577203
18867,155000.0
24546,61614.477377304225
24557,103652.60811334432
24568,129080.82
24578,95050.9452710586
24696,61702.8767371445
24715,85415.84984515866
24716,101520.09013470844
24718,136031.8675
24720,114093.58104408969
24721,114093.58104408969
24722,119534.28558266189
24723,114093.58104408969
24725,114093.58104408969
24726,114093.58104408969
24727,119534.28558266189
24728,69420.98222222221
24729,119534.28558266189
24730,114093.58104408969
24732,119534.28558266189
24733,114093.58104408969
24734,119534.28558266189
24735,114093.58104408969
24736,179412.442
24737,114093.58104408969
24738,119534.28558266189
24739,119534.28558266189
24741,104823.44351228501
24742,95000.0
24744,130000.0
24747,115000.0
24748,103201.92064981685
24749,106173.19887710335
24750,106614.42304917311
24751,202224.89771428573
24794,93686.63066666668
24803,111404.98466666669
24809,101704.1351687831
24881,131495.04004395605
24882,82636.61428571428
24884,59466.722894102386
24885,80000.0
24887,79904.1408100007
24888,103574.793
24895,82270.32252316603
24931,95190.10658230388
24932,129410.8281880342
24996,102000.0
25000,125279.71723809523
25005,211589.42720634918
25006,161163.232
25009,163818.10196540077
25010,89746.7804602219
25011,163818.10196540077
25012,163818.10196540077
25015,163818.10196540077
25016,163818.10196540077
25019,163818.10196540077
25021,102056.0
25022,70320.8896825397
25025,165000.0
25026,206715.05384615387
25028,240915.69533333334
25052,98774.98983549782
25054,119786.67619047615
25069,68163.17228571429
25071,183389.33728632476
25073,191100.34624102563
25076,131122.63012745098
25079,127187.49999999996
25080,91307.12548333334
25081,129423.44223816298
25082,64328.410352425344
25086,142453.48541780992
25087,99243.88895238096
25088,142453.48541780992
25105,210977.538
25106,129521.75302239585
25107,158000.17390857002
25114,109949.71903954582
25116,133217.17114731102
25156,109424.14400000001
25192,180526.1963753715
25297,110652.36796918768
25298,133114.3625
25309,189377.37887169438
25312,213692.71924964373
25313,207903.25203436517
25314,157244.78303340147
25319,199000.0
25320,165000.04436644458
25321,171660.20606060597
25324,141635.35858217624
25327,191318.6595238096
25332,140806.4779345259
25334,169236.15489680856
25355,158762.81137535014
25356,287827.5619047619
25359,178566.22390476192
25360,195964.2
25361,135050.0
25369,253712.61044570137
25371,184944.891536481
25381,135917.07659047618
25382,145385.64098388114
25396,168843.70714285714
25397,197459.33341991346
25401,159000.0
25403,190240.0
25405,232972.99514808293
25409,171326.7983311786
25410,184227.44
25435,256650.30403021618
25452,96674.35914285714
25453,340000.0
25455,136847.66616138763
25456,111389.96450216441
25536,207594.26929142833
25541,325220.3394285714
25542,227918.17347010077
25544,183922.82789596944
25551,279434.3641025641
25570,276566.1250614035
25572,357345.4361403509
25573,291344.28
25577,270000.0
25578,270000.0
25581,327915.40240327996
25588,230000.17962649796
25591,215000.0
25596,265795.4592666667
25605,151153.83393333334
25661,322994.596
25668,271500.2006454632
25670,201039.60248398365
29603,97196.9653888854
29605,97855.27432451931
29620,95000.0
29621,77439.73499050805
29622,77439.73499050805
29638,85190.26737552407
29666,195000.0
29667,174317.34933333332
29686,125121.85873809525
29687,125121.85873809525
29689,167361.802
29690,114994.9761825397
29695,99000.0
29703,129982.11820165948
29704,158897.40999755802
29755,223152.0752438696
29759,215000.0
29765,223821.75052732843
29776,240000.0
29778,264951.8
29779,235500.0
29780,248000.0
29781,264951.8
29782,153234.23565192972
29824,324659.375
29826,359816.0
29829,325100.23609098117
29832,1058704.3821733815
30542,129619.48435714284
30550,94632.35220634923
30551,107917.84235294118
30552,61913.56008993293
30553,82989.60731318682
30661,79738.638904487
30667,93913.62955158729
30670,129619.48435714284
30671,86046.78195670997
30672,93097.728
30679,181512.82875722361
30689,73171.55343789714
30690,73171.55343789714
30691,73171.55343789714
30692,73171.55343789714
30694,73171.55343789714
30696,73171.55343789714
30699,75945.48533333333
30779,79829.86663504272
30786,99024.0
30788,229920.56
30789,200116.874
30791,107820.62466134869
30793,161413.55148849398
30794,128253.6
30795,141901.84383839782
30796,210271.718
30798,196754.64118352416
30800,125612.56119047619
30806,240667.83923333336
30809,98376.09351746032
30817,99718.85671700843
30818,133668.99
30821,142453.48541780992
30822,89403.07922275501
30825,149867.30961255063
30831,158000.17522325384
30833,102999.51140304332
30834,106381.30447690884
30835,111281.80614285715
30836,134586.91122634296
30849,198924.607
30850,129747.87967388167
30851,198630.75433333335
30918,102417.00457142858
31010,185000.0
31011,254865.9921891678
31012,288339.75613315514
31013,254865.9921891678
31015,150064.0
31016,288339.75613315514
31017,254865.9921891678
31018,254865.9921891678
31020,254865.9921891678
31024,265000.4213019038
31026,254865.9921891678
31027,254865.9921891678
31036,181802.23649047618
31042,195592.88358176633
31075,150708.1
31127,230000.0
31128,185531.91445646257
31129,375000.0
31136,259158.5833333333
31137,321544.2
31140,250000.0940681661
31143,228938.8406260406
31144,199064.6
31145,375000.0
31184,375000.0
31187,462353.61639097746
31189,463382.31436190475
31192,375000.0
31195,375556.00036363635
31798,119527.77937732957
31913,85415.84984515866
31920,114093.58104408969
31921,114093.58104408969
31922,119534.28558266189
31923,119534.28558266189
31925,114093.58104408969
31926,119534.28558266189
31927,119534.28558266189
31928,119534.28558266189
31929,119534.28558266189
31930,114093.58104408969
31931,114093.58104408969
31932,119534.28558266189
31934,119534.28558266189
31935,119534.28558266189
31936,114093.58104408969
31937,114093.58104408969
31938,114093.58104408969
31939,179412.442
31940,106614.42304917311
31941,111025.8
31942,106173.19887710335
31944,115000.0
31945,95000.0
31946,104823.44351228501
31947,125354.48926789321
31957,118798.79112193362
31961,94883.7319206349
31970,80000.0
31972,59466.722894102386
31978,100713.91668809524
31990,85826.28452378178
31991,83053.0740604427
32031,194282.994
32032,135725.40722222222
32033,135628.110015873
32034,163818.10196540077
32035,163818.10196540077
32036,163818.10196540077
32037,163818.10196540077
32044,163818.10196540077
32045,89746.7804602219
32047,113452.97958179662
32051,165000.0
32052,178359.11634507388
32055,128836.11608143416
32057,139915.9475168922
32059,165000.0
32079,99465.46124699719
32084,91019.8
32087,64328.410352425344
32094,142453.48541780992
32102,144836.78870129865
32106,109949.71903954582
32108,87000.0
32110,158000.17704514237
32239,121882.2642857143
32243,189377.37887169438
32245,207903.25203436517
32248,213692.71924964373
32255,169236.15489680856
32256,185199.11428571425
32262,199000.0
32263,141635.35858217624
32265,141386.825462026
32278,277425.8744517836
32279,178946.77979797978
32286,167306.81763319977
32289,159894.474
32297,133749.35058823528
32299,163155.41734574252
32300,140160.25553939524
32301,195000.0
32304,232972.99514808293
32305,184227.44
32336,340000.0
32337,147377.65360784312
32394,257744.9199166667
32396,183922.82789596944
32398,201183.6795185171
32408,345575.81342857145
32419,327915.40240327996
32422,230000.17962649796
32423,215000.0
32478,271500.2006454632
32490,680170.0142857141
32496,762794.6666666666
34339,141522.53338095237
34456,105040.0
34470,152537.68761904762
34472,105641.82469783546
34488,118165.80524924122
34489,93675.77804329009
34492,112900.88845675661
34495,116185.79258355762
34503,79467.10716440438
34505,79467.10716440438
34506,98022.135
34508,67531.57053931625
34510,123264.01777892308
34511,92937.15696969695
34512,140000.12219638782
34513,123264.01777892308
34516,123264.01777892308
34517,123264.01777892308
34523,76200.18943419916
34525,74132.5473311787
34528,344328.3187914195
34542,77319.46088286124
34546,94607.56833721822
34579,136838.3640379917
34591,166714.43884710054
34596,141901.84383839782
34601,92376.25238095236
34619,125629.16645598836
34620,125629.16645598836
34622,125629.16645598836
34654,186570.48886450176
34665,208000.0
34669,99812.86792207794
34670,142453.48541780992
34671,142453.48541780992
34672,142453.48541780992
34675,125702.47739469339
34676,68354.86647796647
34677,125702.47739469339
34678,119957.6696
34679,194160.0
34680,99000.0
34716,169732.36022444695
34718,183000.0
34722,214842.90733333334
34732,223824.10165390171
34735,128723.19333333334
34743,139999.94154580092
34766,246963.4121931986
34771,200000.0
34775,155486.5166985634
34776,189213.97464241975
34797,407275.27883112733
34800,269915.38572469103
34801,217809.53903196595
34809,290000.148241069
34811,362218.30959595967
34818,199000.0
34828,278067.11570701824
34829,185000.0
34830,240000.11173004555
34831,190132.14144911297
34840,654304.5476190478
34849,610403.0366300368
34850,1054073.5625555555
34851,200517.2250686434
34858,938316.0
35743,79467.10716440438
35746,98022.135
35747,67531.57053931625
35749,79467.10716440438
35750,79467.10716440438
35752,92937.15696969695
35754,123322.68683304758
35755,144998.45266666662
35756,123264.01777892308
35757,123264.01777892308
35758,123264.01777892308
35760,140000.12219638782
35771,353561.904
35781,77439.73499050805
35789,74132.5473311787
35791,76200.18943419916
35792,94607.56833721822
35793,344328.3187914195
35794,105117.08368517665
35796,77319.46088286124
35876,100322.03878326634
35878,136838.3640379917
35885,99812.86792207794
35888,141901.84383839782
35889,208000.0
35935,125629.16645598836
35954,142453.48541780992
35957,142453.48541780992
35966,125702.47739469339
35967,119957.6696
35969,68354.86647796647
36014,194160.0
36015,99000.0
36112,214842.90733333334
36115,200000.0
36159,139999.94154580092
36170,189213.97464241975
36171,155486.5166985634
36357,294208.0
36358,269915.38572469103
36359,217809.53903196595
36371,290000.148241069
36382,199000.0
36383,190132.14144911297
36385,278067.11570701824
36386,240000.11173004555
43875,89938.68835592185
43877,73747.40209902597
43878,73747.40209902597
43930,64564.75523809523
43931,64564.75523809523
43932,57215.62022222223
43933,94488.38661941655
43934,94488.38661941655
43935,57215.62022222223
43936,103794.527
43938,200042.99523809526
43939,57215.62022222223
43940,57215.62022222223
43942,88046.80224672107
44026,79000.0
44042,130679.8365757576
44047,106742.36
44048,88766.50176490178
44061,83572.88593095238
44062,83572.88593095238
44072,69043.56857142856
44077,105448.84124907892
44078,163772.68866589683
44079,123149.38248547843
44080,91636.47838065826
44082,104268.32933333334
44083,102576.60532252275
44086,142428.61819047618
44087,103697.10938095237
44088,118941.28914502166
44091,77292.68
44093,89953.57789285715
44100,77439.73499050805
44102,77439.73499050805
44106,95000.0
44107,86776.18705773499
44108,91327.95868085106
44137,76041.8
44139,104919.28357142856
44141,91287.11666666665
44144,87824.74097705628
44145,102993.83203151003
44195,110169.5060437523
44196,105409.10733333335
44197,90967.03354627003
44216,102000.0
44218,103631.85878787878
44246,102056.0
44251,103489.56642051281
44252,170859.86182795698
44255,130000.0
44258,199669.81800000003
44262,128322.376
44264,729996.5908277024
44268,182441.9764677683
44269,208080.70613275626
44273,106040.89257681661
44309,108908.7261904762
44311,145379.9539173865
44313,145299.57923809523
44314,138125.46609523805
44321,104959.37
44337,118439.85862337663
44338,96000.0
44341,122941.65158730159
44346,110169.5060437523
44348,156324.17420298033
44349,113245.27733333333
44352,96000.0
44353,202842.86038095233
44354,133961.28418733788
44355,96000.0
44356,137739.68153333332
44369,729996.5908277024
44370,131368.4116
44379,118473.12895843682
44380,101000.0
44381,102769.97777201535
44382,107911.75935495034
44384,142398.69466666665
44443,133425.9733050077
44566,148056.95933333333
44571,185945.36820592562
44574,184567.11056731554
44578,184567.11056731554
44605,214809.6123736264
44606,130115.96466666667
44627,185364.12475468934
44634,215000.0
44635,243329.45939927138
44637,243329.45939927138
44641,243329.45939927138
44642,239942.45540750388
44643,208118.48025396827
44644,230072.32781822732
44645,217456.94695918352
44661,359472.86752380955
44666,135388.48858918858
44668,129574.28923830061
44824,270024.32755153347
44827,273692.1387157737
44830,199032.87177183348
44845,499714.0
44847,416308.16
44853,236191.05316604857
44865,208673.26666666666
44867,270000.0
44883,334576.7676835904
44973,376161.8398409434
48253,183641.20224285714
48256,125350.6086897547
48263,171629.5602557443
48265,145843.13133333332
48268,358769.884
48269,172533.7042557443
48271,195413.1733333333
48272,466298.8683010753
48273,195413.1733333333
48274,190854.75866666666
48275,305478.3393593074
48282,356784.7846089466
48286,95000.0
48288,102008.84999999999
48289,102008.84999999999
48291,77439.73499050805
48302,108445.6639086659
48303,216704.16390476187
48308,85190.26737552407
48481,96602.47238668535
48490,195000.0
48494,454817.3491428572
48495,268723.57
48508,141103.10292857143
48509,127888.03522222223
48513,79113.79704961707
48520,99000.0
48521,160000.0
48531,129982.11820165948
48693,420000.0
48703,160576.20567529995
48722,264951.8
48723,248000.0
48725,264951.8
48726,223420.8095789699
48729,153234.23565192972
48737,185990.25166984132
48757,214740.0
48758,222472.32665622974
48759,149000.0
48818,324659.375
48819,359816.0
48822,401073.6536333334
48827,325100.23609098117
48833,1011917.8266178264
48839,1058704.3821733815
48843,155000.0
61053,103161.92726962583
61075,76297.998
61076,113372.53428571428
61079,378570.14466666663
61080,77439.73499050805
61087,102491.4581724304
61088,94013.4342857143
61089,91913.2944109136
61091,94013.4342857143
61093,102491.4581724304
61094,94013.4342857143
61098,52171.48451506833
61251,110000.0
61254,140118.95765870129
61255,90000.0
61261,161413.55148849398
61270,126799.9715974875
61273,155333.6441904762
61274,148789.3530961384
61275,118447.57331301886
61276,145089.4377858037
61277,140005.4909920346
61278,153957.7453852814
61281,201285.0440796755
61282,148789.3530961384
61284,156042.82526811628
61288,148789.3530961384
61339,85000.17334927309
61406,149557.125
61407,160000.0
61409,135592.14859029852
61411,178000.0804084802
61423,199000.0
61427,196346.67637426904
61429,219349.15439819003
61430,169335.70188633943
61546,318637.31933333335
61548,143459.3432051191
61549,290000.1414400805
61561,328344.21217948716
61569,301066.408
61570,297885.57
61571,297885.57
61572,183911.6032178785
61573,297885.57
61574,195883.96680309862
61577,297885.57
61578,193132.69194139197
61651,841441.6559724067
61653,568820.9199032902
63856,245598.57997619046
63864,76000.0
63866,95000.0
63869,123501.7553884712
63870,106516.00946897625
63873,113480.19961904762
63875,205075.288
63876,115292.0
63877,114363.76779739207
63886,291298.81809991313
63888,148583.46333333332
63889,398188.7231682762
63891,398188.7231682762
63892,398188.7231682762
63893,292760.58656936395
63894,160945.38542238416
63897,397758.31611100014
63898,149411.05736049838
63900,400866.35899056494
63901,148583.46333333332
63903,294781.3580363637
63904,398188.7231682762
63905,294781.3580363637
63916,174580.5346031746
63917,110173.77095780046
63918,127344.45842857144
63920,171438.9677142857
63930,71061.70942857143
63932,73171.55343789714
63933,73171.55343789714
63934,238746.96803174607
63937,83903.7315897436
63959,74036.97066666666
63960,87509.68355994005
63961,110013.62128596893
63964,94332.85948299318
63966,173017.96749998626
63967,168157.27591873732
63973,148490.17764935063
63974,105792.64728961537
63975,108263.94761904763
63976,107471.93357587802
63977,105792.64728961537
63978,154505.96563423047
64114,136534.34142857144
64115,100565.73842857144
64116,130000.0
64117,99990.0
64121,95552.04710379781
64126,105000.0
64129,195352.4626309524
64134,103373.58093544727
64136,142368.78371428573
64137,135000.0
64170,105000.0
64171,116520.66994376609
64175,151212.218
64176,88623.42479166666
64180,77765.63333333332
64181,121768.88723809524
64182,90711.59438095239
64198,122583.99407503608
64199,92323.37854978355
64200,116207.80466666668
64201,91704.51350538351
64202,103141.26866666667
64204,102870.25142857143
64205,156042.82526811628
64206,145063.261681784
64209,106381.30447690884
64210,102999.51140304332
64211,120000.0
64212,102614.22033333335
64213,109554.56742857143
64216,109554.56742857143
64239,129984.0
64240,145293.31733333334
64387,125000.0
64389,101660.98092380953
64390,125000.0
64392,154004.28797300629
64393,154004.28797300629
64394,96004.0
64522,250675.77456410255
64524,175418.60012121213
64530,300000.0
64531,190000.0
64532,175530.61008916234
64535,264500.0
64549,200000.0
64552,171166.0
64571,121924.06908225104
64572,125376.98170426064
64577,174546.08757994222
64579,211466.40154017095
64581,184108.36579476955
64583,135000.0
64584,101490.1343936508
64588,66093.34205860806
64589,86189.016
64592,79953.38407326008
64634,208199.95827762404
64636,169166.45339950544
64777,284205.57992096484
64778,370000.0
64790,321586.0
64795,379679.7922077921
64798,408127.122283272
64799,200000.0
64805,437377.4
64897,360000.0
64900,568820.9199032902
64902,580000.0
76324,174400.2248095238
76325,81543.57133333333
76328,97296.98272373238
76460,93007.81666666668
76479,153952.34585949138
76481,84967.65542857144
76488,110233.09838241761
76489,165845.6686047619
76491,129633.37367142856
76492,137445.8004761905
76496,180979.35912328502
76497,102374.73160961077
76498,101905.55184770601
76576,99925.90283028081
76581,150208.2698046398
76582,119141.25576190477
76586,69740.02461904762
76587,105446.77524907891
76591,102294.95500880397
76598,144797.7902544597
76608,119141.25576190477
76625,90801.7571161766
76647,143487.2
76657,119786.60866666667
76754,101718.53188045976
76769,152584.83603174603
76786,202878.64160607758
76791,102720.56963036963
76833,152440.16933333335
76868,126148.27020952379
76881,129312.78900111925
76882,143948.76966666666
76886,236278.94387301587
76973,223208.72504784723
76981,193662.48003679654
77157,228594.05997632095
77213,241271.98449999996
77221,237069.63437414472
77395,160961.70308878587
77409,329351.0633333333
77543,555647.0187894854
107011,94000.0
107014,151878.43182969344
107016,150994.87055860806
107020,93277.37648546243
107021,124532.74493520403
107022,124973.0
107023,68772.25375204199
107024,124532.74493520403
107026,107987.72711858078
107027,117620.71195238094
107028,117507.19224929294
107052,90000.0
107055,113463.82055377358
107077,109139.61113997111
107079,109139.61113997111
107080,109139.61113997111
107081,109139.61113997111
107083,76978.84966666665
107084,76978.84966666665
107085,100717.81106666668
107086,350202.1
107088,115262.47938095237
107134,218939.39476190472
107144,102491.4581724304
107145,111957.81566430235
107146,102491.4581724304
107147,192014.00087255886
107148,128296.73911834357
107152,213415.51613333332
107153,213415.51613333332
107154,213415.51613333332
107155,213415.51613333332
107156,213415.51613333332
107167,143512.53290732205
107168,142225.95633333334
107171,112479.57144913584
107306,132055.58235294116
107307,148998.1052058886
107311,159663.42902564103
107319,114944.29355392755
107321,188918.80116666664
107324,145945.41472144122
107329,150742.09187619048
107333,106912.55383336663
107334,151661.83333333334
107335,106912.55383336663
107350,78876.56335843517
107351,84102.13959900783
107352,118473.12895843682
107475,290000.22302067664
107485,280000.1533600106
107489,293306.4852786997
107490,304703.8454285714
107492,438660.446
107497,432135.9328333333
107513,115000.0
107515,117571.41348061395
107525,189550.0
107618,194578.0
107636,309578.6646666667
107645,289254.6746666666
107657,184000.00274791586
107658,220692.11476226128
107659,230000.0
107661,190592.3762295579
107743,189762.8286688683
107762,651793.472988123
115818,179185.06240000002
115848,96891.8
115866,324626.8833333333
115867,92403.21074640522
116064,101509.92313333334
116073,132245.36895238096
116590,245139.69919658118
121057,88046.80224672107
121143,73879.95454545459
121144,97472.2
121147,159660.5397085137
121149,71000.0
121151,128996.3333253968
121154,121071.49584682536
121156,142561.0919008664
121176,163067.50152269952
121179,121078.70490115437
121180,120686.88719191919
121187,98536.42066666666
121190,107681.34180952382
121191,112548.372
121192,100469.74607692307
121194,92958.60465182089
121195,125912.95862222224
121201,77439.73499050805
121202,105353.75741196456
121204,114707.20504678217
121208,69388.55714285713
121307,83218.66666666666
121310,117329.04959004329
121321,102585.3322047619
121330,219314.0654285714
121331,162216.8387301587
121335,211781.16182900438
121339,183315.9564259277
121340,149461.24537998086
121341,169404.05
121344,130000.08356325343
121349,98000.06715807044
121350,90655.61226300907
121351,205294.82688888887
121352,128322.376
121353,122000.07538339704
121401,175369.196484127
121404,220807.41314285714
121405,112965.08860317459
121408,97985.00964249576
121434,99465.46124699719
121435,104541.33632380952
121437,97329.50922982262
121439,115966.59133333334
121440,160095.69562877784
121457,147209.92971952888
121459,157569.378
121461,99844.4758302154
121462,102999.51140304332
121463,106381.30447690884
121464,123331.11352369015
121465,117783.22847330618
121466,113720.76145762984
121467,158897.40999755802
121470,106381.30447690884
121471,144134.3614232128
121509,130279.46011428573
121510,130279.46011428573
121514,107560.42187731109
121515,173651.0284603174
121516,117904.617
121517,129817.2448823106
121565,130779.482
121566,108917.29456841493
121739,192161.6
121749,199500.08169228394
121750,199819.2957523423
121751,162781.58196666665
121754,120479.23607387056
121755,140881.58921727302
121765,145154.20000000004
121768,322905.36732344504
121771,264231.0
121773,161111.71936353995
121774,205261.7935443811
121796,139389.8316666667
121800,492841.3762857143
121823,319209.4166666666
121824,182634.50032508565
121829,154874.071
121831,158402.5555098995
121832,192774.47600000002
121836,228534.40835873017
121837,217456.94695918352
121838,230072.32781822732
121840,251589.12206837608
121841,209090.8345027842
121859,168362.7521563403
121865,191614.61436752137
121866,137204.0
121867,143710.3938095238
121886,170004.29556363638
121887,169099.374
121953,129504.12239590476
122074,408377.25
122078,198000.0
122079,224479.16039984245
122085,230000.08078725066
122087,183922.82789596944
122088,172500.07504313314
122095,199000.0
122096,218101.88513898646
122100,373841.6858333333
122101,393678.7175
122105,225404.86105987974
122115,499714.0
122116,260831.0776190476
122118,438007.97533333336
122122,351507.0902515441
122124,462538.6110301464
122127,449370.3355350764
122129,227598.56
122130,225695.2466320346
122136,339780.5333333333
122166,169351.83441816428
122170,285385.7156957154
122242,300845.198
122274,449039.33119047625
122563,63520.57023333333
122564,78980.37410147782
123271,94000.0
123272,93277.37648546243
123273,68772.25375204199
123274,124973.0
123275,124532.74493520403
123276,124532.74493520403
123277,90000.0
123278,66124.10304665302
123282,102491.4581724304
123283,111957.81566430235
123284,102491.4581724304
123312,159663.42902564103
123316,149031.64767676764
123317,135407.71196825398
123319,188918.80116666664
123320,133325.56
123327,152000.0
123329,118473.12895843682
123331,78876.56335843517
123332,85000.0
123343,189331.37887169438
123344,213692.71924964373
123347,196694.66844170017
123351,250775.10023239534
123352,200218.54175824177
123354,280000.1533600106
123355,192505.96824871795
123367,115000.0
123369,117571.41348061395
123373,137000.0
123386,194578.0
123387,567234.5109890109
123389,230000.0
123390,184000.00274791586
123392,220692.11476226128
123394,190592.3762295579
123402,380297.1516483517
123404,547496.5769841269
123408,570373.0594017094
126533,383646.13210256415
126601,141237.63738705736
126825,117196.24657060835
126828,105040.0
126830,102132.04024372894
126832,79467.10716440438
126833,67531.57053931625
126834,79467.10716440438
126835,79467.10716440438
126837,98022.135
126847,109320.806
126849,119420.26095479677
126850,197646.42868534426
126851,153575.52320634926
126852,119481.43455124352
126853,153575.52320634926
126858,123264.01777892308
126859,140000.12219638782
126863,123264.01777892308
126864,123322.68683304758
126925,50765.546849593105
126927,77439.73499050805
126932,76200.18943419916
126934,105117.08368517665
126935,344328.3187914195
126936,77319.46088286124
126938,94607.56833721822
126995,127418.58128571429
127008,107827.046
127046,75800.13333333335
127062,159633.99333333335
127073,100322.03878326634
127080,118667.16366666666
127083,135801.520550528
127084,208000.0
127086,99812.86792207794
127088,141901.84383839782
127095,520000.0
127138,152683.70266666665
127141,165192.9448730159
127162,76832.18634680034
127163,125629.16645598836
127164,125629.16645598836
127165,125629.16645598836
127166,125629.16645598836
127168,90164.21086956521
127176,74961.71124213183
127177,90911.09270259741
127178,163067.95316666662
127179,142453.48541780992
127181,142453.48541780992
127208,128793.9303203463
127216,125702.47739469339
127217,119957.6696
127218,125702.47739469339
127219,68354.86647796647
127337,78034.20403196804
127339,92496.79365396826
127342,134084.15233100238
127343,194160.0
127362,142683.5166666667
127392,169732.36022444695
127411,225159.8851190476
127419,214842.90733333334
127431,263684.70441666665
127439,246963.4121931986
127451,255710.8831923077
127476,238214.44733333334
127482,139999.94154580092
127483,149843.0
127487,141228.54877777776
127497,217769.5085259412
127498,257650.48034343432
127521,188435.96666666665
127528,189213.97464241975
127530,155486.5166985634
127531,149742.59380952385
127587,235686.80533333332
127603,144615.8537107251
127612,509209.2059683951
127637,294208.0
127638,269915.38572469103
127639,217809.53903196595
127651,302455.4008666667
127681,290000.148241069
127686,492172.93266666663
127687,438660.446
127725,185000.0
127726,190132.14144911297
127727,240000.11173004555
127790,777310.6666666666
127813,560130.70501128
127814,1101738.793151515
127817,588556.9714285714
132609,137441.078
132615,118000.0
132619,67531.57053931625
132620,118732.8888634901
132621,118000.0
132626,65000.0
132641,510256.06904285704
132642,168403.85
132646,112002.06333333334
132651,77439.73499050805
132652,77439.73499050805
132653,77439.73499050805
132654,73171.55343789714
132655,73171.55343789714
132656,73171.55343789714
132657,73171.55343789714
132658,77439.73499050805
132659,77439.73499050805
132672,85228.55769696968
132675,118000.0
132688,96544.03443434893
132824,89890.51666666668
132825,65040.280666666666
132856,149071.95652434186
132857,160000.0
132859,190000.0
132864,93790.80666319835
132870,190000.0
132919,139324.78426666665
132920,162132.64733333333
132921,105649.83424585593
132922,138738.86243571428
132923,153276.52062857142
132924,137563.55342857144
132925,139324.78426666665
132926,139102.49828442113
132933,99000.0
132951,69491.97433333335
132953,112608.5670044262
132955,76328.11825877432
132956,118984.0
133022,102583.30778181816
133193,214760.87326190478
133194,220000.0
133195,187288.32928851346
133196,190000.0
133197,187288.32928851346
133198,205000.0
133199,131180.19881526803
133205,220000.0
133208,185040.21185558964
133232,260919.75666666665
133245,228534.40835873017
133258,220000.0
133260,133913.4
133262,340000.223125405
133263,149000.0
133264,139999.86965336514
133266,190000.0
133450,261000.10014348544
133451,259902.48139066313
133455,259902.48139066313
133457,273000.0
133458,259902.48139066313
133462,357869.09040476196
133478,306784.0
133493,249003.77777777778
133575,380297.1516483517
143844,108562.72637748918
143873,69389.757
143895,86864.72104590964
143899,151232.32
143960,136812.94829841272
143987,108562.72637748918
143990,111082.77425520425
144029,113955.96396825397
144030,99372.04421298702
144031,99372.04421298702
144289,72990.20774111393
144291,163269.7985321068
144292,167495.90625396825
144293,149315.14730396826
144428,359931.16739793547
144484,433401.284
144570,845949.9516666667
161005,84092.34099567101
161015,94000.0
161020,119041.79055433699
161021,83916.3600442501
161023,165674.6458152959
161025,94000.0
161026,109304.79962553513
161027,112551.39574917199
161028,113365.75467070044
161029,110276.92764512754
161030,137641.2037476191
161032,112551.39574917199
161033,113365.75467070044
161034,113365.75467070044
161036,109809.9471723616
161037,184647.25733333334
161038,98859.66605007212
161039,112551.39574917199
161040,110276.92764512754
161041,109304.79962553513
161042,179793.4046666667
161043,108449.00669218233
161044,112551.39574917199
161045,118732.8888634901
161049,110276.92764512754
161054,156313.4689166667
161055,109809.9471723616
161056,109304.79962553513
161057,120962.57253333331
161059,112551.39574917199
161060,112551.39574917199
161061,157503.75797979799
161063,129835.44877101085
161064,113365.75467070044
161066,109304.79962553513
161067,109304.79962553513
161069,109304.79962553513
161070,113365.75467070044
161071,113365.75467070044
161072,174927.6536190476
161073,113365.75467070044
161074,113365.75467070044
161075,109304.79962553513
161076,104937.18854657073
161078,109304.79962553513
161079,113365.75467070044
161081,104937.18854657073
161082,109809.9471723616
161083,112551.39574917199
161222,398188.7231682762
161224,294781.3580363637
161230,395823.44828571426
161232,305778.84733333334
161234,291298.81809991313
161236,106917.51230341416
161249,105016.69771588217
161251,105016.69771588217
161259,73171.55343789714
161290,74450.21948338245
161292,119241.78424366369
161294,74450.21948338245
161307,172469.7499023045
161320,159997.9470611111
161478,68075.53950018433
161481,75976.38372582974
161483,141854.3
161484,89496.25714285714
161486,170859.86182795698
161493,149494.50240634644
161494,95000.0
161495,127567.02915343914
161499,139356.4664904762
161503,242700.0
161504,149494.50240634644
161546,114324.777
161548,110652.162
161561,135000.0
161562,109799.02666666667
161576,171083.8214285714
161579,118473.12895843682
161581,148789.3530961384
161584,86929.17356054399
161586,96441.93700000002
161682,85440.91954059694
161806,252000.0
161807,184000.0
161809,240000.0
161858,137000.0
161859,214470.574
161921,97860.00714285714
162066,235000.0
162078,384948.9435266558
162080,494683.0
162090,825000.0
162094,472826.52
162096,512827.5020952381
162101,140494.73073730373
162102,420000.0
162104,477215.0
162106,315021.21079198
162108,201732.16351161455
162204,320000.0
170745,120934.48348571429
170748,139861.23974098123
170750,185894.0779047619
170751,241505.6925
170779,107987.72711858078
170781,99511.37195238097
170798,153387.92805042016
170809,281239.45742645505
170913,146657.6233015873
170926,126473.7060952381
170932,97004.06666666667
170933,238754.3788928844
170934,117610.31702380953
170935,117610.31702380953
170936,136959.984
170937,131140.43792033236
170938,89424.63654401155
170939,131140.43792033236
170940,218190.47785137314
170942,131140.43792033236
170943,117610.31702380953
170944,252600.0918681319
170945,218190.47785137314
171681,177677.166
172151,171547.51685714285
172155,282972.9935661585
172472,258797.5066594713
172474,355489.8636190477
173952,86184.42333333332
173953,86184.42333333332
175046,230568.67520146523
175055,113309.76180021168
175099,425206.9493333333
175597,97601.89933333335
176350,85415.84984515866
176351,108314.57671111112
176352,113893.45896507936
176354,114093.58104408969
176355,119534.28558266189
176356,119534.28558266189
176358,114093.58104408969
176359,114093.58104408969
176360,114093.58104408969
176361,119534.28558266189
176362,114093.58104408969
176364,114093.58104408969
176365,114093.58104408969
176366,119534.28558266189
176367,119534.28558266189
176368,119534.28558266189
176369,114093.58104408969
176370,119534.28558266189
176372,114093.58104408969
176373,106614.42304917311
176374,104823.44351228501
176375,95000.0
176376,130000.0
176378,115000.0
176380,114618.66987301588
176389,80000.0
176392,95190.10658230388
176429,140105.9166666667
176431,158249.97295238095
176432,163818.10196540077
176434,89746.7804602219
176435,163818.10196540077
176436,163818.10196540077
176438,163818.10196540077
176440,163818.10196540077
176441,163818.10196540077
176443,163818.10196540077
176446,165000.0
176452,128836.11608143416
176468,160241.53000000003
176471,209394.69833333333
176472,168178.34876190478
176473,143084.1698
176475,137015.13307936507
176476,128589.0868961039
176482,128020.96945238094
176483,103307.224
176495,91019.8
176500,142453.48541780992
176501,142453.48541780992
176508,87000.0
176509,109949.71903954582
176512,158000.17704514237
176553,207903.25203436517
176554,189377.37887169438
176559,213692.71924964373
176568,169236.15489680856
176572,140806.4779345259
176579,199000.0
176597,169520.3395266229
176598,167306.81763319977
176608,184227.44
176611,190000.0
176612,232972.99514808293
176649,207594.26929142833
176651,227918.17347010077
176654,573487.8333333334
176655,183922.82789596944
176656,225615.81446093478
176661,201183.6795185171
176666,477128.3234265736
176670,476357.4509523809
176675,327915.40240327996
176678,230000.17962649796
176679,520526.042
176703,779241.922
176708,271500.2006454632
177828,400136.47176623385
177872,323336.7
177874,332865.83508571435
177875,413855.359047619
177876,304479.4826666667
177877,206733.75323809523
177878,174230.9577682084
177881,67519.78571428571
177886,377187.80980952387
177891,122064.96916666669
177893,159366.9322928513
177897,83486.895
177899,86716.05666666666
177919,202438.8693333333
177925,246593.13844444446
177943,99295.71133333334
178529,193168.6666666667
178822,344020.49048104585
178833,283552.3418095238
178846,232848.90323333335
179811,367655.4666666666
180267,122270.73457142859
180271,160812.29840555557
180295,85542.14109359606
180435,116647.87333333331
180436,125338.83864761904
180438,126454.75366813189
180439,108373.15884049282
180440,79576.43567814314
180444,129292.52766464645
180446,110623.89999999998
180447,106516.00946897625
180472,160634.11403174602
180476,78783.71957142858
180477,104119.36007407408
180485,87554.66533333335
180491,71311.28340738347
180495,73171.55343789714
180497,73171.55343789714
180498,73171.55343789714
180501,73171.55343789714
180504,73171.55343789714
180508,118771.39184761903
180509,73171.55343789714
180517,82516.45738719468
180520,135012.00788888888
180523,106486.00927936508
180533,73142.80663729689
180535,146962.71323809525
180623,82378.4047619048
180625,105739.10238095242
180639,115578.62216666667
180641,225284.06495238098
180642,226178.78
180652,99024.0
180653,183083.05381818183
180655,84752.39819624822
180661,193481.28459999998
180663,229920.56
180675,200116.874
180677,128253.6
180678,224379.67990829961
180679,141901.84383839782
180680,100201.95897435897
180717,105079.03733333334
180719,116367.43446710151
180724,78124.84593650795
180725,105079.03733333334
180734,170000.0914733099
180735,100168.58851282051
180737,101439.94914285715
180739,94095.78547619043
180745,99718.85671700843
180751,125446.31083333331
180754,149867.30961255063
180756,149867.30961255063
180758,141547.65983333334
180760,142453.48541780992
180761,92425.64700000001
180766,123119.2078917793
180784,118698.0
180788,108565.87396825397
180792,102999.51140304332
180794,106381.30447690884
180803,90698.32084848486
181119,184356.98238095237
181131,150064.0
181133,254865.9921891678
181134,288339.75613315514
181138,254865.9921891678
181141,265000.4213019038
181144,254865.9921891678
181145,254865.9921891678
181146,254865.9921891678
181147,252058.05258874455
181186,164508.0738095238
181187,285315.3333333333
181189,261368.55660973137
181199,147993.7874047619
181202,262400.72843573045
181203,200262.47886904766
181204,169116.87347619457
181205,160895.9293333333
181208,152478.879
181210,170387.112
181219,203557.02666666667
181222,159990.5239455852
181247,266338.6728888889
181248,195592.88358176633
181249,146858.8448707261
181252,175511.06095641028
181253,184126.29869223307
181267,160667.69541125538
181269,170267.6278095238
181330,132883.20728571428
181482,336218.333625731
181490,252625.168
181495,185531.91445646257
181497,230000.0
181500,317975.0669743589
181515,322863.094
181524,306784.0
181541,173194.35757575757
181542,198185.67154457633
181543,250000.0940681661
181545,205237.61943555772
181555,199750.0
181557,375000.0
181558,228938.8406260406
181559,199064.6
181676,517850.2138095238
181682,1213620.0
181686,375000.0
181687,569271.0589333333
181700,375556.00036363635
181742,698490.0
181743,698490.0
181759,1069578.2997142856
182707,135779.1006666667
182710,145967.934
182712,160481.45120718458
182731,120078.5
182742,105776.60126181987
182759,96480.87067965369
182807,97570.00688600291
182815,144342.86702380952
182885,118593.86866666666
182902,202910.76592799067
182985,170618.7
183014,117102.8619047619
183151,414428.00935714284
183152,368554.5951142857
183153,195016.66666666666
183155,407145.49540476187
183166,333579.11232121213
183173,256654.79082352942
183250,553341.6817619047
187367,92206.71874074072
187730,81256.21791341991
187810,176616.712
187811,91287.11666666665
187854,91287.11666666665
187910,113297.29114718613
188009,102006.83523809523
188024,66509.78
188026,70938.02927672329
188060,91287.11666666665
188093,166165.9798111111
188322,150939.2735285271
188768,276161.6624126984
190151,68941.87375552645
190186,52297.908257053845
190187,102856.84292394915
190205,102000.20517108402
190212,87500.0
190213,87500.0
190218,89008.0
190219,108763.10360926476
190220,246580.996
190221,119668.144
190355,79123.80151602975
190414,83000.226901678
190417,100000.0
190418,94765.63035206581
190422,98000.17370272131
190451,115768.78012121213
190479,107911.75935495034
190481,102999.51140304332
190484,102999.51140304332
190486,135133.76499859948
190487,107911.75935495034
190789,215000.1269490952
190791,119969.912
190792,160664.3662424242
190794,150093.0062076813
190797,187456.88670127606
190798,165000.04436644458
190801,174000.0
190815,336459.3971492064
190816,354373.05219047616
190817,342768.1386666667
190820,260000.24401126296
190846,220000.0
190848,150222.19850093816
190849,120003.0
190914,120217.75
190915,137000.0
191020,217809.53903196595
191022,386481.58737178927
191025,234817.0
191026,325000.0
191036,413602.3116742424
191043,420000.2655548103
191045,231450.64961307644
191062,338003.4927335666
191133,330000.0
191134,329000.0
191144,381978.6411477411
191151,201462.8985971136
191193,626234.9940476196
191399,103897.62844761905
191417,111996.52552380951
191456,92323.31850540492
191980,131839.17036716794
191982,135785.73275030853
192279,163112.76137229436
192304,121063.49483937393
192307,154106.69396536794
192542,266097.9249666666
192769,106516.00946897625
192770,129721.38022222223
192772,120510.87442002441
192779,124626.91032799319
192780,95000.0
192789,104817.43760683762
192792,99655.0
192793,96429.08301514656
192797,73171.55343789714
192800,91192.17449170437
192805,99042.55418056478
192829,212408.02666666664
192830,73908.12688888887
192831,149220.5
192833,99990.0
192834,100565.73842857144
192836,135000.0
192837,175027.7279376624
192846,95552.04710379781
192860,119557.25933333336
192872,145063.261681784
192875,158434.3155721925
192876,156042.82526811628
192892,96004.0
192909,207903.25203436517
192910,190000.0
192916,264500.0
192917,286663.1945670428
192922,171166.0
192923,170036.0
192932,265291.6912380952
192947,211466.40154017095
192949,184108.36579476955
192960,186141.1700909091
192963,169166.45339950544
192976,370000.0
192978,284205.57992096484
192979,200000.0
192984,317108.303458796
192992,200000.0
192993,307820.6222222222
192994,408127.122283272
193006,360000.0
193013,580000.0
193014,987890.4968333334
193016,1327973.5434010427
195376,138831.01176915376
195386,106639.07467114365
195388,91072.52743679655
195389,147266.11269047618
195400,147266.11269047618
195446,73879.95454545459
195457,71000.0
195458,76450.48438095239
195462,142561.0919008664
195463,142561.0919008664
195468,115089.276
195470,115292.0
195472,111273.63838766784
195474,94060.394
195476,94060.394
195477,94060.394
195478,94060.394
195479,94060.394
195480,94060.394
195481,94060.394
195482,94060.394
195483,94060.394
195485,94060.394
195486,94060.394
195489,94060.394
195490,94060.394
195491,94060.394
195492,94060.394
195494,94060.394
195514,102000.20517108402
195517,136985.87556190474
195518,125487.50625166007
195529,115743.35783333333
195532,51293.8880952381
195535,77439.73499050805
195539,77439.73499050805
195547,114707.20504678217
195556,70740.33636255412
195573,113080.652
195581,143045.30666378065
195584,143045.30666378065
195585,143045.30666378065
195591,143045.30666378065
195593,157117.67100000003
195600,152634.1042180451
195605,143045.30666378065
195661,88555.47685419155
195668,90655.61226300907
195672,130000.08356325343
195674,121318.5118646722
195679,98000.06715807044
195682,119210.66179797977
195683,118451.7319343434
195684,118451.7319343434
195685,118451.7319343434
195686,118451.7319343434
195687,118451.7319343434
195688,119210.66179797977
195689,118451.7319343434
195690,118451.7319343434
195691,119210.66179797977
195692,119210.66179797977
195695,118451.7319343434
195697,119210.66179797977
195698,119210.66179797977
195700,119210.66179797977
195701,119210.66179797977
195702,118451.7319343434
195703,118451.7319343434
195704,118451.7319343434
195706,118451.7319343434
195707,119210.66179797977
195708,119210.66179797977
195709,119210.66179797977
195710,118451.7319343434
195711,119210.66179797977
195736,101074.09966666668
195741,316696.11819999997
195749,97985.00964249576
195750,97985.00964249576
195765,97329.50922982262
195768,193592.40233333333
195769,155293.19157894736
195772,167326.3943333333
195788,195000.0
195792,85006.36666666667
195795,102999.51140304332
195796,157569.378
195797,106381.30447690884
195798,123331.11352369015
195800,99844.4758302154
195801,158897.40999755802
195807,176313.6857458051
195808,153961.4352761905
195844,129817.2448823106
195853,160205.7788484849
195854,146496.1910909091
195855,151645.49450000003
195857,152046.38100000002
195858,151645.49450000003
195859,108917.29456841493
195953,326649.64803415537
195955,205261.7935443811
195956,161111.71936353995
195960,206145.63251786897
195962,264231.0
195993,293596.9652786997
196006,354443.0243772868
196007,158402.5555098995
196021,239354.9144
196024,301167.15187249915
196025,168362.7521563403
196026,205593.26972342163
196027,196899.78288796707
196124,285258.76627182914
196127,224479.16039984245
196129,198000.0
196132,230000.08078725066
196138,340988.4
196139,524946.9931666666
196141,341238.4
196143,329950.6238
196145,339204.0022666667
196147,199000.0
196167,449370.3355350764
196175,247537.71609646882
196188,285385.7156957154
196190,230000.08093030096
196233,439756.0
196241,568858.5
200179,95478.18213333332
200276,105686.27735714287
200277,94000.0
200283,119041.79055433699
200284,83916.3600442501
200285,95146.5
200286,114000.88447619049
200288,179707.00604389966
200292,129921.97372636721
200294,115482.0
200295,118732.8888634901
200296,113480.19961904762
200309,173976.146
200310,88511.53860854698
200311,112488.98873333333
200312,94477.47638095237
200313,160634.11403174602
200314,127657.9835064935
200315,118028.59656190478
200317,381584.936095238
200318,76159.41259515141
200319,115741.65476666666
200320,108154.68896969697
200324,294381.9333333333
200326,152890.16596825395
200335,50971.985066666675
200348,105016.69771588217
200349,238145.5911111111
200350,105016.69771588217
200352,277833.9231547049
200353,402815.8140705149
200394,73171.55343789714
200432,119241.78424366369
200436,74450.21948338245
200447,259625.4931520924
200460,236945.42756190477
200461,194880.0733333333
200462,194880.0733333333
200463,124582.96555555555
200464,140083.5263809524
200465,194880.0733333333
200466,136514.036
200467,136514.036
200501,128986.92886615748
200502,215230.8357862319
200503,108835.02660960863
200608,68075.53950018433
200609,141854.3
200613,170859.86182795698
200614,140527.28527826787
200616,152753.774
200617,127577.4
200620,125916.57482487442
200621,95000.0
200628,125183.581047619
200629,122158.67615765553
200630,242700.0
200631,223981.31626666663
200632,125916.57482487442
200634,193096.1250254063
200636,145945.41472144122
200638,118904.04594444444
200639,87270.05841758242
200640,89813.90941910364
200641,195055.17483333335
200642,110814.97066666668
200643,125916.57482487442
200644,110814.97066666668
200645,134301.00119698822
200646,125916.57482487442
200670,165331.69392322382
200671,111486.71656410258
200682,179762.29142432223
200683,179762.29142432223
200686,179762.29142432223
200687,163342.94610215304
200689,179762.29142432223
200693,97329.50922982262
200698,64387.196
200699,91236.99199999998
200704,82414.45521500721
200712,172350.54448270184
200713,172350.54448270184
200715,86528.33333333334
200716,172350.54448270184
200717,190286.69299148634
200727,86929.17356054399
200728,124313.86818344156
200732,118473.12895843682
200736,129033.40791731306
200806,122924.48240757575
200807,96617.17887326673
200935,252000.0
200936,240000.0
200937,240000.0
200940,184000.0
200941,256952.3564761905
200943,125987.0
200944,160576.20567529995
200945,265000.0
200946,468275.0673333333
200950,265103.0
200967,323646.3013333333
200973,265040.0
200978,219161.8849206349
200979,223218.0
200980,146597.47497254657
200981,214740.0
200982,121924.06908225104
200983,149000.0
200992,134237.8393917799
200993,140000.0
200996,137000.0
201016,205250.32133333336
201017,269959.9745628816
201018,269959.9745628816
201032,146652.24347349536
201185,235000.0
201187,449106.13333333336
201193,846476.1666666667
201208,140494.73073730373
201209,420000.0
201211,201732.16351161455
201278,394060.31247619045
201954,47598.26666666666
201956,142911.9946666667
202016,222507.60147759106
202029,99606.55676190478
202040,76608.013676047
202042,134752.91005555555
202046,127900.32999999999
202047,111025.8
202048,113236.13692857143
202063,101045.47396315583
202068,73078.2569504432
202075,72495.84536226549
202088,101849.8062857143
202099,107988.24663492062
202161,98125.7987167062
202171,188746.40756666666
202172,183981.4301406926
202182,229173.69368253968
202187,222601.9994
202188,116174.29879012346
202231,66695.35928095238
202239,96026.63333333335
202241,123144.58963852908
202250,187055.234
202284,112507.2320595238
202287,126825.39419047617
202418,184942.13704906206
202435,265406.58108571434
202436,228316.0276190476
202437,174662.36190476193
202458,201572.18
202462,198571.86302534727
202466,286550.0293333333
202468,286550.0293333333
202469,286550.0293333333
202500,197266.56095238097
202513,210059.117136508
202585,519434.35321611713
202601,509917.00014285714
202659,1238974.6241904763
213689,129833.04533333333
213690,129872.68057264957
213710,90548.2595952381
213712,134806.15637301587
213787,192312.45162726162
213849,84718.74228571428
214383,115462.71706249045
214521,83546.63193650794
214604,93060.28166666668
214694,241924.3291666667
214695,166560.46933333334
214919,207540.60905714298
214928,191554.20298689185
215077,305492.00266666664
215946,94000.0
215948,83649.39829166667
215949,124973.0
215950,124532.74493520403
215951,68772.25375204199
215953,124532.74493520403
215957,90000.0
215971,102491.4581724304
215972,102491.4581724304
215989,145000.19637837773
215990,148998.1052058886
215993,159663.42902564103
215996,149031.64767676764
216014,123914.56
216017,98633.593
216018,152000.0
216027,78876.56335843517
216028,85000.0
216029,84102.13959900783
216031,118473.12895843682
216055,189331.37887169438
216056,196694.66844170017
216058,280000.1533600106
216063,313921.50793650793
216072,165611.31320346319
216075,115000.0
216076,117571.41348061395
216084,242186.18133333334
216086,137000.0
216099,194578.0
216108,220692.11476226128
216109,230000.0
216151,93927.5
216152,93603.6342857143
216156,93740.0
216893,86381.786
216965,73879.95454545459
216971,71000.0
216973,142561.0919008664
216974,142561.0919008664
216975,130000.0
216978,131864.69957142856
217010,77439.73499050805
217011,77439.73499050805
217014,114707.20504678217
217015,91890.262
217021,84000.07934214141
217022,70740.33636255412
217074,75800.13333333335
217094,88555.47685419155
217102,130000.08356325343
217103,90655.61226300907
217141,97985.00964249576
217181,97329.50922982262
217186,195000.0
217188,85006.36666666667
217189,106381.30447690884
217190,117783.22847330618
217194,102999.51140304332
217196,109949.71903954582
217198,157569.378
217211,129817.2448823106
217274,108917.29456841493
217361,149225.65221445216
217362,199500.08169228394
217371,161111.71936353995
217374,264231.0
217377,205261.7935443811
217378,206145.63251786897
217415,158402.5555098995
217416,228534.40835873017
217431,205593.26972342163
217558,172500.07504313314
217559,198000.0
217561,283000.0
217562,183922.82789596944
217565,224479.16039984245
217566,285258.76627182914
217567,230000.08078725066
217570,225404.86105987974
217571,199000.0
217585,449370.3355350764
217601,285385.7156957154
217634,439756.0
226632,238965.24430000008
226635,103574.50314523805
226636,115686.39236964757
226638,118152.90450288598
226639,162378.07283030302
226678,108776.6195033855
226681,91872.72968376068
226682,86445.17293333334
226949,82675.40567702963
226954,261931.0745
226955,243405.24652380953
226956,163256.502989899
226957,94000.0
226958,52297.908257053845
226959,123469.88803318903
226968,89699.82697469852
226969,107595.52637988009
226973,111643.80000000002
226976,138880.90135714287
227048,89125.53995271395
227050,124691.78161904763
227051,98202.64333333334
227053,114252.07015584414
227054,116437.34880993392
227057,111692.93912698414
227060,80595.99740080694
227073,98227.44269741852
227074,105117.08368517665
227075,122770.76666666662
227113,103322.07266666669
227114,141772.43011002507
227115,141772.43011002507
227138,108835.02660960863
227142,70078.95
227269,133432.37933893557
227276,88360.24603174605
227277,136838.3640379917
227279,120000.16753277791
227292,183035.4947169531
227303,115000.0
227306,188510.89878976523
227308,141901.84383839782
227365,210000.0
227367,202093.3765672229
227369,218286.72573121585
227387,145465.5070933344
227388,67673.4385554605
227394,142453.48541780992
227395,142453.48541780992
227408,195595.20608695652
227411,130000.0
227413,122216.30682713825
227415,117285.50909014892
227469,103185.36547619048
227470,93369.15319127541
227527,111271.40441269842
227535,66750.0
227749,192492.1450985771
227772,213978.332
227776,184000.0
227777,169328.11087850726
227778,192563.46332295163
227779,149768.0
227794,200000.0
227801,200000.0
227803,264500.0
227823,350506.87508303806
227842,239811.49857746315
227844,192492.1450985771
227849,211797.49515151515
227856,176057.77109647056
227862,179936.19625396992
227864,155000.0
227865,110000.0
227884,204857.29509267813
227920,143681.4183150901
227921,236113.66666666666
228062,261814.96651061336
228066,533710.622413333
228069,238000.0
228071,240000.0
228073,240000.0
228086,306470.4
228091,251826.0
228104,249000.0
228107,222866.20621495415
228109,198872.0
228138,370000.0
228220,528358.7226666666
228221,444609.22133023135
228276,1069578.2997142856
228466,129865.15306782874
228591,73879.95454545459
228594,71000.0
228595,130000.0
228596,142561.0919008664
228602,102000.20517108402
228630,77439.73499050805
228634,91272.4032127869
229014,114355.05266666667
229127,140176.1193846154
229129,124834.0745977308
229130,88386.00609740261
229131,178557.0744638231
229397,108829.0934285714
229398,83643.2093063492
229401,129716.08982399078
229427,93993.29761904762
229429,208873.8333333333
229661,176039.5889673203
229724,183315.9564259277
229727,88555.47685419155
229735,203485.45627274422
229737,98000.06715807044
229738,130000.08356325343
229742,90655.61226300907
229745,162368.7726047619
229750,210959.21066666665
229753,98384.69858730157
229763,98384.69858730157
229764,98384.69858730157
229766,98384.69858730157
229768,142876.74203632036
229770,97985.00964249576
229773,99465.46124699719
229777,134448.2590344828
229778,134009.91619047616
229779,97329.50922982262
229790,195000.0
229791,134009.91619047616
229794,85006.36666666667
229795,117783.22847330618
229796,90393.55603861235
229797,106381.30447690884
229799,99844.4758302154
229801,123331.11352369015
229803,106381.30447690884
229806,157569.378
229812,160247.476662468
229815,129817.2448823106
229816,193797.605032213
229819,160247.476662468
229820,160247.476662468
229826,108917.29456841493
230083,121690.34614935065
230092,107356.88876604554
230093,79442.61136694679
230184,186896.55666666667
230234,264847.7777917556
230235,215364.8723333333
230241,140881.58921727302
230251,205261.7935443811
230256,161111.71936353995
230261,264231.0
230262,117214.304
230263,169695.25116916408
230266,350506.87508303806
230267,169695.25116916408
230268,169695.25116916408
230274,239811.49857746315
230278,158402.5555098995
230286,396940.66666666657
230293,168362.7521563403
230601,307975.2
230692,358320.0941428571
230695,315000.0
230696,172500.07504313314
230699,224479.16039984245
230700,283000.0
230701,285258.76627182914
230702,183922.82789596944
230703,198000.0
230707,230000.08078725066
230708,238000.0
230713,199000.0
230719,225404.86105987974
230721,419757.90284444456
230723,310351.31756582635
230724,240000.0
230727,240000.0
230729,379458.7733333333
230731,237958.14537284686
230737,449370.3355350764
230739,1058704.3821733815
230747,230000.08093030096
230749,285385.7156957154
231006,406222.0593015873
231007,1069578.2997142856
231012,678468.8095238095
231013,672883.2380952381
231015,444609.22133023135
232205,103161.92726962583
232206,205326.7216215539
232210,97589.39801717173
232211,123776.9560304852
232217,217360.8425
232218,204100.38828571426
232221,176267.72895217116
232224,76297.998
232227,82529.08800628108
232228,77439.73499050805
232229,73171.55343789714
232230,77439.73499050805
232235,102491.4581724304
232236,102491.4581724304
232237,55730.57610512982
232238,91913.2944109136
232239,102491.4581724304
232241,62521.254666666675
232304,81116.56857142856
232306,95000.0
232307,90000.0
232309,80000.1404599753
232310,110000.0
232312,140118.95765870129
232313,90000.0
232314,123290.366
232316,205000.0
232319,161413.55148849398
232332,148789.3530961384
232333,156042.82526811628
232335,140005.4909920346
232337,109072.5695307707
232385,108572.2782952381
232386,85000.17334927309
232451,160000.0
232454,332316.26684149774
232455,178000.0804084802
232473,145510.86162540858
232475,184108.36579476955
232550,290000.1414400805
232551,143459.3432051191
232553,199027.23076923078
232588,568820.9199032902
233566,97196.9653888854
233572,138017.08227348086
233578,97855.27432451931
233580,190714.69237530115
233582,134504.09333333332
233583,177328.83033333332
233585,445489.9723224156
233586,84250.03664788732
233587,90173.6
233588,391750.89135714294
233593,94060.394
233594,94060.394
233597,94060.394
233598,94060.394
233599,94060.394
233600,94060.394
233601,94060.394
233602,94060.394
233603,94060.394
233604,94060.394
233605,94060.394
233606,94060.394
233607,94060.394
233608,94060.394
233609,94060.394
233610,94060.394
233651,165256.08329585107
233652,100717.81106666668
233653,100717.81106666668
233654,165256.08329585107
233670,230456.8
233673,1080290.1293333336
233675,94667.43551984128
233676,84480.87
233679,95000.0
233681,74225.49020670298
233683,228219.34254761902
233685,88933.58098165727
233686,158771.8
233694,72670.06547619047
233698,49403.83571428571
233705,134935.80557575758
233715,85190.26737552407
233716,112919.06798619674
233717,88620.49922416187
233718,86169.22789082855
233826,104824.55333333333
233829,96602.47238668535
233845,152969.9982222222
233850,110723.7156904762
233852,195000.0
233877,57509.666666666664
233880,99000.0
233886,108243.97702380952
233888,119075.13685447894
233889,102627.01010639616
233950,158897.40999755802
233951,129982.11820165948
234214,223821.75052732843
234218,244588.00124545454
234226,229665.68800854406
234227,215000.0
234228,163208.46461904762
234229,215000.0
234240,248479.424
234242,273481.8
234244,208842.6
234246,267164.394
234264,143239.84621808145
234265,182528.52073114153
234269,235500.0
234270,153234.23565192972
234273,264951.8
234274,223420.8095789699
234326,149000.0
234327,214740.0
234328,222472.32665622974
234458,359816.0
234459,381504.242115942
234460,324659.375
234466,325100.23609098117
234476,266499.49
234486,331816.6908095238
234487,309158.5666666667
234490,875379.4043232101
234491,320150.77523809514
234503,299510.4
234506,339883.0241428571
234510,155000.0
234597,663647.5424325675
234598,651793.472988123
234599,608614.393961594
234600,608614.393961594
234602,593261.6380952384
234603,629265.5682539684
234629,1402060.0
237578,117339.1985
237725,89998.0
237726,89998.0
237731,105396.80118095239
237733,97589.39801717173
237735,123152.5554
237736,127583.17766666667
237739,172167.64142857143
237740,123776.9560304852
237787,121341.906
237788,118785.61464455543
237789,123181.81601659453
237802,76297.998
237804,111103.09525490196
237805,93624.4686996337
237810,73171.55343789714
237813,77439.73499050805
237858,95118.22964678786
237859,94013.4342857143
237860,55730.57610512982
237861,102491.4581724304
237862,102491.4581724304
237864,94013.4342857143
237865,94013.4342857143
237866,102491.4581724304
237867,91913.2944109136
237868,101369.1564950668
237882,58698.20852130326
237884,97638.66270995671
237885,108440.01666666668
237898,88792.90301305418
237899,94341.13133922746
237901,95449.34880784218
237903,52171.48451506833
237966,87155.77926363636
237993,90000.0
237995,118687.1173333333
237997,110000.0
238009,128322.376
238010,128322.376
238014,205000.0
238015,161413.55148849398
238099,137970.30933333334
238102,171245.0268333333
238103,104179.0726491228
238118,135966.4945728938
238122,156017.70634920633
238126,167441.62800000003
238134,168801.92733333335
238138,729996.5908277024
238140,131405.7524523809
238154,118447.57331301886
238157,148789.3530961384
238159,137868.06711811596
238160,126192.05401011644
238161,156042.82526811628
238168,112900.0
238169,109072.5695307707
238173,148789.3530961384
238175,148789.3530961384
238176,153957.7453852814
238276,85000.17334927309
238277,113050.0
238458,135592.14859029852
238462,182874.0904761905
238466,160000.0
238469,225030.7896103896
238471,261619.24
238472,326649.64803415537
238473,407651.0612307692
238476,178000.0804084802
238483,234991.22573953075
238536,408017.5
238539,271493.46312369395
238550,175507.84801002507
238551,290602.41409523814
238554,192046.1262666667
238568,173125.21169029037
238576,169335.70188633943
238582,167295.0990839826
238583,219349.15439819003
238613,190075.51114285714
238614,340740.362
238615,173130.11285714284
238616,180548.26082251087
238675,138882.75375
238676,173143.64560369813
238677,196515.32396548867
238833,227918.17347010077
238835,143459.3432051191
238839,290000.1414400805
238840,199027.23076923078
238841,223318.46666666665
238844,222257.0
238883,506913.1333333333
238884,250753.14907916664
238885,509597.79133877734
238887,475170.793697479
238890,241382.74662503388
238893,222916.77393500222
238910,301066.408
238914,297885.57
238915,464485.3621711901
238916,195883.96680309862
238917,193132.69194139197
238918,297885.57
238919,183911.6032178785
239044,568820.9199032902
239088,773719.1866666666
255840,118602.8652921523
255842,91872.72968376068
255861,118000.0
255862,119041.79055433699
255863,105370.19966425453
255864,67531.57053931625
255865,118000.0
255867,179564.2
255868,118000.0
255870,118732.8888634901
255876,133405.01995238094
255880,77439.73499050805
255881,77439.73499050805
255882,77439.73499050805
255883,77439.73499050805
255884,73171.55343789714
255885,73171.55343789714
255886,73171.55343789714
255887,77439.73499050805
255888,73171.55343789714
255892,86597.57648112599
255893,119241.78424366369
255894,118000.0
255896,153500.2783888889
255897,133703.5895876346
255899,156119.6222857143
255912,190000.0
255913,83000.0
255914,149071.95652434186
255916,160000.0
255918,93790.80666319835
255919,190000.0
255935,79330.0
255936,76307.484
255938,99000.0
255945,112608.5670044262
255947,118984.0
255949,190000.0
255954,235692.0577142857
255955,222201.48875974945
255993,205000.0
255995,187288.32928851346
255997,187288.32928851346
255998,190000.0
255999,220000.0
256001,187288.32928851346
256002,220000.0
256003,265000.0
256004,185040.21185558964
256009,168036.8749250749
256022,195000.0
256026,139999.86965336514
256027,205000.0
256029,340000.223125405
256030,190000.0
256056,259902.48139066313
256057,341961.1486212985
256058,259902.48139066313
256059,259902.48139066313
256060,273000.0
256062,261000.10014348544
256064,259902.48139066313
256068,838967.6771284272
256069,336305.6
256070,200592.17234814924
256072,249003.77777777778
260293,129749.10773510332
260419,135113.64466666666
260422,93277.37648546243
260423,60918.23710966811
260425,124532.74493520403
260428,88900.14054043478
260429,68772.25375204199
260430,124973.0
260431,94451.60571428572
260433,129292.52766464645
260436,100692.76885324971
260437,90000.0
260439,90000.0
260442,66124.10304665302
260469,140446.69863773484
260480,106182.81306471306
260483,96784.8302857143
260486,123746.4335
260499,38219.86
260509,130893.94192385193
260513,160345.94954545452
260521,71141.11511111111
260522,80450.55140335686
260523,103574.793
260525,102491.4581724304
260526,102491.4581724304
260528,81183.27888095239
260549,83132.30458111456
260550,110030.82428571429
260571,79922.74657068076
260663,100393.88734328505
260684,148998.1052058886
260687,96602.47238668535
260694,109668.90237728937
260697,145000.19637837773
260698,159663.42902564103
260706,94985.24066666666
260707,188918.80116666664
260708,145945.41472144122
260742,127283.87278095238
260745,144482.84361904764
260746,99952.94857142857
260749,168599.2953333333
260763,109894.2683489833
260768,135942.10123790943
260769,119098.37056166054
260770,154372.80927153898
260775,100675.53608532989
260777,95194.62759985567
260778,115494.96330952384
260781,110913.36959944498
260804,98614.2559466512
260805,121171.08806601731
260806,177237.2367236097
260810,133087.90952380953
260814,118473.12895843682
260815,84102.13959900783
260816,123256.68194286435
260818,85000.0
260860,124451.4364102564
260861,160247.476662468
260863,175754.29447619044
260864,121572.73142857145
260865,154417.47438095236
260871,116494.75062531003
260890,114648.88102380952
260891,144827.52897420633
260894,198174.25456277057
261053,189331.37887169438
261055,196694.66844170017
261057,290000.22302067664
261058,213692.71924964373
261062,174468.89359811656
261066,409486.0036969697
261080,430858.224
261081,200305.78888888887
261104,147866.5967777778
261105,200806.9
261107,282066.80393629946
261108,185061.62476190476
261110,370423.2990398492
261128,139849.5374492754
261130,265977.7313333333
261134,94562.04780952382
261139,215459.06666666668
261140,204132.83437806639
261146,173965.03543333334
261149,182061.94573841896
261162,252519.64274458875
261163,252519.64274458875
261175,115000.0
261177,149742.59380952385
261197,239425.29597619045
261216,137000.0
261365,499851.2988819876
261379,482675.2772024606
261394,365760.0333333334
261402,448213.20354808593
261404,396642.5176190476
261405,139121.714
261408,241217.49462066346
261409,269196.03971428575
261410,292625.36126984126
261420,613345.3428571428
261422,220692.11476226128
261423,166840.63086292287
261426,230000.0
261442,427627.1047619047
261444,239384.62705072685
261525,285450.0644761904
261558,603809.7052000001
261562,494344.0677655678
271665,325627.346
271666,104690.65991685593
271667,147994.84294117647
271675,239055.39457142857
271676,116329.07866666667
271682,94060.394
271684,94060.394
271685,94060.394
271687,94060.394
271688,94060.394
271689,94060.394
271690,94060.394
271691,94060.394
271694,94060.394
271695,94060.394
271710,104157.09264279548
271711,148664.71666666665
271712,148664.71666666665
271713,104157.09264279548
271715,104157.09264279548
271716,148664.71666666665
271717,148664.71666666665
271718,104157.09264279548
271719,104157.09264279548
271721,84380.60704761905
271722,191378.50921827066
271723,84380.60704761905
271770,101447.4646556186
271782,134170.95635555557
271783,140376.30030215194
271806,122439.401
271808,117157.74929691224
271816,160205.7788484849
272218,116763.61133333335
272228,152181.708
272235,64984.6
272250,76970.36666666667
272252,121299.90446608946
272253,134834.44899540738
272254,175930.45081060604
272309,177266.41847041834
272314,93686.63066666668
272320,177420.83838383845
272333,61495.916
272368,124164.04761904762
272372,128526.76
272381,129579.72876670813
272422,166488.91519089512
272424,117633.43333333333
272445,84210.31509243013
272523,90686.20035714286
272723,153036.3337229437
272729,153036.3337229437
272743,286506.1779047619
272748,233137.8420000001
272750,135828.6546666667
272752,275805.2280701754
272762,280847.4285714285
272763,233137.8420000001
272766,264021.14285714284
272796,119124.32066666665
272801,216654.73822222228
272830,289169.40685714287
272831,216366.686
272832,197294.15171420213
272833,336934.494
272878,269287.11538461543
272880,275805.2280701754
272881,267661.96401744074
272882,218628.0
272883,197294.15171420213
272884,267544.14285714284
272886,216366.686
272887,241088.0
272889,134869.09258145362
272928,116433.94333333334
272954,164180.34333333332
273317,231653.86466666666
273321,644341.3333333333
273325,417156.144
273326,414159.9154444015
273342,360366.5816190476
273346,360366.5816190476
273351,895619.2253333334
273354,417069.5009888889
273360,271254.2779043369
273374,241088.0
273377,299989.6
273380,636309.0
273584,895619.2253333334
273588,813140.0
273633,867920.0
273634,796160.014
274560,108201.11355914087
274561,123428.36428571434
274572,118340.50848095235
274648,108545.76227652584
274649,137529.2276111111
274657,127144.43378205127
274658,152933.55969098123
274659,156199.87886956523
274660,103770.79819047618
274661,103770.79819047618
274678,142569.7821738095
274679,427225.8
275126,350988.7594632035
284082,273647.35691138887
284087,72146.99988622488
284094,325401.5
284096,115000.0
284131,72893.83146930869
284147,134502.76490225564
284148,162696.83102380956
284154,117000.0
284155,142331.998
284158,164593.70555311357
284159,188250.674
284163,204857.29509267813
284287,78999.92125200506
284292,87301.63111111111
284293,87301.63111111111
284294,87301.63111111111
284304,163818.10196540077
284306,111977.33507015853
284316,112444.22492213674
284320,178967.75809523807
284324,195000.0
284326,183035.4947169531
284327,128142.0
284328,121948.2
284329,106471.50631060606
284356,202093.3765672229
284359,210000.0
284360,218286.72573121585
284364,131967.79047619042
284373,145465.5070933344
284374,145465.5070933344
284375,103132.77283809523
284376,143506.10276190477
284380,118000.0
284387,127413.33838380831
284389,127413.33838380831
284390,153761.63648662445
284391,142798.627068323
284393,94824.5840063492
284397,87481.54700065663
284402,81475.37733333334
284403,62926.57612121212
284417,164236.66847619048
284418,112204.14100344102
284426,99364.07961764705
284427,113545.10282846035
284446,159122.2959047619
284448,124423.93005649907
284449,91559.8
284450,124423.93005649907
284451,159122.2959047619
284452,160247.476662468
284453,91559.8
284454,124423.93005649907
284455,124423.93005649907
284456,159122.2959047619
284457,160247.476662468
284459,124423.93005649907
284460,91559.8
284543,154004.28797300629
284544,132764.75243703954
284664,136408.43734585782
284684,136125.96729087914
284686,155925.69640303368
284687,223821.75052732843
284689,200000.0
284693,190000.0
284694,190000.0
284695,167403.3638156757
284698,233000.26409899123
284708,350506.87508303806
284714,229331.9008
284717,239811.49857746315
284718,351363.3218604651
284719,136408.43734585782
284730,216333.0
284731,396940.66666666657
284733,190000.0
284741,275521.9809333333
284924,224479.16039984245
284926,238000.0
284931,215065.9761148592
284934,240000.0
284942,237958.14537284686
284944,611896.4579047617
284956,207266.5284946742
285020,442863.09319367
285027,444609.22133023135
286303,135768.5971060606
286304,128668.64042175804
286598,106849.26666666668
286669,89558.83412560385
286670,102200.92152676545
286673,106516.00946897625
286675,188822.51791765576
286729,105870.99304761905
286755,112805.76095238094
286803,73171.55343789714
286804,73171.55343789714
286805,73171.55343789714
286807,73171.55343789714
286808,73171.55343789714
286809,73171.55343789714
286810,73171.55343789714
286811,73171.55343789714
286909,199928.608
286916,99024.0
286924,106722.6568871611
286926,99445.21397758472
286931,229920.56
286932,210271.718
286934,161413.55148849398
286935,200116.874
286936,141901.84383839782
287053,99718.85671700843
287101,149867.30961255063
287102,149867.30961255063
287103,142453.48541780992
287104,149867.30961255063
287105,149867.30961255063
287106,149867.30961255063
287107,123119.2078917793
287128,108565.87396825397
287137,158000.17522325384
287141,102999.51140304332
287188,173589.1867975161
287285,137343.1253333333
287287,99621.5044573851
287292,183889.57092447113
287295,288339.75613315514
287298,254865.9921891678
287299,150064.0
287301,254865.9921891678
287304,254865.9921891678
287307,254865.9921891678
287313,286663.1945670428
287420,178288.6353333333
287422,371371.34016190475
287424,257323.30056669607
287431,365659.9400030579
287433,365659.9400030579
287495,261676.13025494813
287506,146858.8448707261
287507,195592.88358176633
287622,185531.91445646257
287623,230000.0
287625,375000.0
287687,413086.6910822511
287692,369636.5936507937
287706,508751.5476190476
287718,403453.3307706164
287719,403453.3307706164
287720,403453.3307706164
287721,250000.0940681661
287722,250000.0940681661
287776,199064.6
287777,375000.0
287833,375000.0
287858,504931.74440781446
287864,521238.03648204927
287896,375000.0
287941,713149.1285714286
293283,68941.87375552645
293297,89998.0
293298,89998.0
293299,210375.14929557114
293300,52297.908257053845
293301,83187.98876190477
293302,115083.82169696971
293304,138899.0811666667
293308,119553.76893013506
293339,163476.74740238095
293342,112210.52587213262
293343,102000.20517108402
293345,113628.39175766315
293346,100538.92257034632
293347,110435.10307758908
293365,161631.97265434562
293366,101384.41989010987
293368,65321.42282500578
293371,87500.0
293372,87500.0
293373,78253.46666666666
293376,80436.43124716732
293389,112198.52587213262
293390,134510.2682857143
293391,90508.52123809526
293399,119668.144
293400,89008.0
293401,246580.996
293405,168992.24565424433
293407,94513.40403030303
293408,104674.01456190477
293409,107788.76374812031
293422,76106.49733333335
293424,107046.55266666666
293433,79922.74657068076
293554,166687.26564761903
293556,141829.66666666666
293557,116333.9624
293560,92734.88066666668
293562,94765.63035206581
293565,111247.82965337613
293567,102924.16414285715
293569,130000.0
293586,128322.376
293588,129349.94137142856
293589,98000.17370272131
293591,94985.24066666666
293592,128322.376
293629,137140.734
293631,99576.71064224662
293669,97472.34783118592
293671,118826.29666666668
293672,134604.5635238095
293678,71403.18762691921
293684,105266.61244417074
293690,74961.71124213183
293699,89762.27349523811
293713,80044.48933333333
293716,102999.51140304332
293718,135133.76499859948
293719,102999.51140304332
293721,107911.75935495034
293748,62006.28698139962
293750,67988.83450980393
293753,119598.03844444446
293755,141409.48223609172
293756,138283.63254212457
293759,155273.5791862582
293884,169732.36022444695
293889,182847.5247619048
293891,232006.2454545455
293892,160664.3662424242
293893,119969.912
293894,215000.1269490952
293898,323142.3984119048
293902,174000.0
293904,230789.26203488203
293914,165000.04436644458
293943,208365.10733333332
293944,399363.25493650796
293945,399363.25493650796
293946,288129.1
293948,271220.0280179231
293953,260000.24401126296
293957,139849.5374492754
293967,197060.47486011128
293970,133860.20533333335
293972,137348.68257449532
293993,159000.0
293994,125026.68221127531
293998,136382.8413027417
293999,220000.0
294000,120003.0
294012,195610.8
294013,198940.286
294014,225172.45171587303
294024,184000.0
294025,137000.0
294145,269404.0013333333
294146,217809.53903196595
294147,193308.7383929437
294154,325000.0
294169,306784.0
294182,245231.9546666667
294183,327375.4666666666
294186,264438.91094158945
294189,356829.61238095234
294195,420000.2655548103
294197,266811.34126984124
294198,231450.64961307644
294212,338003.4927335666
294263,330000.0
294264,329000.0
294266,622764.8888809524
294271,396567.0
294272,493507.06353689096
300754,162090.35386666667
300755,86390.02533333332
300757,162090.35386666667
300758,162090.35386666667
300759,86390.02533333332
300765,190918.42215079366
300803,122602.61871381463
300806,133075.798
300807,445993.15177777776
300809,299793.9666666666
300810,235002.52464864866
300823,169635.4224420574
300830,135153.52226879823
300831,81108.541
301086,108366.94827272727
301114,199599.71133333334
301118,153189.30993969974
301176,97743.97380952384
301203,96001.81780952383
301236,114131.93356635209
301243,114696.92476190477
301342,60865.95652842009
301516,125698.18544877345
301538,138389.7928679654
301546,192833.4202147852
301549,116599.48745319681
301618,413076.54780952376
301629,170131.82172294369
301641,220519.48773543126
301647,413064.54780952376
301655,204441.14973971847
301662,257053.39846153848
301700,190134.53116883113
301982,304739.74
302005,239413.33133333334
302018,248096.66699999996
302172,330136.62184682593
302965,89912.0
302966,115000.0
302969,72146.99988622488
302970,222955.58693759656
302971,95553.60708190476
302974,89998.0
303024,115000.0
303028,117416.75308571428
303090,84344.3288888889
303136,97813.91237878789
303137,97998.67403174604
303160,73171.55343789714
303218,102921.89905206565
303346,78999.92125200506
303366,207738.73816666665
303367,188690.1441867293
303369,102461.91266666667
303370,72243.50324887532
303372,111977.33507015853
303373,163818.10196540077
303374,96816.716680467
303375,84042.63947619048
303380,242504.8774641549
303388,112444.22492213674
303390,195000.0
303392,158102.96215555555
303393,128142.0
303396,128322.376
303400,126340.33272527471
303417,108483.08666666666
303453,138434.18932324694
303454,94805.62666666668
303455,93960.28318913613
303457,93960.28318913613
303473,112204.14100344102
303476,149100.72276666667
303511,128356.73578643585
303573,125000.0
303574,135857.95208728113
303575,125000.0
303599,136408.43734585782
303628,136125.96729087914
303633,173326.79933333333
303638,233000.26409899123
303641,190000.0
303642,190000.0
303643,190000.0
303693,322683.1333333333
303702,136408.43734585782
303707,125634.92333333335
303712,122973.1944573585
303713,127234.23136561248
303732,230220.7452027972
303734,159000.0
303738,232972.99514808293
303847,137327.82907787865
303924,224479.16039984245
303980,1114794.5473333332
303981,305982.247982684
303984,363667.5857142857
303986,331816.6908095238
304008,339883.0241428571
304127,326026.51111111103
304139,278329.9666666666
309497,313023.839904762
309512,85415.84984515866
309515,119534.28558266189
309517,114093.58104408969
309518,119534.28558266189
309519,179412.442
309520,119534.28558266189
309521,114093.58104408969
309522,119534.28558266189
309523,119534.28558266189
309525,114093.58104408969
309526,119534.28558266189
309527,119534.28558266189
309529,114093.58104408969
309530,114093.58104408969
309531,114093.58104408969
309532,114093.58104408969
309533,119534.28558266189
309538,77967.62597402598
309539,115000.0
309540,106173.19887710335
309541,104823.44351228501
309543,95000.0
309545,106614.42304917311
309546,125354.48926789321
309558,107488.2257821068
309559,79113.79704961707
309560,56888.26666666667
309567,89804.9551126984
309571,59466.722894102386
309575,118835.644
309584,79979.02455238094
309587,106892.9929901099
309596,83053.0740604427
309598,96202.93333333333
309599,95190.10658230388
309621,88206.30233333334
309623,111138.3631111111
309625,89746.7804602219
309627,163818.10196540077
309630,163818.10196540077
309631,163818.10196540077
309635,163818.10196540077
309636,163818.10196540077
309638,163818.10196540077
309641,165000.0
309645,128836.11608143416
309647,165000.0
309648,102269.4490535615
309666,163802.83333333334
309670,160154.1722222222
309671,138645.18966666667
309679,102629.85541905777
309680,99465.46124699719
309681,99306.63377777778
309684,91019.8
309685,128240.19777777778
309688,119439.78222222225
309689,145831.99475992066
309691,142453.48541780992
309713,64224.43624819624
309716,145020.57142857142
309717,158000.17704514237
309719,109949.71903954582
309730,112254.34300941086
309734,136375.236
309752,238801.45333333334
309755,183997.4316
309756,213692.71924964373
309762,189377.37887169438
309764,186387.39956378916
309767,192613.15297287254
309770,169236.15489680856
309773,199000.0
309775,141635.35858217624
309778,195818.97549157508
309793,217797.3479047619
309794,288129.1
309804,371371.34016190475
309807,330387.8
309809,167306.81763319977
309821,148289.48533333332
309823,171307.44594810624
309824,187735.41689623828
309829,133749.35058823528
309831,184227.44
309833,232972.99514808293
309842,219031.57254545458
309850,158914.30859523805
309857,183922.82789596944
309863,201183.6795185171
309865,340709.9787864905
309873,306784.0
309874,266483.7706666667
309883,405499.9986666667
309888,230000.17962649796
309890,215000.0
309897,367171.4
309906,308022.5666666667
309907,524550.5677655678
311197,126079.27699841271
311200,103161.92726962583
311202,77498.36885714286
311205,130613.89159666322
311247,164299.1703795094
311249,157344.1713333333
311270,275591.65217305766
311271,76297.998
311272,96088.1444275362
311277,85647.83350385164
311279,94445.86933333332
311280,90229.09497460318
311281,131107.0120913309
311284,73171.55343789714
311285,82496.37756103899
311286,77439.73499050805
311308,102491.4581724304
311309,102491.4581724304
311312,94013.4342857143
311313,102491.4581724304
311338,176664.69753174542
311339,189841.00933333332
311354,87332.7535015873
311355,52171.48451506833
311356,198174.25456277057
311501,141829.66666666666
311505,140118.95765870129
311512,80000.1404599753
311521,161413.55148849398
311526,147374.8992734397
311527,111504.99607142858
311533,205000.0
311536,286663.1945670428
311539,171239.9470625449
311604,55545.347
311606,128534.93133333333
311608,141468.89513064554
311614,97890.08333333334
311618,73591.812
311619,90534.98412698411
311620,131904.21672727272
311621,98524.49092071613
311624,82427.7901904762
311626,69630.55053479872
311631,136299.1884242012
311632,129401.30574291814
311653,134807.80471717173
311655,90667.84661923585
311656,81929.8126825397
311664,109764.6
311669,155333.6441904762
311672,148789.3530961384
311673,156042.82526811628
311676,148789.3530961384
311677,145089.4377858037
311681,118447.57331301886
311684,153957.7453852814
311685,97322.48265590622
311737,78516.0300226884
311740,129984.0
311741,136249.85882251084
311743,105577.0188235294
311744,126825.39419047617
311745,137005.15173015874
311782,87589.05316291135
311783,113050.0
311784,85000.17334927309
311785,154004.28797300629
311944,233586.00666666668
311950,135592.14859029852
311951,160000.0
311956,236801.12758658026
311957,236801.12758658026
311968,324220.38433015876
311970,178000.0804084802
311972,171482.46679840624
311996,296572.7566666667
312000,143908.04999999996
312003,385984.54385177034
312004,254612.381290973
312005,175874.912
312012,109443.58881385281
312013,99727.0
312020,239022.59999999998
312026,116170.24776344658
312027,113184.5252940259
312034,107265.70133333333
312051,199000.0
312054,233604.7
312056,123177.29466633609
312057,184108.36579476955
312059,169335.70188633943
312062,145510.86162540858
312063,196346.67637426904
312067,219349.15439819003
312069,195866.58183052373
312071,96271.91333333333
312127,179142.74338528138
312335,215000.0
312337,143459.3432051191
312338,290000.1414400805
312347,199027.23076923078
312362,401673.95692232606
312366,531908.6190476189
312371,477057.0
312376,477057.0
312383,143243.9641025641
312396,195883.96680309862
312400,183911.6032178785
312402,297885.57
312404,297885.57
312419,218132.53030303027
312429,239384.62705072685
312431,239384.62705072685
312433,239384.62705072685
312550,568820.9199032902
312551,1327973.5434010427
312557,514502.51600000006
315289,104426.36056507939
315370,116578.26275091575
315371,95000.0
315372,112787.63186002888
315373,197838.0755
315375,181674.21717378846
315378,106516.00946897625
315423,74780.38874458874
315426,122746.90622222223
315429,156050.71966666664
315434,73171.55343789714
315442,79744.26881481482
315480,105794.8987954091
315481,79905.796
315482,49661.91755779154
315551,112094.41133333332
315553,99990.0
315554,149220.5
315556,130000.0
315557,100565.73842857144
315567,135000.0
315569,142368.78371428573
315610,268441.55466666666
315619,281857.2576898046
315621,158458.864071864
315624,400295.40903636365
315625,117650.6784917124
315640,116672.52121212122
315642,527887.6701825396
315651,145063.261681784
315685,236945.42756190477
315688,245601.88033333333
315704,96004.0
315801,190000.0
315804,235500.0
315806,300000.0
315807,207903.25203436517
315815,200000.0
315818,170036.0
315821,324884.156
315824,171166.0
315876,211466.40154017095
315906,208199.95827762404
315907,169166.45339950544
315997,480265.4204161767
315999,284205.57992096484
316001,317108.303458796
316006,200000.0
316029,602176.54
316032,408127.122283272
316116,360000.0
316124,568820.9199032902
316129,580000.0
327739,92773.6304764738
327755,112464.36181917496
327757,99774.69833333335
327766,92252.33675476833
327946,87887.41435209235
327952,149851.16124357996
327954,119041.79055433699
327955,94000.0
327957,113236.13692857143
327958,122120.53217633501
327959,118732.8888634901
327966,159541.3613748749
327968,110751.97512857143
327984,138142.932
327987,123348.12604761908
327996,105016.69771588217
327999,105016.69771588217
328000,113026.67731049108
328001,105016.69771588217
328003,73171.55343789714
328022,74450.21948338245
328028,74450.21948338245
328069,103594.57010091808
328071,56000.0
328176,68075.53950018433
328177,141854.3
328182,140527.28527826787
328188,196834.84328205127
328189,145945.41472144122
328190,226999.00745575587
328195,95000.0
328196,242700.0
328200,139356.4664904762
328240,97329.50922982262
328244,156480.29175238096
328245,135000.0
328248,139881.6972857143
328265,95055.59075356607
328268,118473.12895843682
328270,96441.93700000002
328272,129033.40791731306
328275,148789.3530961384
328554,252000.0
328555,240000.0
328556,184000.0
328560,240000.0
328565,400143.1516666667
328571,265103.0
328575,265000.0
328578,380142.0092666667
328615,265040.0
328616,191910.25134199133
328620,214740.0
328645,137000.0
328648,214470.574
328663,203566.25623376624
328705,199767.17557619046
328851,239799.92132034633
328852,555801.7777142857
328858,384948.9435266558
328875,329095.6282628205
328877,572901.948
328883,140494.73073730373
328885,307153.7784917133
328886,420000.0
329004,320000.0
330409,103253.07871749914
330439,81969.11326666667
330654,48889.46566666667
330655,63246.73333333332
330656,92784.1777
330695,136863.1952380952
330696,136863.1952380952
330699,65859.61666666665
330701,139198.002
330703,74957.14285714287
330704,102294.82666666668
330706,87424.0810325659
330708,88108.56685714285
330711,102924.16414285715
330719,101080.97496947498
330720,64306.86496774194
330721,94000.0
330723,71090.40360648901
330727,110786.66733333335
330729,96911.70387984044
330730,77391.23333333332
330731,88108.56685714285
330735,78394.1492649279
330736,52297.908257053845
330741,77967.62597402598
330742,159308.38735665046
330744,88354.86386813187
330745,106797.98412698417
330751,104629.57473593074
330752,142124.43224542125
330755,110298.50050658263
330821,149669.99701863356
330823,211857.47400000002
330828,139154.56466666664
330829,104157.09264279548
330830,83639.98238095237
330831,104912.28183333334
330840,108640.4
330841,108108.39094623656
330846,117781.93466666667
330847,95220.78380952381
330850,63662.917957973026
330851,63662.917957973026
330857,112802.85879242803
330859,97188.06360750357
330863,108641.11742857147
330864,181882.78333333333
330865,101403.0252322473
330866,101403.0252322473
330867,101403.0252322473
330871,62592.323932078936
330874,93489.6590952381
330875,93489.6590952381
330898,101261.25947619048
330900,79224.99265589031
330908,63218.88883333334
330911,118840.91911407374
330913,112055.952
330914,72827.10110771576
330915,112055.952
330916,72827.10110771576
330917,118840.91911407374
330918,72827.10110771576
330919,103893.43998029738
330922,72827.10110771576
330924,118840.91911407374
330925,112055.952
330926,72827.10110771576
330928,72827.10110771576
330929,135804.65124684732
330956,84876.65137426901
330961,111484.64699999998
330962,101750.26044444444
331145,96316.06094083693
331151,108400.82144444446
331189,80071.9546787879
331190,80071.9546787879
331195,107946.58925396827
331238,129390.5
331242,129390.5
331247,88318.50238095238
331252,136838.3640379917
331253,192675.0
331254,119514.64813438735
331258,132271.9789033189
331259,192675.0
331260,95005.53393334302
331264,122955.06811865915
331266,121501.38561904765
331268,95005.53393334302
331272,114876.05977777777
331276,130302.80256410256
331278,141901.84383839782
331284,68647.084
331286,68647.084
331291,142000.0
331295,68647.084
331297,115000.0
331302,196500.0
331304,142000.0
331305,102214.35981240982
331306,142675.04
331368,128738.75714285715
331370,184971.91312420912
331371,162050.47020168064
331373,138743.2993333333
331374,132264.3395238095
331376,213976.30911111107
331379,136999.8
331380,120091.26666666668
331398,101931.12898412699
331399,97127.29833333332
331416,114637.46857142856
331417,114637.46857142856
331418,114637.46857142856
331419,114637.46857142856
331420,114637.46857142856
331436,129633.86240000001
331437,129633.86240000001
331439,85660.26644444445
331447,94900.0
331450,69032.371
331451,78219.80030341882
331452,80686.17692857144
331454,84046.77961904762
331458,321516.07619047625
331459,171452.0627898038
331460,166252.03333333333
331461,143255.6
331463,103884.4815018315
331466,147579.12825
331468,190317.798
331469,143255.6
331473,79468.23867243867
331474,321516.07619047625
331477,104669.59831623931
331479,98670.34
331485,93332.4
331487,142453.48541780992
331490,105319.26187301587
331491,105319.26187301587
331544,148647.78207849932
331545,110206.90333333335
331550,123674.39200000002
331555,153677.222
331556,169844.4
331560,91542.68666666668
331565,109573.0
331568,130000.0
331569,137981.84261849258
331609,105886.22
331610,152463.23859649122
331611,128372.21447330454
331612,154468.92685714285
331617,154468.92685714285
331620,136287.49333333335
331622,129786.4200952381
331623,154468.92685714285
331626,136287.49333333335
331627,196377.71866666668
331628,154938.10571428572
331630,124956.13988095241
331714,99837.89069264069
331716,138640.984
331718,111709.20477800316
331719,130443.95355555555
331722,111709.20477800316
331723,111709.20477800316
331724,107458.0313166109
331725,102450.45071428573
331727,111271.40441269842
331991,145225.24515151515
331992,169732.36022444695
331997,98904.92255162391
332018,184402.32857142854
332021,211010.7
332039,145166.7211111111
332043,169238.79466666668
332044,148541.2857301587
332046,190269.7019421527
332048,169328.11087850726
332049,178998.6652857143
332053,131180.19881526803
332055,148749.36404515748
332056,184000.0
332059,192563.46332295163
332060,138557.02189090906
332061,189265.33368055554
332062,148749.36404515748
332063,149768.0
332072,318085.21592795785
332073,269442.48070769233
332075,214475.44046075075
332079,235327.91666400267
332080,191336.84497287252
332083,235612.87831578945
332084,213630.48438537147
332086,235327.91666400267
332087,191846.05666666667
332097,235327.91666400267
332098,192505.96824871795
332100,200218.54175824177
332101,235327.91666400267
332102,186483.94285714286
332132,467192.31828571425
332133,218500.18
332134,169098.3098880349
332140,167091.7714285714
332141,169098.3098880349
332143,218500.18
332144,291299.79724786326
332151,218500.18
332154,269049.0
332155,167091.7714285714
332166,104641.46666666666
332170,155437.23647265384
332175,331588.8
332179,200979.82656819027
332183,246797.6
332184,207422.3748444445
332185,207422.3748444445
332187,159956.63333333333
332190,151093.4
332191,195160.11798764847
332193,195160.11798764847
332194,192492.1450985771
332196,195160.11798764847
332200,134425.9100167749
332205,128760.54
332207,134425.9100167749
332209,281497.1087619047
332224,177978.5
332225,181507.74575757576
332226,239405.8
332231,145668.33072522216
332235,117881.40276190477
332236,160537.4172666667
332237,170387.112
332281,223751.17747619047
332283,247971.6005
332284,288792.5
332285,146881.5550649351
332286,282867.2864189017
332288,122501.43769983339
332293,110000.0
332298,218747.23795006354
332299,190000.0
332301,179936.19625396992
332302,155000.0
332303,143559.35535772657
332308,227621.1841657641
332310,171493.61008791206
332315,106834.0
332355,178067.196
332357,282248.46
332358,171852.5260805861
332359,286676.0095726496
332360,282248.46
332361,183703.0
332362,282248.46
332363,219329.16581706662
332365,181176.2188349207
332367,172818.71285714285
332369,219329.16581706662
332371,282248.46
332373,173911.7666666667
332374,270528.31933333335
332375,282248.46
332376,226923.0000000001
332378,173911.7666666667
332381,219329.16581706662
332382,282248.46
332421,139346.97695238097
332423,139346.97695238097
332427,139346.97695238097
332434,236113.66666666666
332435,240377.72233333334
332633,251504.15666666665
332638,261814.96651061336
332639,197719.5466666667
332642,231634.4206898974
332648,168518.26666666666
332653,383392.25333333336
332656,308154.8823587431
332660,308154.8823587431
332661,195865.2904472856
332666,360767.9320735226
332670,360767.9320735226
332671,360767.9320735226
332678,340161.2193333333
332688,378908.13333333336
332693,298449.9
332695,306784.0
332697,393684.3555555556
332703,378908.13333333336
332710,312215.8
332727,339025.7651197
332730,476836.63157894736
332731,171875.3595238095
332732,138797.27451898274
332739,259218.26827038437
332742,328025.2406666667
332744,270627.3240952381
332745,329910.0
332754,208789.75468975498
332755,208789.75468975498
332756,208789.75468975498
332770,192013.219047619
332771,302962.44444444444
332772,431766.6022634921
332774,162784.0
332777,187068.50966666662
332780,162784.0
332784,198872.0
332786,301497.65994470054
332788,358758.100125
332789,358758.100125
332790,358758.100125
332799,422592.344
332801,422592.344
332806,218698.17783512545
332813,370000.0
332934,278437.7667142857
332938,577683.1333333333
332942,549839.8
332949,234921.43715995114
332951,240002.4015348371
332952,376398.9479190475
332953,376398.9479190475
332955,376398.9479190475
332956,376398.9479190475
332960,613090.4182767232
332961,613090.4182767232
332962,265029.00954166666
332963,265029.00954166666
332965,265029.00954166666
332966,265029.00954166666
332968,265029.00954166666
332970,273126.26895630255
332972,426779.1733333334
332975,169448.90916768418
333031,507265.2
345027,527157.838888889
345477,80989.43496363636
345479,115871.54973173785
345497,86903.40687028527
345501,89294.91377180243
345502,98795.70581426876
345803,88662.81650868877
345804,94000.0
345806,83916.3600442501
345808,110623.89999999998
345812,157625.9231746032
345813,118732.8888634901
345844,69296.14842857144
345853,93377.27949788905
345856,134216.2018095238
345857,105016.69771588217
345858,105016.69771588217
345859,105016.69771588217
345861,105016.69771588217
345863,73171.55343789714
345876,74450.21948338245
345877,74450.21948338245
345880,119241.78424366369
345881,99338.704
345889,88927.24204309253
345913,83054.8
345914,110099.9277888889
345916,110099.9277888889
345938,56000.0
346100,82378.4047619048
346120,68075.53950018433
346124,141854.3
346125,120795.92923809522
346128,120656.9139047619
346129,170859.86182795698
346131,77287.00466666667
346134,154072.71935574227
346139,95000.0
346140,145945.41472144122
346142,267738.2122142857
346143,116608.18714082439
346145,116197.07409523812
346149,268359.29392857145
346153,242700.0
346159,220161.36078583638
346203,177412.78662745102
346208,158461.68305349915
346228,115848.80538295038
346229,155418.0
346232,121387.74952380943
346236,102278.25994776978
346237,89429.825
346238,97329.50922982262
346248,135000.0
346249,186687.94178306416
346252,119439.78222222225
346253,119439.78222222225
346257,132770.60573333333
346282,96441.93700000002
346285,118473.12895843682
346288,129033.40791731306
346291,95055.59075356607
346298,126237.85633726836
346334,144590.14487192984
346336,163511.3786666667
346683,168393.25238095233
346686,252000.0
346689,240000.0
346690,184000.0
346694,190999.76533333334
346700,203505.2855555555
346705,265103.0
346708,265000.0
346709,191282.2181904762
346711,352239.99545254745
346712,245795.50415142358
346718,307969.7864549019
346720,132336.06103407184
346747,189404.63333333333
346752,168394.46666666662
346767,319878.4
346769,265040.0
346771,246797.6
346774,192595.12816893103
346776,148864.49066666668
346780,147853.40733333334
346781,130140.0
346786,170387.112
346788,183563.23872570565
346817,306322.53693902894
346827,137000.0
346831,169000.0
346859,243291.2180952381
346861,243291.2180952381
347092,235000.0
347105,386900.36597691214
347132,306784.0
347134,336087.4
347136,505490.0513071895
347137,670350.9383333332
347149,265836.3261568627
347150,259158.5833333333
347154,322803.93217893224
347155,329986.6634920635
347159,140494.73073730373
347164,420000.0
347166,265863.638
347176,372834.2760952381
347321,340205.8571428572
347322,494086.4666666666
347327,332726.28159783105
347329,320000.0
379660,76000.0
379682,95000.0
379683,106516.00946897625
379739,59192.27893605469
379746,73171.55343789714
379747,73171.55343789714
379748,148884.08698095242
379749,148884.08698095242
379893,126402.89133333333
379894,149220.5
379895,99990.0
379896,130000.0
379897,60835.18250000001
379898,73541.52426562327
379900,124658.43199439776
379901,182786.1734718615
379904,142368.78371428573
379905,135000.0
379906,224070.0606082251
379908,95552.04710379781
379909,150869.42842432452
379921,185405.61427592696
379922,124032.54835201464
379936,101836.10011577311
379939,164651.96833333335
379940,100924.54911746031
379946,94885.5396747244
379947,129146.94323809523
379951,174815.45656949954
379961,57465.20822580772
379962,80795.48168827953
379967,106381.30447690884
379968,91635.05443144322
379982,129437.87976190475
379983,151707.08383838384
379985,115191.97
380054,96004.0
380071,190000.0
380072,300000.0
380073,235500.0
380074,207903.25203436517
380077,171166.0
380078,200000.0
380079,170036.0
380080,264500.0
380081,209094.9566666667
380089,316928.0
380095,155392.58416149067
380114,177231.2973095792
380115,191010.85496025646
380116,232986.26136900877
380118,184115.26642443068
380133,184108.36579476955
380135,211466.40154017095
380142,186321.35435162688
380143,196885.0107238095
380147,173547.10425
380233,163277.7375180375
380234,208199.95827762404
380267,284205.57992096484
380268,370000.0
380269,245761.03052507143
380286,365260.5228434344
380293,420986.33333333326
380294,366154.0
380296,408127.122283272
380298,320782.6231884058
380312,317209.61764705885
380315,274233.14668571437
380387,314072.41
380392,568820.9199032902
380400,580000.0
380401,329597.2965585226
381171,68941.87375552645
381179,102856.84292394915
381180,52297.908257053845
381195,102000.20517108402
381200,87500.0
381211,94013.4342857143
381213,94013.4342857143
381214,108763.10360926476
381215,94013.4342857143
381216,89008.0
381217,176548.65381660537
381219,108430.16766031746
381358,79123.80151602975
381391,94765.63035206581
381392,83000.226901678
381395,100000.0
381398,196754.64118352416
381440,148000.22882875346
381441,105266.61244417074
381456,155333.6441904762
381458,201285.0440796755
381460,107911.75935495034
381462,102999.51140304332
381463,135133.76499859948
381464,107911.75935495034
381465,145089.4377858037
381466,102999.51140304332
381657,215000.1269490952
381658,150093.0062076813
381664,174000.0
381665,189000.23610920843
381668,187456.88670127606
381669,165000.04436644458
381688,260000.24401126296
381708,220000.0
381709,196346.67637426904
381712,150222.19850093816
381713,219349.15439819003
381841,217809.53903196595
381843,325000.0
381851,259158.5833333333
381863,420000.2655548103
381867,193132.69194139197
381868,301066.408
381869,297885.57
381870,231450.64961307644
381872,297885.57
381873,297885.57
381881,338003.4927335666
381930,330000.0
381931,329000.0
381935,201462.8985971136
405835,83547.51761493506
405845,179994.58866666662
405846,72563.65
405851,97115.25533809522
405852,99981.87649287746
405854,137196.16845551375
405855,71000.0
405858,120014.99235590079
405859,109015.19495238096
405860,84323.66728548148
405861,135330.35670752043
405862,142561.0919008664
405863,202224.89771428573
405865,280981.38016672217
405866,130000.0
405867,134038.46798412697
405870,136612.23871904763
405886,166629.38319499395
405887,255411.09333333335
405892,146454.85133333335
405893,252219.0851111111
405894,117869.06333333332
405919,111490.95733333335
405921,118320.94952380953
405922,91407.12955714285
405924,153533.18342857144
405926,200867.7648888889
405928,63320.45
405929,84271.57574285714
405930,139716.8895555556
405936,147246.57137037037
405937,96453.84528152958
405940,92736.20353980183
405941,195527.55808441556
405945,77439.73499050805
405946,77439.73499050805
405947,186209.09475641028
405968,114707.20504678217
405973,139227.80866666665
405976,88898.73975578748
405977,93658.81153333333
405978,118043.85290222986
405979,143535.66828295376
405989,82867.38033333333
405990,92998.30381096681
405995,98830.016
405996,218947.63537681158
406009,86081.92743772893
406016,139716.8895555556
406017,92360.50326821787
406178,120448.3530735931
406191,166687.26564761903
406193,124732.6
406198,180572.78590832936
406201,83813.95464935066
406207,125547.42996666668
406209,145020.74914285712
406218,201253.79023529412
406219,122871.91898412697
406231,130000.08356325343
406232,90655.61226300907
406234,208080.70613275626
406253,169354.36166666666
406255,110471.70726666666
406257,116164.25639682538
406258,97985.00964249576
406259,97985.00964249576
406271,99465.46124699719
406277,357712.8027063492
406279,164579.35612600742
406280,107504.16266666666
406285,97329.50922982262
406287,172515.01327838827
406288,132580.23908117285
406290,94639.20818521304
406291,86517.47596020167
406293,154835.71995602522
406296,142531.87912698407
406304,74373.40476190475
406327,59534.62853809525
406328,64694.122952380945
406330,157569.378
406332,106381.30447690884
406334,85006.36666666667
406335,117783.22847330618
406337,95315.28134920636
406339,109949.71903954582
406342,102999.51140304332
406343,123331.11352369015
406346,93081.45938716835
406347,160886.53145077138
406381,132183.43533333333
406382,189799.4152380952
406383,165201.3522857143
406385,101173.388
406387,88540.30923504732
406388,127384.81425396826
406389,127127.378
406390,152924.63
406391,136287.49333333335
406432,108917.29456841493
406552,124133.76902380951
406568,284224.8401519543
406579,140881.58921727302
406584,205261.7935443811
406586,264231.0
406587,206145.63251786897
406588,161111.71936353995
406613,310672.57914285717
406614,274132.1666666666
406616,352695.99628571427
406618,175004.672
406641,208603.2736666667
406644,204064.6057212932
406646,120114.38971024529
406648,133860.20533333335
406652,158402.5555098995
406659,327520.58447619044
406685,168362.7521563403
406686,205593.26972342163
406687,188923.00712395457
406718,248351.07945341791
406719,221371.11999999997
406721,189337.12333333335
406928,262811.5751438596
406932,172500.07504313314
406933,198000.0
406934,283000.0
406935,285258.76627182914
406936,315000.0
406937,183922.82789596944
406939,214691.35448349445
406942,230000.08078725066
406947,225404.86105987974
406948,204100.3427311186
406949,331987.3374260504
406951,804518.6946428573
406952,609706.7848491026
406953,199000.0
406954,226733.00033333333
406955,270931.111256166
406961,200151.61298251164
406964,427316.2
406968,255712.00000000003
406974,501432.838
406976,357623.87891774887
406977,348078.6620952381
406984,414136.69591547747
406990,184617.56666666665
406998,1054073.5625555555
407013,265883.90955555555
407030,285385.7156957154
407032,230000.08093030096
407102,439756.0
407104,661369.3857142857
407145,877179.6383666666
413239,123416.78828571427
413240,123416.78828571427
413241,136754.87333333335
413242,115000.0
413243,89912.0
413244,72146.99988622488
413245,89998.0
413249,92483.15696969695
413251,115000.0
413260,135206.10710955708
413263,146562.8826666667
413273,79081.19666666667
413274,138684.89736363638
413275,73171.55343789714
413283,64366.45698433179
413284,117000.0
413525,78999.92125200506
413537,105613.49238095239
413538,144753.2794722222
413540,163818.10196540077
413542,96816.716680467
413543,111977.33507015853
413544,72243.50324887532
413547,102056.0
413548,130000.0
413551,195000.0
413553,114021.84140155243
413557,128322.376
413561,128142.0
413563,119258.38466364535
413567,114573.22159014492
413598,116156.65476190476
413603,93960.28318913613
413604,93960.28318913613
413606,118000.0
413615,112204.14100344102
413623,103394.45260154289
413626,160886.53145077138
413637,154468.92685714285
413822,145603.88271843712
413830,125014.81111111112
413833,136125.96729087914
413835,190000.0
413838,223821.75052732843
413839,233000.26409899123
413846,190000.0
413849,259019.30606190476
413868,192311.58766666663
413869,136408.43734585782
413871,147181.6294531025
413872,101834.22238095239
413874,232889.4936383561
413878,272840.898985537
413882,159000.0
413883,159000.0
413884,159000.0
413886,152389.40993018838
413890,232972.99514808293
413901,171852.5260805861
413904,219329.16581706662
414015,224479.16039984245
414022,257535.61200000002
414025,308022.5666666667
414028,294365.37086716795
414034,166840.63086292287
414036,333992.9994448791
414037,378464.5071974634
414038,256816.68712362298
414039,276026.0093333333
414103,332983.58447204967
414116,775873.9171523809
417626,644855.6083809523
418015,97196.9653888854
418017,419285.98595959606
418019,107825.56533333333
418024,191149.7386666667
418025,241498.42399999997
418026,179360.2045413534
418028,97855.27432451931
418031,162090.35386666667
418033,108967.74123333335
418034,93310.60431794923
418036,126290.08457842223
418076,226432.646
418077,273814.1191237179
418079,158273.97533333334
418080,239459.94466666668
418081,356840.543535676
418082,170234.33333333334
418084,118798.79112193362
418086,192659.42901154398
418090,190519.19126984125
418091,242757.85133333332
418146,93667.87879365079
418150,95000.0
418153,82598.26876479434
418155,61059.93952070113
418157,77439.73499050805
418168,178539.02036904762
418169,70589.87402813855
418193,104345.85085714285
418233,176472.5395822235
418234,85190.26737552407
418434,137275.10546666666
418446,118476.1072063492
418450,149162.80673333336
418456,91505.22917310166
418457,125139.19444444444
418463,178967.75809523807
418470,166972.37856410255
418473,125390.24074233287
418531,210000.0
418533,218286.72573121585
418536,184827.45540611155
418539,90534.98412698411
418549,71506.85586580086
418555,185564.41923809523
418556,106392.8413924964
418561,145465.5070933344
418565,90390.99603326117
418567,99000.0
418573,58211.847732742215
418574,109601.51052228882
418577,74350.66
418578,79947.4482234432
418600,89490.68523809523
418602,96568.8669047619
418603,95547.06481055902
418605,123008.12430311744
418606,129982.11820165948
418607,158897.40999755802
418609,146048.945576912
418610,113294.80629365076
418611,168618.44237815123
418612,74218.49999999999
418654,123282.90533333333
418729,88296.3908917749
418730,154004.28797300629
418732,86715.20933333335
418897,199741.49666666667
418898,223152.0752438696
418900,135212.5990320366
418901,199819.2957523423
418906,325651.266
418910,215000.0
418912,215000.0
418914,160576.20567529995
418915,200000.0
418917,259968.036
418918,224230.23809523805
418920,169075.97808255558
418923,223821.75052732843
418928,132829.17743645018
418954,249739.72915942024
418972,386547.68182142853
418974,247196.29733333332
418975,433429.3
418976,193601.32742878364
418978,392164.54314691055
418979,234787.18215384614
418980,239811.49857746315
418985,156072.38554761908
418990,416679.3333333334
419001,240000.0
419002,167002.37777777782
419006,153234.23565192972
419008,248000.0
419009,223420.8095789699
419011,235500.0
419041,159523.2185909979
419042,224620.88890269154
419072,125737.2617047619
419073,121752.29860073261
419076,222472.32665622974
419077,214740.0
419251,269404.0013333333
419257,359816.0
419258,359816.0
419265,654050.1333333334
419270,325100.23609098117
419281,168708.73333333334
419291,224488.78
419296,406234.35714285716
419297,180010.51904306572
419298,155000.0
419396,1492121.6665833332
442636,151595.77315950292
442638,88689.29979365079
442639,138590.9607214476
442646,97260.13422753716
442647,111352.50744007074
442650,177259.7441623289
442653,295764.7810418471
442669,154288.466
442671,166636.54874506913
442672,84009.4611904762
442673,99083.66811965812
442674,223690.2480570606
442685,217909.40507936507
442686,304885.1091666667
442691,151392.9438809524
442702,133929.72833333333
442706,128895.04399283012
442810,92448.4185952381
442813,134024.30666666667
442826,214538.32161904758
442827,145715.00800000003
443085,112650.60466666667
467469,251302.7868888889
467473,255809.41763636362
467505,295526.5753333334
467512,85190.26737552407
467514,142676.99515555555
467516,87419.23
467562,111179.97724761908
467689,101000.0
467690,105208.64628391377
467695,96816.716680467
467696,230016.8
467698,135591.03586686784
467707,229996.0
467801,213831.85067275167
467803,87590.8776190476
467806,140280.18964285712
467820,77867.59077915552
467821,125693.74060722963
467822,99000.0
467875,217918.09133333334
467931,85000.17334927309
468041,274764.94954603177
468042,273175.0418405089
468044,131180.19881526803
468045,279123.62949721195
468046,153000.0
468055,183561.44805013237
468056,165000.04436644458
468058,313507.6726666666
468059,208391.92194663605
468063,248036.20393650795
468102,177296.116926407
468104,288822.3097945505
468110,259037.8951953498
468111,140000.0
468112,194922.61971428574
468113,194922.61971428574
468115,194922.61971428574
468117,194922.61971428574
468132,157027.64900983885
468134,134742.30263582515
468222,139086.52853748517
468227,169166.45339950544
468429,294144.8307692308
468430,334989.09523809527
468431,334989.09523809527
468432,332704.34475411766
468439,367902.43208058603
468440,591480.240751948
468441,379235.97861604806
468442,380000.0
468444,225404.86105987974
468472,431178.1666666667
468474,369061.14599999995
468482,350000.0
471390,73520.13740254215
471391,82125.70521255411
471394,67183.0
471416,222539.68866666668
471423,112288.17898926849
471424,81175.94544389234
471450,110134.82573378773
474470,119141.25576190477
474491,96917.10068864467
474943,195969.33045118168
474948,160284.43774603173
474950,170059.39679785713
474954,114374.66466666666
474994,92665.01237027909
474995,85899.33918518519
475009,69638.3238095238
475013,100226.16910313298
475014,132154.3445870052
475015,53365.16666666666
475028,77407.96879771342
475030,131726.84964835166
475191,115000.0
475192,72146.99988622488
475193,89912.0
475196,115000.0
475202,73171.55343789714
475205,103912.72438524266
475207,79947.59799131688
475208,103912.72438524266
475209,117000.0
475210,103912.72438524266
475745,114944.15219047619
475782,97890.08333333334
475797,92998.6255091575
475846,80419.652
475856,147796.3761904762
475858,72243.50324887532
475862,163818.10196540077
475863,111977.33507015853
475864,96816.716680467
475865,112963.16233333333
475867,130387.34419047621
475870,115855.85714285713
475871,101271.9194749583
475873,101271.9194749583
475875,113025.3238095238
475877,120428.57646103895
475880,128142.0
475881,91472.51234737468
475888,101271.9194749583
475896,185564.41923809523
475897,116476.88913333336
475898,118000.0
475912,103785.80998475174
475914,116593.7792587992
475915,115429.27852307694
475916,109525.70376190475
475920,109708.74511111111
475923,152924.63
476113,188854.76263706037
476281,256301.27413660852
476332,136654.3
476333,161660.69027186147
476335,155668.8792060001
476339,254040.1159904762
476341,377667.6464549451
476342,321715.6446317016
476343,190000.0
476344,392277.5077777778
476346,190000.0
476347,190000.0
476349,233000.26409899123
476351,155925.69640303368
476356,295872.80312736466
476357,223821.75052732843
476378,138801.57264476584
476379,140941.42965640567
476381,190000.0
476389,213828.21420606066
476391,205587.77644444446
476739,224479.16039984245
476744,604413.6666666667
476746,468880.1813333333
476753,357117.9813333333
476960,860938.7038881119
477981,90058.0
477984,89998.0
477986,79000.0
477993,88766.50176490178
478001,106173.19887710335
478048,77439.73499050805
478049,77439.73499050805
478058,79807.49256854251
478060,86776.18705773499
478081,76041.8
478145,90967.03354627003
478151,102000.0
478169,170859.86182795698
478172,108955.90210311911
478176,103489.56642051281
478180,90796.30863853518
478183,130000.0
478190,182557.00327164846
478261,96000.0
478265,125836.77557537299
478266,96000.0
478269,97577.11717046368
478280,108565.87396825397
478288,102769.97777201535
478289,118473.12895843682
478291,101000.0
478448,196694.66844170017
478450,185945.36820592562
478460,184567.11056731554
478521,185364.12475468934
478524,119110.6
478529,182501.2208095238
478531,215000.0
478539,185364.12475468934
478542,159000.0
478543,245857.1245070613
478544,135388.48858918858
478545,160066.44632458044
478547,129574.28923830061
478653,199032.87177183348
478683,270000.0
478690,334576.7676835904
478699,176546.86771428573
490871,88041.90665484496
490875,94000.0
490881,120771.91238095239
490882,122141.974
490883,119041.79055433699
490884,83916.3600442501
490885,94000.0
490889,92483.15696969695
490892,118732.8888634901
490920,119618.32857142857
490922,105016.69771588217
490924,352368.33302470075
490925,105016.69771588217
490929,73171.55343789714
490937,74450.21948338245
490947,74450.21948338245
490948,119241.78424366369
490953,65445.98190476191
490961,91429.16904761906
490962,56000.0
490963,87266.22266666665
491006,170859.86182795698
491007,68075.53950018433
491011,141854.3
491017,95000.0
491018,145945.41472144122
491020,130810.68178066493
491021,139356.4664904762
491023,129466.84047619047
491025,242700.0
491050,97329.50922982262
491056,121768.88723809524
491058,113044.3
491061,118473.12895843682
491063,95055.59075356607
491066,146624.47722213875
491069,148789.3530961384
491071,96441.93700000002
491072,129033.40791731306
491073,86929.17356054399
491088,80419.652
491089,129349.50173449541
491145,240000.0
491148,240000.0
491153,200218.54175824177
491155,265000.0
491158,160576.20567529995
491160,192505.96824871795
491181,256746.44445411052
491182,149000.0
491185,267265.439
491187,170387.112
491191,219414.6713333333
491193,214470.574
491195,140000.0
491196,169000.0
491216,202204.95786435786
491217,232019.08147918875
491297,235000.0
491298,460551.72
491301,805286.0
491302,384948.9435266558
491307,260370.65766724767
491316,500911.78890109883
491317,140494.73073730373
491318,313483.3105021645
491319,420000.0
491320,570966.4421987578
491361,976620.6666666666
493949,106516.00946897625
493954,95000.0
493971,100028.02942012151
493993,73171.55343789714
493995,73171.55343789714
494237,130000.0
494239,149220.5
494243,195089.96
494244,95552.04710379781
494245,111810.84318505763
494249,135000.0
494251,111860.17
494256,81963.0385357143
494336,145063.261681784
494341,106381.30447690884
494342,156042.82526811628
494343,102999.51140304332
494393,77796.88666666667
494449,99379.43214285717
494455,96004.0
494589,235500.0
494590,190000.0
494592,128982.77533333337
494595,300000.0
494596,207903.25203436517
494601,171166.0
494604,264500.0
494605,182176.5696969697
494606,185424.21188472965
494608,200000.0
494626,88205.09400000001
494669,211466.40154017095
494671,184108.36579476955
494751,208199.95827762404
494753,169166.45339950544
494897,200000.0
494901,317108.303458796
494911,334424.2911666667
494917,408127.122283272
495052,360000.0
495057,568820.9199032902
495059,580000.0
515660,122983.55232316015
515661,154372.10566666667
515662,176870.306
515667,137403.23253881675
515690,179285.478
515696,112244.94941500723
515713,274920.3624736375
515718,124969.7144063492
515757,225305.89
515857,554259.2952341776
516158,116469.27966666667
516159,116469.27966666667
516160,113764.56856507937
516161,109101.2096
516162,131622.79613333335
516163,56000.0
516164,52297.908257053845
516170,94000.0
516171,97665.42442361562
516177,107620.59693823555
516187,119714.5775
516188,73029.76538461538
516189,116817.6488095238
516190,130953.96912222226
516194,62095.426666666666
516195,85190.26737552407
516196,74721.62493566431
516199,87419.23
516201,79000.0
516202,344209.1785363247
516267,96816.716680467
516270,124529.8389776335
516271,120000.16753277791
516272,115493.10601468386
516277,230016.8
516285,142000.0
516286,229996.0
516289,106040.89257681661
516290,115000.0
516297,243856.41500476192
516298,129335.71244444446
516308,196500.0
516312,150339.90210312785
516313,142000.0
516320,159509.1810865801
516321,77612.42031746032
516335,87590.8776190476
516344,89403.07922275501
516345,142453.48541780992
516352,99000.0
516355,130000.0
516356,125693.74060722963
516358,77867.59077915552
516364,97601.89933333335
516365,113223.93166666667
516366,116040.26666666669
516371,87861.43083530224
516372,83990.8702047619
516373,111271.40441269842
516405,192492.1450985771
516407,169732.36022444695
516426,138608.21042249535
516427,149768.0
516428,153000.0
516429,199819.2957523423
516430,131180.19881526803
516431,131180.19881526803
516434,169328.11087850726
516436,184000.0
516442,264500.0
516444,183561.44805013237
516456,208391.92194663605
516457,326649.64803415537
516458,208391.92194663605
516469,271493.46312369395
516471,140000.0
516472,192492.1450985771
516473,167733.2038538737
516474,228985.5770365086
516477,187026.54257142858
516478,168150.22791111108
516481,153737.7986222222
516484,134742.30263582515
516486,115000.0
516491,155000.0
516492,157027.64900983885
516493,110000.0
516496,190000.0
516502,238502.75
516506,208199.95827762404
516507,139086.52853748517
516508,143681.4183150901
516509,236113.66666666666
516564,261814.96651061336
516572,195865.2904472856
516573,254834.1061705656
516576,379235.97861604806
516581,225404.86105987974
516588,424536.65733333334
516589,499714.0
516590,348648.56018581416
516592,433283.7357142856
516597,285788.41288026975
516598,665838.0
516600,295231.8692698413
516601,410117.6606077493
516602,437377.4
516603,446822.60351428564
516607,198872.0
516609,350000.0
516610,382589.705518797
516611,251389.618
516615,370000.0
516659,1025681.6485055943
516660,1114182.0
524743,379405.1230922259
524744,715903.9385624279
524748,159564.878020202
524749,185894.0779047619
524751,241505.6925
524756,89998.0
524757,124532.74493520403
524758,124973.0
524759,68772.25375204199
524760,89998.0
524761,93277.37648546243
524762,124532.74493520403
524766,90000.0
524767,204937.0713043478
524781,181512.82875722361
524782,196198.4605714286
524785,68880.38173333333
524786,149126.25489450552
524787,112302.02831796535
524847,92310.49553502446
524851,128330.73219047619
524852,101252.94283095242
524853,99362.56745900719
524858,379241.68666666665
524872,187055.234
524874,183495.0533846154
524878,97750.37092818375
524879,102491.4581724304
524880,106362.01581974169
524882,137563.58540045138
524883,342342.2896376623
524884,198498.48002380953
524889,139931.5043809524
524891,171337.31942857147
524893,202660.91731346108
524894,146353.27740620487
524895,197504.87829886228
524896,98604.30271746033
524898,212242.04747474747
524900,79650.95833333333
524901,256496.51629885056
524904,130934.61703383461
524910,109920.74533260071
524912,183811.1443754579
525089,102000.0
525092,97736.8
525099,134362.58095238096
525100,120427.00264468866
525101,123839.26216666665
525102,134362.58095238096
525104,132401.06104550904
525109,148998.1052058886
525113,102056.0
525117,128322.376
525121,188918.80116666664
525123,128322.376
525124,145945.41472144122
525125,176668.1908527643
525126,118629.8513988456
525127,123263.26517243865
525158,49926.0
525164,155466.84796195032
525170,58532.708249158255
525172,122828.78743072612
525175,94937.54254545455
525177,110431.3947878788
525178,94627.7760558418
525179,142725.52065339102
525181,107296.66763760912
525182,90745.2356493112
525197,118473.12895843682
525198,78876.56335843517
525201,84102.13959900783
525219,152924.63
525380,347443.6653333333
525383,196694.66844170017
525384,189331.37887169438
525390,223341.7265620894
525394,280000.1533600106
525413,369750.20076923084
525421,208603.2736666667
525423,338342.0
525424,242059.3504857143
525427,191050.13571428572
525433,234907.7
525443,268428.0487878788
525455,117571.41348061395
525479,137000.0
525655,443866.26666666666
525656,449106.13333333336
525658,253272.06805442175
525667,321586.0
525673,825000.0
525680,235364.9148897562
525682,460624.2305106659
525685,250495.3431855922
525688,652793.3333333334
525689,232038.58304187044
525690,171045.86128571426
525691,370498.4652467533
525696,362065.6111111112
525697,247767.39592268306
525698,220692.11476226128
525700,184000.00274791586
525711,162726.80777327935
539753,99922.28306666667
539777,106716.18395581514
539778,103253.07871749914
539779,131282.9889963925
539953,89245.85862803864
539954,100717.81106666668
539955,165256.08329585107
539956,165337.2557096442
539957,165256.08329585107
539961,165256.08329585107
539962,165256.08329585107
539963,83850.93766666666
539964,83850.93766666666
539965,106684.98565500056
539966,106684.98565500056
539967,106684.98565500056
539968,106684.98565500056
539969,106684.98565500056
539971,149964.09423333334
539972,149964.09423333334
539973,149964.09423333334
539974,149964.09423333334
540081,120035.3546666667
540090,64530.39651956043
540110,127932.92335858585
540254,283659.69327516924
541463,101880.05394343434
541599,148931.15408571428
541853,107741.20820000001
541877,119075.13685447894
541878,119075.13685447894
541879,119075.13685447894
541880,119075.13685447894
541885,168405.1995809524
541886,168405.1995809524
542909,177587.69734700065
543093,296203.25472150074
543710,228604.86474129185
544210,191858.74048120299
544215,227123.10966666666
544327,490800.3736949325
558074,101849.9834948052
558075,102079.9938032787
558077,73127.78752766117
558083,73127.78752766117
558085,126113.5923618881
558086,117878.14049264067
558087,126113.5923618881
558090,139556.61146666665
558091,102980.77035673868
558093,111492.48276080759
558094,138772.24076190477
558095,173399.57903124328
558098,127107.71827619047
558099,102980.77035673868
558100,153836.86872619047
558101,110677.46446666667
558103,106516.00946897625
558104,281178.0746666667
558105,111073.88199131374
558106,107275.34774038188
558108,100003.89208017639
558110,187747.2909920765
558111,117477.67835325783
558112,158156.95866666661
558113,135850.896
558114,111869.91697710624
558115,369294.672
558118,109277.02649682542
558119,110677.46446666667
558121,152109.3126666667
558127,114205.60921212118
558129,98103.4746684088
558130,114205.60921212118
558131,106912.55383336663
558134,114205.60921212118
558136,106912.55383336663
558137,106912.55383336663
558140,103023.44620073261
558148,183371.29954978352
558152,89297.41993333332
558153,183428.33288311688
558156,125615.418
558157,125615.418
558158,186250.04421645022
558159,125615.418
558161,186250.04421645022
558165,106696.44585281385
558166,115352.95676190476
558167,133458.08099285717
558168,176270.9606573043
558172,172557.59094301856
558173,104350.5535963284
558174,106696.44585281385
558175,216736.492
558177,115345.0400779221
558178,140342.30555192847
558179,128718.92915555557
558180,110997.09125097461
558182,87005.83151931402
558183,145111.72404212458
558184,110254.80795336513
558185,107272.40305873017
558187,99805.13146031747
558188,127635.4266702666
558190,128718.92915555557
558191,87005.83151931402
558194,96317.0325
558195,154510.57422222223
558197,71320.8668537414
558199,121575.86365089529
558200,99185.29508122132
558201,126686.62574373437
558202,112131.46424542127
558203,85301.28407316207
558204,130143.47633333338
558206,60583.36666666666
558212,69658.41773809525
558213,70080.41439126983
558216,73171.55343789714
558217,73171.55343789714
558219,73171.55343789714
558221,80879.25854834056
558223,73171.55343789714
558225,73171.55343789714
558229,76191.57036559138
558237,153797.00659193314
558238,130406.83929872364
558244,192607.38552380953
558245,148504.3824444444
558246,119532.71933333333
558258,110523.93872727273
558260,108303.92135873016
558261,163411.86462397373
558315,150359.924984127
558319,99024.0
558324,212087.00939460204
558326,212087.00939460204
558327,201868.07466666668
558328,212087.00939460204
558329,212087.00939460204
558332,181175.2831428572
558334,141901.84383839782
558336,117577.32946330891
558341,210271.718
558342,128253.6
558345,200116.874
558351,151117.37395238093
558361,207941.1133333333
558362,261692.62533333333
558363,191568.72333333336
558366,89429.825
558367,178573.6613162791
558368,198321.67285201463
558369,192443.24919047617
558370,189306.99614047617
558371,199923.38910256414
558372,201273.19891507932
558373,195663.74134790766
558375,196413.833
558376,139328.3948559339
558377,200971.21761904762
558379,218485.7598819029
558380,200971.21761904762
558381,189829.1997047619
558382,200581.01191501832
558383,197733.48109010988
558384,167462.39093774353
558389,149867.30961255063
558390,149867.30961255063
558391,129954.1978009804
558392,123119.2078917793
558393,149867.30961255063
558395,194052.11666666667
558396,149867.30961255063
558404,257617.98737777778
558405,190652.42585613276
558412,154920.58509512144
558413,102999.51140304332
558415,150549.83626199217
558417,184775.02609523808
558419,134586.91122634296
558420,184775.02609523808
558423,158000.17522325384
558482,109210.74676190477
558487,95000.0
558575,150479.73291258447
558579,269227.75285611546
558580,264940.3927742297
558582,265000.4213019038
558586,150064.0
558587,426862.58138060913
558588,254865.9921891678
558589,288339.75613315514
558590,349957.272
558592,254865.9921891678
558596,288339.75613315514
558598,254865.9921891678
558599,218481.79830303031
558600,254865.9921891678
558601,185000.0
558602,254865.9921891678
558612,304703.8454285714
558616,571354.0261144781
558618,233654.9036423559
558619,279122.3274640523
558621,207554.50699141494
558623,250802.43173459877
558624,249263.8894678067
558626,249263.8894678067
558627,373224.668
558628,291440.4247379849
558642,332187.35273123026
558643,332187.35273123026
558645,332187.35273123026
558646,332187.35273123026
558744,375000.0
558745,185531.91445646257
558746,230000.0
558749,323848.5046666667
558752,306784.0
558757,357320.8601904762
558758,250000.0940681661
558759,250000.0940681661
558767,228938.8406260406
558769,300397.6175261517
558771,375000.0
558811,375000.0
558813,375556.00036363635
568428,202799.66133333338
568488,112980.22827748918
568493,109448.32597413272
568513,127268.30285714284
568514,102302.55681760462
568678,343015.9
568737,184333.6391428571
569283,100685.22485140417
569291,114824.51150326796
569296,402568.1944380952
569297,226934.03095021643
569577,152383.19031788805
569590,54694.168333333335
569721,94747.16152300927
569782,160508.0856604696
569784,76712.35714285713
570328,73879.95454545459
570329,104134.10974891776
570331,71000.0
570337,142561.0919008664
570339,142561.0919008664
570340,123907.56411550583
570343,102000.20517108402
570345,154479.61182783043
570347,134335.16243515295
570349,104268.03399999999
570350,154479.61182783043
570351,150822.4584490267
570354,126493.78761904758
570356,144651.7259021803
570358,152392.30307846738
570359,146893.89724675324
570360,154479.61182783043
570361,146893.89724675324
570362,150822.4584490267
570363,150822.4584490267
570364,150822.4584490267
570365,84190.1876861111
570366,84190.1876861111
570368,84190.1876861111
570370,77439.73499050805
570373,152344.59307846735
570374,152344.59307846735
570375,150578.39178235998
570376,150578.39178235998
570377,150578.39178235998
570378,152344.59307846735
570380,145386.61204111768
570382,150578.39178235998
570404,114443.23365079363
570406,183315.9564259277
570408,88555.47685419155
570414,98000.06715807044
570415,122000.07538339704
570417,130000.08356325343
570419,90655.61226300907
570427,126036.66666666667
570429,97985.00964249576
570437,100639.9433844157
570439,100639.9433844157
570440,100639.9433844157
570450,195000.0
570458,129055.75897027376
570459,106381.30447690884
570461,117783.22847330618
570462,99844.4758302154
570464,158897.40999755802
570466,106381.30447690884
570468,123331.11352369015
570473,129817.2448823106
570497,140881.58921727302
570500,199500.08169228394
570504,264231.0
570506,206145.63251786897
570507,205261.7935443811
570509,161111.71936353995
570519,158402.5555098995
570520,228534.40835873017
570523,266461.6445714286
570528,168362.7521563403
570537,235359.0798402063
570538,183424.25539393938
570555,172500.07504313314
570556,224479.16039984245
570557,283000.0
570561,183922.82789596944
570562,198000.0
570563,285258.76627182914
570569,199000.0
570573,504765.25
570578,294779.13438231935
570585,230000.08093030096
570586,285385.7156957154
570594,439756.0
570596,462242.826984127
570598,453032.2658253967
593356,127902.90987179488
593382,92342.46312018683
593448,426220.22466666665
593531,335552.05359642644
593551,133106.9278037842
593561,190398.9119234099
593615,1664227.0116304348
594359,82935.26593702864
594365,118492.50341297181
594367,176124.19657444002
594402,133321.52037129534
594574,126612.76615714288
594609,289778.87910476193
594610,249322.6006088751
594613,290882.92633333337
594628,72884.0
594631,120571.58109523807
595047,344176.04970731714
595289,137982.85177643414
595420,49384.315833333334
595423,103161.92726962583
595425,89998.0
595442,106173.19887710335
595448,76297.998
595450,105789.29677871148
595451,97188.06360750357
595452,83290.69266666667
595453,73171.55343789714
595455,77439.73499050805
595456,77439.73499050805
595458,77439.73499050805
595461,94013.4342857143
595462,94013.4342857143
595465,102491.4581724304
595466,91913.2944109136
595468,94013.4342857143
595470,102491.4581724304
595471,94013.4342857143
595475,102491.4581724304
595477,55730.57610512982
595478,95000.0
595482,76041.8
595488,52171.48451506833
595523,90967.03354627003
595535,90000.0
595537,80000.1404599753
595540,116791.12497619049
595541,110000.0
595542,140118.95765870129
595543,170859.86182795698
595546,90000.0
595547,104059.848300126
595548,103489.56642051281
595549,102056.0
595552,134020.16857142854
595557,95000.0
595560,174317.34933333332
595565,161413.55148849398
595582,182557.00327164846
595591,167361.802
595598,96000.0
595600,104877.0
595620,104068.2546553213
595626,148789.3530961384
595628,155333.6441904762
595633,101000.0
595635,118473.12895843682
595636,153957.7453852814
595638,102769.97777201535
595641,109072.5695307707
595643,148789.3530961384
595644,148789.3530961384
595647,107911.75935495034
595648,112900.0
595658,85000.17334927309
595660,113050.0
595685,139999.94154580092
595688,196694.66844170017
595689,185945.36820592562
595695,184567.11056731554
595696,178000.0804084802
595697,266027.0666666667
595698,183852.69511534204
595700,249840.0
595703,288339.75613315514
595706,184567.11056731554
595714,185364.12475468934
595718,193775.06112656408
595725,199000.0
595732,129574.28923830061
595734,169335.70188633943
595736,219349.15439819003
595737,145510.86162540858
595739,135388.48858918858
595740,160066.44632458044
595741,184108.36579476955
595742,245857.1245070613
595796,270024.32755153347
595797,143459.3432051191
595799,290000.1414400805
595801,215000.0
595802,199032.87177183348
595829,193132.69194139197
595830,297885.57
595831,195883.96680309862
595832,297885.57
595838,334576.7676835904
595840,301066.408
595841,183911.6032178785
595864,568820.9199032902
595866,292970.9255333333
595867,279062.2332112332
595871,279274.7682539682
595872,283490.6748830918
595873,280737.46031746035
695664,48684.595833333326
695713,107104.3336412823
695740,84095.08866666668
695980,140139.1193846154
695982,205790.26357142854
695988,52681.66333333333
695990,236463.36511587302
695991,402522.8761904762
695992,280988.8666666667
695997,81496.63750416251
696003,153258.81600282175
696004,144581.8517142857
696286,110283.35428571429
696293,120510.87442002441
696305,110173.77095780046
696307,85190.26737552407
696308,87419.23
696311,344209.1785363247
696315,107471.93357587802
696350,118985.18970986584
696869,101000.0
696873,120902.84333333332
696877,230016.8
696878,105000.0
696884,106040.89257681661
696886,135591.03586686784
696899,217498.16760889668
696907,103323.00071321004
696915,105000.0
696916,84333.90569674766
696919,87590.8776190476
696920,120000.0
696924,77867.59077915552
696929,99000.0
696939,129984.0
696940,125000.0
696942,125000.0
696943,85000.17334927309
697271,131180.19881526803
697273,153000.0
697274,138608.21042249535
697275,295872.4869130767
697280,208073.747049708
697281,183561.44805013237
697283,208391.92194663605
697286,208391.92194663605
697287,165000.04436644458
697296,194587.39066666664
697297,266792.21157422976
697303,140000.0
697305,228985.5770365086
697309,115000.0
697311,135000.0
697319,139086.52853748517
697320,169166.45339950544
697552,510708.2631333333
697710,341961.1486212985
697712,225404.86105987974
697715,284344.19454999996
697717,380000.0
697723,306784.0
697726,282753.0015584415
697729,424000.11542857153
697732,350000.0
697874,1470277.7412727273
698220,125949.55476190476
698327,214473.7239340659
698446,550002.879807143
700159,233794.8
700179,234596.6
700194,447530.9724166667
700545,113625.76962026404
700552,124294.70694155847
700625,63445.48833597883
700675,91693.76333333334
700716,161086.0562490843
700901,230445.88165363763
741348,417779.2148483923
742385,97855.27432451931
742389,131417.42373333333
742393,153920.23793650794
742423,151182.697797619
742425,490383.2279
742446,176031.3696666667
742449,488528.24628571427
742450,176031.3696666667
742458,95000.0
742464,54406.414
742467,77439.73499050805
742468,77439.73499050805
742531,107542.6132674656
742533,107542.6132674656
742571,99466.0798095238
742573,126247.99091991343
742929,153624.884
742930,152243.3628888889
742939,96602.47238668535
742964,121755.0
742971,118284.76695238096
742973,56185.853983516456
742974,174317.34933333332
743033,167361.802
743034,131679.52
743038,177344.12
743063,171358.17141904763
743065,171358.17141904763
743070,151071.22814614073
743073,114940.04072727272
743076,75980.58924584859
743084,80566.95142857144
743086,160000.0
743088,99000.0
743089,100409.9449231069
743094,74350.66
743100,100411.93218701295
743113,114988.0
743117,272015.9543333333
743119,95122.71702564102
743135,156636.5292
743136,156775.5292
743139,129223.58573015875
743140,129223.58573015875
743190,64480.50689075631
743192,140461.51646153847
743194,153380.65352380954
743369,100766.51957142858
743690,200562.8964761905
743695,176205.8802051282
743699,223152.0752438696
743701,132829.17743645018
743705,160576.20567529995
743711,215000.0
743712,223821.75052732843
743717,215000.0
743760,240632.9278549784
743761,242997.9685811341
743762,134612.70137969925
743772,164450.25379364492
743779,262133.426
743782,118666.11553431855
743795,241235.2978095238
743796,240000.0
743801,264951.8
743802,153234.23565192972
743804,264951.8
743805,235500.0
743806,223420.8095789699
743808,134140.91954323452
743810,248000.0
743814,157498.5115686274
743817,256576.70533333332
743842,294019.55337380944
743994,222472.32665622974
744663,324659.375
744679,263819.91399207315
744680,310036.375180375
744694,325100.23609098117
744695,665884.47
744736,156655.51320346308
744752,155000.0
899301,108802.91024908423
899306,130572.01471274208
899324,94000.0
899326,184483.67859999998
899337,50716.16391044903
899339,105117.08368517665
899340,99861.94915733843
899343,100761.40762008302
899352,144909.26619047616
899354,120000.16753277791
899355,136838.3640379917
899359,262955.43035340915
899360,141901.84383839782
899368,142000.0
899370,150339.90210312785
899372,209178.1819498279
899373,155088.0490081552
899374,97259.25980952382
899375,232169.45292063494
899376,67673.4385554605
899377,67594.09895794872
899378,142812.43777777778
899379,119439.78222222225
899381,142453.48541780992
899382,142453.48541780992
899388,130000.0
899391,165659.73796491904
899392,111271.40441269842
899399,169732.36022444695
899400,192492.1450985771
899401,140000.0
899404,189265.33368055554
899405,192563.46332295163
899406,160189.472325641
899408,169328.11087850726
899409,184000.0
899413,339532.879
899414,579264.0
899417,192492.1450985771
899419,197315.35749867724
899421,194922.61971428574
899425,143559.35535772657
899426,110000.0
899427,157436.01594430782
899428,120073.11208169634
899430,190000.0
899431,166556.6209215686
899432,155000.0
899433,179936.19625396992
899437,236113.66666666666
899438,143681.4183150901
899451,261814.96651061336
899461,497235.1185452011
899463,357229.047250415
899465,389133.03809523804
899467,292650.8333101343
899468,152104.34297671713
899469,236126.50083529414
899472,198872.0
899474,370000.0
899475,449370.3355350764
899480,389253.33333333314
899481,473940.5533607616
955997,90488.15862857143
955998,162699.03393659173
955999,160085.56000000003
956000,86640.81333333334
956005,160804.87857575758
956006,179058.5
956007,189860.31611111114
956010,123635.2615400201
956013,218253.6543837155
956017,173544.05028127425
956024,108591.25769752765
956025,103165.19694688644
956034,88347.34789519916
956037,358930.848
956043,192568.0796666667
956052,100692.76885324971
956053,267761.198
956055,89862.56978571428
956057,192568.0796666667
956058,116430.67019444445
956069,82784.23812619048
956070,94287.24917308657
956072,98173.46270952382
956073,98173.46270952382
956074,98173.46270952382
956075,94287.24917308657
956076,94287.24917308657
956080,94287.24917308657
956081,94287.24917308657
956082,82784.23812619048
956083,94287.24917308657
956084,82784.23812619048
956085,94287.24917308657
956086,98173.46270952382
956087,98173.46270952382
956088,82784.23812619048
956089,82784.23812619048
956090,82784.23812619048
956091,98173.46270952382
956092,98173.46270952382
956093,98173.46270952382
956095,82784.23812619048
956096,98173.46270952382
956097,94287.24917308657
956098,98173.46270952382
956100,94287.24917308657
956101,94287.24917308657
956102,82784.23812619048
956104,82784.23812619048
956105,98173.46270952382
956106,94287.24917308657
956107,94287.24917308657
956109,82784.23812619048
956110,94287.24917308657
956111,94287.24917308657
956112,98173.46270952382
956113,82784.23812619048
956127,100612.39238528139
956136,140249.356
956137,117698.08933333334
956139,165256.08329585107
956140,369316.34816666663
956147,192121.9020952381
956148,57301.066666666666
956150,76360.39230158729
956154,128873.15791341991
956155,139492.9816666667
956156,93285.39302054155
956165,160463.96438095238
956171,181422.00762936327
956174,139066.78866217996
956175,163307.7226666667
956176,88706.82747347903
956177,145888.7469722222
956178,173203.8287265515
956179,170120.15834355645
956180,120975.66133333332
956182,120975.66133333332
956183,125443.84226190478
956184,120975.66133333332
956187,114358.31369047619
956199,67251.18926406927
956200,78307.4703102453
956203,119187.05233855033
956206,200869.54533333334
956207,202581.4
956215,176179.03675646576
956216,323954.23024730233
956219,100595.03653886121
956260,199301.86666666667
956263,100528.73850283049
956265,112237.49035409036
956278,137403.52080432003
956282,159824.06666666665
956284,140974.7782603175
956286,133439.0292142857
956287,107438.26763884969
956296,151399.10096147185
956299,90998.53366043954
956300,79559.59385481186
956301,196656.17417582418
956302,229846.45080909412
956303,92970.76416666668
956304,105822.7497142857
956305,114331.05028822644
956306,216450.8412610445
956308,128723.43123809523
956314,84051.34815686275
956448,89065.33993770552
956593,96382.55922653523
956658,114224.64333333333
956809,130817.74990476189
956858,177673.85466666668
956897,186028.46666666665
956898,197128.16893299538
956901,200112.1991904295
957097,294956.2619047619
957206,399257.0
957298,114061.36268587713
957343,180332.83161904765
957367,176348.85066666667
957390,88183.6317979798
957447,70869.27476556775
957458,227143.9891155274
957494,223487.4714929991
957534,311444.3932557092
957542,252271.72775766125
957549,288861.8095238095
957560,93660.61228571428
957577,104927.81418045113
957604,311278.20232363336
957607,405057.3333333333
957925,121408.65633333335
958055,98181.49484908424
958085,106681.4991919192
958089,183348.981
958108,256222.5170284803
958114,224726.59213910534
958138,402815.8140705149
958139,238145.5911111111
958215,106155.11564102564
958216,105634.78
960013,67531.57053931625
960014,118000.0
960015,118000.0
960016,119041.79055433699
960018,118732.8888634901
960019,65000.0
960022,118000.0
960023,104719.57608109023
960024,125580.32239426379
960025,112355.82173382175
960030,108374.79515592364
960031,126873.1848
960032,108374.79515592364
960033,126873.1848
960035,73171.55343789714
960036,73171.55343789714
960037,73171.55343789714
960038,73171.55343789714
960039,77439.73499050805
960040,77439.73499050805
960041,77439.73499050805
960042,77439.73499050805
960046,79807.49256854251
960048,82000.0
960049,119241.78424366369
960050,118000.0
960052,86597.57648112599
960053,92217.95849999998
960066,118850.28571428571
960069,160000.0
960071,149071.95652434186
960077,190000.0
960078,109237.09787311027
960080,144366.50333333336
960092,115489.04266666668
960093,141498.71122539687
960095,92202.14666666665
960096,141568.02891904765
960101,124411.35657142857
960102,121387.74952380943
960103,121387.74952380943
960105,94095.78547619043
960109,72810.66666666667
960115,112608.5670044262
960117,190000.0
960120,118984.0
960122,118592.47622504111
960150,187288.32928851346
960151,190000.0
960152,131180.19881526803
960154,205000.0
960155,187288.32928851346
960157,187288.32928851346
960159,220000.0
960161,185040.21185558964
960166,265000.0
960172,191293.8786666666
960177,258719.20600000003
960180,130140.0
960182,168036.8749250749
960185,172615.0812857143
960186,220000.0
960187,205000.0
960188,195000.0
960189,139999.86965336514
960198,249625.022
960199,249625.022
960212,259902.48139066313
960213,273000.0
960214,261000.10014348544
960215,259902.48139066313
960216,341961.1486212985
960217,259902.48139066313
960218,261000.10014348544
960220,321586.0
960226,825000.0
960227,200592.17234814924
960229,249003.77777777778
