id,price
287176,1190370.8
64597,525180.0
332336,1092100.0
13567,502177.30817099556
25431,655869.396
34755,671319.3593171536
64598,771975.111111111
123333,284660.0
123334,673986.6666666665
123370,650000.0
127584,634900.16
170931,1365435.8384444446
176518,376467.3261212121
176519,450634.92063492065
176614,1341010.0
176682,1500897.0266666666
176683,1281065.1394043267
176709,3028003.78
176710,1734499.873333333
176711,1773326.782857143
181564,1289205.088
188774,2396000.14
200458,159715.98
202283,556866.6433333333
215976,284660.0
216034,673986.6666666665
216131,3300000.0
238608,370060.0
260548,266958.31833333336
287177,1256702.3564444445
287791,1289205.088
328317,516700.0
331595,317954.98
331599,317954.98
332329,1092100.0
332332,1233136.9047619049
332334,1092100.0
332338,1092100.0
332344,1092100.0
332792,884263.7957222222
332793,655026.6666666666
332969,3300000.0
379979,249260.0
381876,646940.0
381877,680600.0
406377,414359.8333333334
413294,1318533.2933333332
419038,792724.7
478694,1289205.088
491079,556866.6433333333
491202,1200000.0
491204,1045636.4885114885
491206,1250000.0
558433,493960.0
558651,1250000.0
558652,1045636.4885114885
558656,1200000.0
558826,1261096.9189727942
696935,344000.0
696936,344000.0
743189,365306.97
899389,464808.375
956259,910900.0
960232,1289205.088
192912,233378.0
238224,170176.6666666667
127418,183000.0
476380,146866.26423076924
476373,136377.18573345288
121889,220136.0
442705,98280.0
570477,108921.88372738373
190415,100411.74882848246
960153,220000.0
192962,208221.74708569158
272373,119133.33333333331
331484,82856.0
516425,191240.0
331246,98921.8534509129
238012,212539.2637948718
331721,140084.4
200737,148621.30877018732
32111,64312.73004773003
30820,149821.19656197357
34661,100411.74882848246
175362,226315.0
315860,176708.20933333333
491172,223830.66666666663
418089,328146.8
196008,228437.01939393938
176486,117231.0
381656,166484.5323076923
190847,112000.23842895942
36013,133697.56027306028
346688,159150.75666666665
64118,150000.0
227528,153796.87550960016
25373,152521.42857142855
475869,112719.28066378066
379963,102991.09637821886
309712,87000.0
315620,146740.0
121442,136133.09666666665
525382,213700.40335606353
413535,300769.625477707
180667,210140.0
29763,160556.5235768291
256021,220000.0
595719,215000.0
18323,227549.91833333336
32095,186982.74285714285
238584,225365.56
286929,239992.2175757576
230254,206329.29156137977
18751,265000.0
331615,123750.0
261052,178390.809477707
11237,197755.36666666664
331489,142113.9481266772
61262,205000.0
107474,184521.8822781728
418083,258105.14
216015,274101.86342857144
44636,191440.3
13981,157374.37656050955
272759,145980.0
34633,108930.0
180704,127700.0
558641,146683.65286175814
558593,288398.95243156026
107332,150870.93666666668
227307,179000.0
287043,123839.57142857143
405980,132556.06666666665
516453,207735.7017982017
195762,99469.79823462765
960190,190000.0
122532,130250.0
217192,158499.5288888889
261106,120500.0
190799,189000.23914286614
35956,142113.9481266772
331478,168316.2
34595,161400.9920634921
418454,96529.5892671218
516343,142113.9481266772
303486,109563.0
161225,212008.0
475900,93989.20208293373
44587,250000.0
413848,190000.0
413885,120791.33333333334
381641,169732.85238777244
958106,248857.08
516296,141811.75138448083
406722,175348.12
13982,294936.61202464206
238579,184156.9226683787
309643,187760.0
346283,86426.2941658015
195699,106362.0619047619
332058,186688.59064559295
36168,213860.0
543594,163444.93506493504
558644,187056.5364705882
516334,67960.71592775043
293563,100000.0
116016,109848.24
468052,207735.7017982017
419007,265000.0
312018,270566.54
44652,248947.12285714282
255992,191173.33333333337
11233,105964.87999081038
346778,126879.33333333334
25399,294002.6666666667
61250,90000.0
200694,135000.0
178561,163405.3333333333
272829,217740.0
558349,158375.56666666665
309706,117360.74666666666
1432,77070.1412958153
127093,114915.5
195793,115257.06983014288
217191,106364.0198828576
558333,230000.0
595735,187403.64476190478
227919,208221.74708569158
11368,131203.17493503314
107336,154254.0
29657,96529.5892671218
381394,100411.74882848246
331155,94130.22666666668
216053,213700.40335606353
229747,122000.08778446718
558394,215318.0
1572,233378.0
238163,190398.76266666665
381707,112000.23842895942
346775,116004.67333333334
63896,264000.56
515689,362713.33333333326
309640,143533.0
476386,146866.26423076924
331441,67960.71592775043
76878,128991.2318021731
558378,154508.61781740977
25407,190000.0
36107,169732.85238777244
192845,131566.0
127180,142113.9481266772
161480,140502.98534042493
346155,138640.0
1459,87960.0
34731,217310.46825396828
315650,106364.0198828576
272319,193800.0
331255,121000.0
133206,265000.0
161258,184174.4
232452,135603.7857142857
312029,225846.66666666663
200691,127929.28
315687,197024.0
956316,159165.88245614036
442637,169167.45555555553
494238,100000.0
346206,261577.33333333337
516432,169936.70649490962
311943,239700.0
381539,186686.0
217430,168488.7246087246
899436,208221.74708569158
332433,143617.49127483077
331262,98921.8534509129
195705,106362.0619047619
468114,229067.64363904076
558416,106364.0198828576
491008,140502.98534042493
200624,138640.0
230566,139696.66666666666
234266,240000.0
260702,149160.0
180681,161080.90601059486
478455,288398.95243156026
475853,78999.92885105133
161228,343435.12571428565
61253,80000.1491012294
44625,322820.0
25109,87000.0
123338,157255.26666666666
331261,98921.8534509129
405972,167016.0
25323,188603.3333333333
957495,224047.07904761907
491052,179100.0
180800,158000.1564592094
284716,176001.26984126985
332420,140108.2
260686,137874.66666666666
25110,64312.73004773003
48685,132873.39624657508
176618,340000.0
286927,100659.72
1442,144381.42
183009,780543.6133333334
525171,62850.0
190471,104949.17588410039
32085,151597.57333333333
475868,141094.94
328271,86426.2941658015
418608,154181.50793650793
476377,146866.26423076924
35786,238020.0
478179,158117.9063529865
293913,374808.28166666656
284395,125958.0
418570,144900.0
593553,290091.94666666666
328647,140000.0
30917,95000.0
328619,181190.06
176514,158000.19147283566
595624,137915.1850461917
176479,99469.79823462765
413873,153917.77138004248
176592,135000.0
34742,117460.0
346335,127494.0
32042,163931.4524709316
309830,195000.0
346130,155972.9176190476
13669,141811.75138448083
695685,116180.0
899385,145820.08307692307
234222,160556.5235768291
11455,169161.43116958902
570442,100929.97647619047
293707,70404.0
406654,228437.01939393938
234209,223247.39946113396
332082,212627.72322580643
216085,235743.32727272727
284377,93989.20208293373
956217,205024.82
48708,149694.98666666666
332241,247238.42666666667
524779,219747.755
381403,98000.14825906968
180743,109670.0
31031,159222.58
595606,96000.0
312061,170772.4619047619
331367,126763.33333333334
133242,167779.3578643579
188583,131596.0
515702,268523.5
570433,128615.5
558317,209789.83095238096
899407,131203.17493503314
331448,109529.74
293677,148000.24126751226
332092,226580.0
200999,147686.60150793652
315877,184156.9226683787
743131,129862.48917748917
287432,410034.5
44640,239941.40333333335
272215,126076.66666666669
418145,299151.6666666667
44638,228973.4
127465,398603.5238095238
332139,262116.66666666663
539949,284453.2
406214,161771.77333333335
541881,171550.47599999997
474996,134413.9230769231
960091,97011.76898550725
406213,122000.08778446718
133241,244153.22000000003
696871,96806.0527850593
346832,141188.0
121406,154747.03238095238
260689,139790.21777777778
516443,174000.0
202229,130092.0
405888,473700.0
18514,96529.5892671218
237998,134076.2502613229
293689,143597.53333333333
64529,207948.97799495977
525199,85000.0
293402,279332.04
293561,79037.14285714287
127069,85291.74743771042
287297,288398.95243156026
25017,163931.4524709316
418894,194447.7076911274
381737,137000.0
380117,181605.72893772897
418907,249751.42155471482
956899,200560.0
48692,215000.0
418147,375695.77
44340,119647.55555555556
309634,163931.4524709316
176469,163908.0
300805,249929.2
525440,133739.7369263433
418958,197780.0
25375,300520.0
406345,131042.6
405890,215683.84
200951,295823.4
331386,207039.2
331248,120000.1699972609
346294,148621.30877018732
418471,183599.99420677364
475919,93067.99999999999
284307,96806.0527850593
44570,197064.14996097173
309758,207948.97799495977
332287,304501.0133333333
418735,113122.0
332095,135404.37848739498
332040,158280.0
132860,83000.0
960094,104623.76898550725
406299,156319.11153568656
309686,64230.14913419913
1028,1151600.0
1242,94000.0
1245,94000.0
1248,83922.59173961572
1249,76000.0
1250,118696.03694381138
1251,106520.8439715569
1252,95000.0
1253,167179.96761904762
1254,180704.3442857143
1256,173307.12058371736
1257,110414.0
1258,105000.0
1263,94023.33333333334
1271,94318.66666666666
1311,93157.15616547642
1312,104991.46920173337
1313,104991.46920173337
1314,104991.46920173337
1317,90867.2
1319,73192.34211240563
1320,73192.34211240563
1322,96197.5
1328,74407.92968832249
1329,74407.92968832249
1336,101849.81501798591
1339,119065.75516377161
1340,107909.0
1342,77779.34623700623
1386,150000.0
1387,116069.40476190478
1389,134518.29333333333
1391,144038.0
1392,140502.98534042493
1393,130000.0
1394,84627.21428571429
1395,68288.14105422908
1396,171827.0
1398,100000.0
1399,243892.2175757576
1400,142620.0
1403,135000.0
1405,229197.94313131314
1410,146114.17657237587
1412,115164.50057971016
1414,239992.2175757576
1418,242700.0
1429,238073.3333333333
1431,61384.31504385965
1434,145086.87333333332
1435,143121.61666666667
1437,97272.90420053701
1439,117884.08571428571
1441,145086.87333333332
1443,94723.22222222222
1446,160176.5741401274
1449,98836.0
1450,72464.66666666667
1455,119748.90666666666
1456,193977.4
1457,126466.0
1460,148621.30877018732
1462,136132.9993405445
1465,102991.09637821886
1468,155982.6253130248
1469,106364.0198828576
1470,118351.97601618656
1475,86426.2941658015
1476,95052.3890692641
1477,144780.0
1561,240000.0
1562,190000.0
1563,252000.0
1566,207948.97799495977
1568,184000.0
1569,300000.0
1573,166677.29966666666
1575,174500.0
1578,265000.0
1584,160556.5235768291
1585,265000.0
1592,263185.36
1593,711120.0
1594,362696.66666666674
1599,265000.0
1602,215000.0
1604,153998.28
1608,251000.0
1609,399080.00000000006
1610,251000.0
1613,264025.4666666667
1615,137000.0
1616,210324.25642857142
1617,140000.0
1628,217683.24876190478
1642,169161.43116958902
1674,235000.0
1677,284047.40422975714
1679,384814.7114281651
1680,317254.2404817405
1682,339246.66666666674
1687,408514.80952380947
1688,200000.0
1689,140527.0538276668
1690,420000.0
1693,548164.0
1720,360000.0
1722,568699.1985083388
1732,423641.66666666674
1733,438812.0
11090,56000.0
11091,121460.64
11107,132390.0
11119,85217.27269301697
11120,88210.0
11148,344540.55578282825
11149,79000.0
11155,128287.46666666666
11218,65326.0
11219,99416.0
11222,101000.0
11225,122246.69733333334
11227,122246.69733333334
11228,197755.36666666664
11229,135654.83198174377
11230,230000.0
11231,102501.6
11234,230000.0
11235,120358.7053968254
11238,116781.95523809524
11249,80081.13833333334
11257,110119.0
11259,107834.33333333331
11260,77914.64340887869
11262,118442.61221865145
11264,99000.0
11318,85000.16172901308
11370,153000.0
11371,138623.34557320774
11372,207735.7017982017
11373,301309.18
11374,165000.04076848223
11375,183591.92701032475
11376,174000.0
11379,208458.44499790977
11386,140000.0
11387,229067.64363904076
11388,106261.96
11390,134895.46963860386
11392,172614.0579586466
11393,172614.0579586466
11396,168113.0
11518,225397.68635916573
11519,378928.05078560975
11520,433448.94666666666
11524,350000.0
11585,608234.253968254
13306,68158.90395651603
13316,157290.99756155093
13322,95590.0
13323,110776.84
13329,103609.16666666666
13455,76191.32
13456,105000.0
13458,77919.57157562695
13460,77919.57157562695
13461,79544.05508102442
13462,74839.46375
13464,69317.20666666667
13467,98000.0
13469,75847.54659874603
13472,75847.54659874603
13474,75847.54659874603
13476,77919.57157562695
13478,61914.4
13480,77919.57157562695
13482,68648.6
13483,75847.54659874603
13485,98101.07578312299
13487,123250.19915009104
13488,123250.19915009104
13489,140000.11686956775
13490,118838.3221547619
13491,123250.19915009104
13492,123403.12821980249
13495,111088.84571428572
13496,134437.29333333333
13497,177262.41776876268
13508,78114.48
13510,156400.43523809523
13512,156400.43523809523
13513,156400.43523809523
13517,175452.72000000003
13519,164329.67555555556
13521,127795.72165605096
13522,108096.23
13523,108096.23
13524,127795.72165605096
13525,108096.23
13527,108096.23
13528,127795.72165605096
13529,108096.23
13531,127795.72165605096
13532,127795.72165605096
13534,108096.23
13537,77427.48143607298
13549,345468.94305194804
13550,74130.08337529137
13551,76364.77716810966
13553,94552.24603174602
13555,77400.5812816628
13560,112678.0
13563,128428.78945454548
13590,94815.04
13652,78309.68458598727
13662,136618.57874652604
13672,135802.12856587852
13674,208000.0
13678,99695.33571428571
13680,300441.8666666667
13694,163031.9
13711,188015.90476190473
13712,125633.3144589366
13713,193082.19047619044
13714,125633.3144589366
13718,125633.3144589366
13720,186627.076433121
13726,142113.9481266772
13727,142113.9481266772
13728,142113.9481266772
13738,68427.6608946609
13739,119765.33333333331
13741,119947.28
13742,125678.96429865713
13743,125678.96429865713
13825,88817.66666666669
13826,99000.0
13827,190960.0
13828,133697.56027306028
13941,169732.85238777244
13947,183000.0
13950,215080.0
13956,246973.71339577518
13961,200000.0
13974,271426.92122825346
13975,139999.94946752666
13976,172484.08
13977,172484.08
13980,172484.08
13983,172484.08
13985,172484.08
13986,172484.08
13989,172484.08
13999,156430.0
14000,189231.23809523802
14007,216114.68943722942
14130,290260.0
14131,269913.3691498734
14132,217845.79562379763
14139,263347.96
14144,290000.1236504435
14145,581540.0
14149,348816.0
14158,278033.4423909423
14159,240000.11301677942
14160,190652.07070707067
14162,185000.0
14249,529472.5357575758
14251,200419.86783205354
17944,391641.4813333334
18216,97213.20378640965
18225,249357.4412569002
18227,97872.28309762133
18228,161707.20666666667
18229,277690.88
18230,147003.6342857143
18234,127286.7
18240,181691.90086956523
18261,473148.7037037037
18263,201603.4
18273,953070.0
18274,166686.33333333334
18275,290180.0
18277,172787.30666666664
18280,123513.8006040743
18281,95039.03057041753
18282,73595.54458598724
18284,95000.0
18285,121424.30952380951
18286,135171.71847133758
18287,82556.71890196079
18288,79717.6
18289,90429.18
18290,63952.308380952374
18291,82556.71890196079
18292,82556.71890196079
18293,82556.71890196079
18294,79717.6
18310,210075.59651804672
18311,215738.25714285712
18312,123513.8006040743
18313,198916.12
18322,96304.71345454546
18324,195692.52666666664
18327,85217.27269301697
18509,133757.66
18527,161115.12285714285
18533,82352.19917382389
18537,195000.0
18561,160000.0
18562,99000.0
18569,79306.60363636364
18570,83263.0253968254
18572,158499.5288888889
18574,129862.48917748917
18575,136132.9993405445
18696,128660.15647058823
18702,223247.39946113396
18704,149208.83150183153
18708,223997.68039492366
18712,132873.39624657508
18713,160556.5235768291
18717,215000.0
18718,215000.0
18747,240000.0
18750,235500.0
18753,223592.07301685243
18754,161273.49711111112
18755,153420.1182151182
18779,222466.15181387242
18780,215000.0
18781,149000.0
18854,325000.0
18856,360000.0
18858,325000.23673809523
18866,182785.55555555556
18867,155000.0
24546,57210.09090909091
24557,100419.15131641323
24568,129000.0
24578,95544.0
24696,54738.757575757576
24715,85482.51882756682
24716,114812.23809523809
24718,140260.77
24720,114076.23055560028
24721,114076.23055560028
24722,119555.09547295496
24723,114076.23055560028
24725,114076.23055560028
24726,114076.23055560028
24727,119555.09547295496
24728,72821.43333333332
24729,119555.09547295496
24730,114076.23055560028
24732,119555.09547295496
24733,114076.23055560028
24734,119555.09547295496
24735,114076.23055560028
24736,178673.6
24737,114076.23055560028
24738,119555.09547295496
24739,119555.09547295496
24741,106050.0
24742,95000.0
24744,130000.0
24747,115000.0
24748,96202.32
24749,106019.61760461758
24750,106477.51984126987
24751,201443.82
24794,92956.08
24803,105157.6
24809,101310.85333333333
24881,125160.66666666669
24882,84913.33333333334
24884,59470.6789886472
24885,80000.0
24887,76849.87546556938
24888,101320.0
24895,83216.27947835498
24931,95232.3532072428
24932,136379.3650793651
24996,102000.0
25000,128288.41625064556
25005,207219.4
25006,161290.46666666667
25009,163931.4524709316
25010,89745.00045308484
25011,163931.4524709316
25012,163931.4524709316
25015,163931.4524709316
25016,163931.4524709316
25019,163931.4524709316
25021,102000.0
25022,70679.85714285714
25025,165000.0
25026,185390.0
25028,243138.0
25052,100299.2
25054,119104.66666666669
25069,65272.75477707006
25071,176281.0
25073,182249.94
25076,128837.31333333334
25079,126891.33333333331
25080,93354.89847616291
25081,127199.77070063696
25082,64230.14913419913
25086,142113.9481266772
25087,102173.27333333332
25088,142113.9481266772
25105,213743.12
25106,130560.0
25107,158000.19147283566
25114,109913.06786546785
25116,129236.66666666666
25156,98750.0
25192,178827.4866666667
25297,123337.36666666665
25298,135439.9
25309,184131.8822781728
25312,213700.40335606353
25313,207948.97799495977
25314,155556.5463472936
25319,199000.0
25320,165000.04076848223
25321,172044.76190476195
25324,141430.79499095675
25327,190640.0
25332,140729.09035606871
25334,169609.90652943548
25355,159256.33333333334
25356,300220.0
25359,176606.862745098
25360,197060.0
25361,135000.0
25369,246118.0
25371,180484.44666666666
25381,138712.85714285716
25382,145442.472610379
25396,169250.0
25397,196418.4
25401,159000.0
25403,190000.0
25405,233163.13068465173
25409,182468.58800000002
25410,184910.0
25435,261974.65333333332
25452,96524.0
25453,340000.0
25455,126703.13789473685
25456,110812.61904761902
25536,206353.5559022826
25541,279751.06157112523
25542,228627.02460765935
25544,183926.1784993051
25551,277520.0
25570,268577.836
25572,351180.0
25573,289660.0
25577,270000.0
25578,270000.0
25581,327600.2788094259
25588,230000.19581532548
25591,215000.0
25596,265040.0
25605,162659.98
25661,269368.0
25668,271500.19259487366
25670,199912.0616784628
29603,97213.20378640965
29605,97872.28309762133
29620,95000.0
29621,77427.48143607298
29622,77427.48143607298
29638,85217.27269301697
29666,195000.0
29667,165416.0
29686,121938.89617834397
29687,121938.89617834397
29689,164230.0
29690,115306.8
29695,99000.0
29703,129862.48917748917
29704,158499.5288888889
29755,223247.39946113396
29759,215000.0
29765,223997.68039492366
29776,240000.0
29778,265000.0
29779,235500.0
29780,248000.0
29781,265000.0
29782,153420.1182151182
29824,325000.0
29826,360000.0
29829,325000.23673809523
29832,1057245.4761904762
30542,131932.68
30550,95343.6
30551,104671.06666666667
30552,67615.86111111111
30553,81599.53333333334
30661,80506.52
30667,87705.8
30670,131932.68
30671,87859.0342857143
30672,93057.0
30679,182551.4638888889
30689,73192.34211240563
30690,73192.34211240563
30691,73192.34211240563
30692,73192.34211240563
30694,73192.34211240563
30696,73192.34211240563
30699,70510.0
30779,79961.1
30786,98765.0
30788,230000.0
30789,199955.0
30791,103229.128125
30793,161080.90601059486
30794,128000.0
30795,141811.75138448083
30796,210140.0
30798,189336.0
30800,131566.0
30806,227420.0
30809,93524.08
30817,99738.9361958158
30818,136440.71847133758
30821,142113.9481266772
30822,90651.0
30825,149821.19656197357
30831,158000.1564592094
30833,102991.09637821886
30834,106364.0198828576
30835,111323.80952380951
30836,134594.03918436405
30849,199702.8
30850,129112.18333333332
30851,197340.0
30918,101866.0
31010,185000.0
31011,254581.1645378274
31012,288398.95243156026
31013,254581.1645378274
31015,150000.0
31016,288398.95243156026
31017,254581.1645378274
31018,254581.1645378274
31020,254581.1645378274
31024,265000.4026992453
31026,254581.1645378274
31027,254581.1645378274
31036,186545.625
31042,187056.5364705882
31075,152598.0
31127,230000.0
31128,185580.8248880338
31129,375000.0
31136,257163.09523809524
31137,330497.14285714284
31140,250000.09398199414
31143,229319.29004329004
31144,199000.0
31145,375000.0
31184,375000.0
31187,439453.3333333334
31189,452095.8593333333
31192,375000.0
31195,375000.0
31798,259315.86857142858
31913,85482.51882756682
31920,114076.23055560028
31921,114076.23055560028
31922,119555.09547295496
31923,119555.09547295496
31925,114076.23055560028
31926,119555.09547295496
31927,119555.09547295496
31928,119555.09547295496
31929,119555.09547295496
31930,114076.23055560028
31931,114076.23055560028
31932,119555.09547295496
31934,119555.09547295496
31935,119555.09547295496
31936,114076.23055560028
31937,114076.23055560028
31938,114076.23055560028
31939,178673.6
31940,106477.51984126987
31941,124206.0
31942,106019.61760461758
31944,115000.0
31945,95000.0
31946,106050.0
31947,124247.49990476189
31957,115039.42666666668
31961,95470.89238095238
31970,80000.0
31972,59470.6789886472
31978,106639.5
31990,87788.66666666669
31991,83095.42906568646
32031,193887.7076911274
32032,139202.04
32033,135542.17809523808
32034,163931.4524709316
32035,163931.4524709316
32036,163931.4524709316
32037,163931.4524709316
32044,163931.4524709316
32045,89745.00045308484
32047,107471.92872880113
32051,165000.0
32052,166519.37333333335
32055,128724.69489186275
32057,141253.94656288158
32059,165000.0
32079,99469.79823462765
32084,90978.0
32087,64230.14913419913
32094,142113.9481266772
32102,147201.78499278502
32106,109913.06786546785
32108,87000.0
32110,158000.15082343013
32239,135592.30845010615
32243,184131.8822781728
32245,207948.97799495977
32248,213700.40335606353
32255,169609.90652943548
32256,194000.0
32262,199000.0
32263,141430.79499095675
32265,140981.33750236695
32278,272683.0733333333
32279,178012.0
32286,167331.98170680355
32289,161690.0
32297,134173.33333333334
32299,163780.00199999998
32300,132310.04217652744
32301,195000.0
32304,233163.13068465173
32305,184910.0
32336,340000.0
32337,148855.59286624205
32394,244578.0
32396,183926.1784993051
32398,200957.36132082946
32408,378172.27
32419,327600.2788094259
32422,230000.19581532548
32423,215000.0
32478,271500.19259487366
32490,708386.6666666665
32496,715200.0
34339,134918.66771929825
34456,105000.0
34470,150872.95
34472,108846.54066727328
34488,120080.85333333332
34489,95237.04666666666
34492,111350.61466666665
34495,119055.10752380952
34503,79544.05508102442
34505,79544.05508102442
34506,98000.0
34508,67472.6528301653
34510,123250.19915009104
34511,91990.14
34512,140000.11686956775
34513,123250.19915009104
34516,123250.19915009104
34517,123250.19915009104
34523,76364.77716810966
34525,74130.08337529137
34528,345468.94305194804
34542,77400.5812816628
34546,94552.24603174602
34579,136618.57874652604
34591,166939.4391719392
34596,141811.75138448083
34601,91935.33333333334
34619,125633.3144589366
34620,125633.3144589366
34622,125633.3144589366
34654,186989.62087912086
34665,208000.0
34669,99695.33571428571
34670,142113.9481266772
34671,142113.9481266772
34672,142113.9481266772
34675,125678.96429865713
34676,68427.6608946609
34677,125678.96429865713
34678,119947.28
34679,190960.0
34680,99000.0
34716,169732.85238777244
34718,183000.0
34722,215080.0
34732,223629.0476190476
34735,134570.0
34743,139999.94946752666
34766,246973.71339577518
34771,200000.0
34775,156430.0
34776,189231.23809523802
34797,408959.2390387391
34800,269913.3691498734
34801,217845.79562379763
34809,290000.1236504435
34811,366246.2207792208
34818,199000.0
34828,278033.4423909423
34829,185000.0
34830,240000.11301677942
34831,190652.07070707067
34840,658629.5238095238
34849,609455.9307359307
34850,1030142.8571428572
34851,200419.86783205354
34858,967500.0
35743,79544.05508102442
35746,98000.0
35747,67472.6528301653
35749,79544.05508102442
35750,79544.05508102442
35752,91990.14
35754,123403.12821980249
35755,151274.0
35756,123250.19915009104
35757,123250.19915009104
35758,123250.19915009104
35760,140000.11686956775
35771,357373.33333333326
35781,77427.48143607298
35789,74130.08337529137
35791,76364.77716810966
35792,94552.24603174602
35793,345468.94305194804
35794,105138.76578228535
35796,77400.5812816628
35876,100411.74882848246
35878,136618.57874652604
35885,99695.33571428571
35888,141811.75138448083
35889,208000.0
35935,125633.3144589366
35954,142113.9481266772
35957,142113.9481266772
35966,125678.96429865713
35967,119947.28
35969,68427.6608946609
36014,190960.0
36015,99000.0
36112,215080.0
36115,200000.0
36159,139999.94946752666
36170,189231.23809523802
36171,156430.0
36357,290260.0
36358,269913.3691498734
36359,217845.79562379763
36371,290000.1236504435
36382,199000.0
36383,190652.07070707067
36385,278033.4423909423
36386,240000.11301677942
43875,87441.49
43877,73840.0
43878,73840.0
43930,64747.8
43931,64747.8
43932,56273.48
43933,91758.63666666666
43934,91758.63666666666
43935,56273.48
43936,102490.0
43938,213417.62
43939,56273.48
43940,56273.48
43942,89278.35804878049
44026,79000.0
44042,128359.70495238095
44047,103662.6541401274
44048,88701.14285714286
44061,84320.33333333334
44062,84320.33333333334
44072,71661.90476190476
44077,104949.98991596639
44078,159069.18295579715
44079,122124.9032817713
44080,92174.6
44082,94282.04
44083,99583.12127944213
44086,140252.9533333333
44087,103139.4
44088,116879.0
44091,79101.8
44093,83779.19333333334
44100,77427.48143607298
44102,77427.48143607298
44106,95000.0
44107,86359.01577425843
44108,91509.74
44137,76000.0
44139,102951.46666666666
44141,90334.26190476192
44144,86412.40778048441
44145,100486.0
44195,110369.5
44196,107325.0
44197,90843.84109252498
44216,102000.0
44218,108235.66666666669
44246,102000.0
44251,103275.6
44252,171827.0
44255,130000.0
44258,203470.0
44262,127640.0
44264,726922.06
44268,182422.14250764332
44269,208657.35714285713
44273,105964.87999081038
44309,93487.5123809524
44311,142075.92
44313,140450.85714285716
44314,138674.43333333332
44321,100305.0
44337,126281.29333333332
44338,96000.0
44341,119647.55555555556
44346,110369.5
44348,150148.52806637806
44349,119940.0
44352,96000.0
44353,194817.4
44354,143399.64552266765
44355,96000.0
44356,135156.04
44369,726922.06
44370,127747.55
44379,118351.97601618656
44380,101000.0
44381,102720.7829092207
44382,107661.50886658515
44384,142179.13043478262
44443,135099.04376811592
44566,141543.8
44571,185967.85880785887
44574,184580.91687612355
44578,184580.91687612355
44605,214024.77357142855
44606,124123.31333333334
44627,184490.7901860307
44634,215000.0
44635,228973.4
44637,228973.4
44641,228973.4
44642,245680.6666666667
44643,183033.0
44644,241550.17959660295
44645,212343.14626984127
44661,365551.1
44666,135375.10173160175
44668,129576.63852665707
44824,270000.0
44827,274122.2810522811
44830,198999.79526046175
44845,499680.0
44847,420933.33333333326
44853,246454.71574468084
44865,218276.6666666667
44867,270000.0
44883,334308.0495786164
44973,350829.66
48253,170305.96666666665
48256,122905.5061904762
48263,183316.05
48265,145713.66666666666
48268,352823.2
48269,182516.05
48271,209182.0
48272,444076.0
48273,209182.0
48274,191378.72
48275,305868.36
48282,360476.9047619048
48286,95000.0
48288,100355.3
48289,100355.3
48291,77427.48143607298
48302,103506.83333333334
48303,217593.8888888889
48308,85217.27269301697
48481,96529.5892671218
48490,195000.0
48494,451301.55333333334
48495,268297.78
48508,134102.57333333333
48509,137134.11333333334
48513,79640.029004329
48520,99000.0
48521,160000.0
48531,129862.48917748917
48693,420000.0
48703,160556.5235768291
48722,265000.0
48723,248000.0
48725,265000.0
48726,223592.07301685243
48729,153420.1182151182
48737,179124.34285714282
48757,215000.0
48758,222466.15181387242
48759,149000.0
48818,325000.0
48819,360000.0
48822,400472.18666666665
48827,325000.23673809523
48833,1015785.3968253969
48839,1057245.4761904762
48843,155000.0
61053,102593.31042349461
61075,76000.0
61076,116266.36305732485
61079,397138.28
61080,77427.48143607298
61087,102677.90963225829
61088,94139.03142857141
61089,91984.54345779322
61091,94139.03142857141
61093,102677.90963225829
61094,94139.03142857141
61098,52306.02780952381
61251,110000.0
61254,134076.2502613229
61255,90000.0
61261,161080.90601059486
61270,123552.0
61273,153529.58
61274,148621.30877018732
61275,118442.61221865145
61276,137915.1850461917
61277,132461.3338536796
61278,151358.4
61281,190398.76266666665
61282,148621.30877018732
61284,155982.6253130248
61288,148621.30877018732
61339,85000.16172901308
61406,148814.68
61407,160000.0
61409,135603.7857142857
61411,178000.069329141
61423,199000.0
61427,187403.64476190478
61429,215610.84666666668
61430,169340.64263840736
61546,331363.10607218684
61548,143406.6713947674
61549,290000.1722672302
61561,329507.9711481482
61569,296117.687388535
61570,287405.58
61571,287405.58
61572,184014.49566596575
61573,287405.58
61574,196371.43040293045
61577,287405.58
61578,188243.26809523813
61651,821111.4285714285
61653,568699.1985083388
63856,258016.2
63864,76000.0
63866,95000.0
63869,125200.76190476192
63870,106520.8439715569
63873,113400.35523809525
63875,206883.72
63876,114760.0
63877,114291.15828615832
63886,264000.56
63888,149059.93333333332
63889,391911.60317460314
63891,391911.60317460314
63892,391911.60317460314
63893,263496.11643312103
63894,166479.42666666667
63897,343435.12571428565
63898,151452.0
63900,365862.6657142857
63901,149059.93333333332
63903,289197.65333333326
63904,391911.60317460314
63905,289197.65333333326
63916,172787.30666666664
63917,109935.2064602065
63918,125363.33333333331
63920,173670.84
63930,71069.0
63932,73192.34211240563
63933,73192.34211240563
63934,236336.36
63937,83983.93939393939
63959,74106.0
63960,87175.59372294373
63961,105067.33333333334
63964,101280.90666666666
63966,185253.3333333333
63967,180709.94333333336
63973,153726.07666666666
63974,103332.06761904761
63975,104348.68888888888
63976,107369.66452123725
63977,103332.06761904761
63978,150957.52666666667
64114,139650.0
64115,99988.85714285713
64116,130000.0
64117,100000.0
64121,95951.22031280557
64126,105000.0
64129,210331.03833333333
64134,103347.60029057632
64136,142620.0
64137,135000.0
64170,105000.0
64171,116513.09127147362
64175,155142.31847133758
64176,88196.12248897599
64180,89012.0
64181,120073.11333333333
64182,93011.7
64198,121962.0
64199,91627.0
64200,118318.0
64201,91626.36996336997
64202,98418.20571428571
64204,101296.3
64205,155982.6253130248
64206,144780.0
64209,106364.0198828576
64210,102991.09637821886
64211,120000.0
64212,106018.78125
64213,109818.0
64216,109818.0
64239,130000.0
64240,145895.62179131212
64387,125000.0
64389,114135.0
64390,125000.0
64392,153796.87550960016
64393,153796.87550960016
64394,97100.0
64522,219070.66666666663
64524,192543.2
64530,300000.0
64531,190000.0
64532,180494.27666666664
64535,264500.0
64549,200000.0
64552,174500.0
64571,120932.23809523809
64572,110686.0
64577,168167.57651515154
64579,211331.08590387716
64581,184156.9226683787
64583,135000.0
64584,104015.52571428572
64588,62654.66666666667
64589,75524.58666666666
64592,70549.33333333331
64634,208221.74708569158
64636,169161.43116958902
64777,284047.40422975714
64778,370000.0
64790,317100.0
64795,379862.85714285716
64798,408514.80952380947
64799,200000.0
64805,440410.52
64897,360000.0
64900,568699.1985083388
64902,580000.0
76324,168919.9491295117
76325,75138.6
76328,103343.6
76460,98482.0
76479,157025.23500000002
76481,84903.42
76488,111532.28608946608
76489,166953.37095238094
76491,135193.57047619048
76492,134124.33333333334
76496,190635.84119298245
76497,102951.04860962566
76498,104508.0378569375
76576,106419.60444444444
76581,156999.23076923075
76582,118517.0
76586,67890.0
76587,104949.98991596639
76591,97809.37598006363
76598,147581.88
76608,118517.0
76625,90107.64222222222
76647,143740.0
76657,122278.4
76754,98790.0
76769,150415.52
76786,212277.76313131314
76791,103089.25
76833,153610.0
76868,127347.70793650793
76881,120129.82680672269
76882,143175.84
76886,237020.42727272728
76973,233457.6
76981,201992.0
77157,285480.00923076924
77213,235539.28
77221,252871.54888888885
77395,169428.00444444444
77409,396976.86
77543,541333.4953846154
107011,94000.0
107014,157266.4516129032
107016,144982.54545454544
107020,90051.215
107021,124521.00750689645
107022,124973.0
107023,68784.93988248768
107024,124521.00750689645
107026,112287.11333333333
107027,116529.88
107028,106245.21606468111
107052,90000.0
107055,110460.0
107077,109057.62619047619
107079,109057.62619047619
107080,109057.62619047619
107081,109057.62619047619
107083,77835.15714285715
107084,77835.15714285715
107085,101791.4
107086,352020.38
107088,121552.96871461874
107134,281309.2
107144,102677.90963225829
107145,111499.9
107146,102677.90963225829
107147,180392.42916666664
107148,124816.43777777778
107152,195692.52666666664
107153,195692.52666666664
107154,195692.52666666664
107155,195692.52666666664
107156,195692.52666666664
107167,144714.18285714288
107168,154041.8616091954
107171,113156.915
107306,132960.94285714286
107307,149489.51785950546
107311,159540.0
107319,115057.57912806683
107321,184870.0
107324,146114.17657237587
107329,150870.93666666668
107333,108595.85238095239
107334,154254.0
107335,108595.85238095239
107350,78866.47510961862
107351,84102.13685126655
107352,118351.97601618656
107475,290000.2403270032
107485,280000.1304349584
107489,298007.2
107490,307824.86
107492,437585.0
107497,438337.695
107513,115000.0
107515,117136.57493711842
107525,189200.0
107618,195000.0
107636,310280.0
107645,293160.0
107657,183999.98069244478
107658,220596.05660306898
107659,230000.0
107661,189994.66032062523
107743,190250.3410693306
107762,662171.9340659342
115818,183369.84
115848,97895.5
115866,336264.6666666666
115867,95051.6
116064,91649.55
116073,128088.004
116590,260405.65333333335
121057,89278.35804878049
121143,73857.91491841494
121144,99416.0
121147,160981.51111111112
121149,71000.0
121151,124556.5
121154,118713.68388888887
121156,142675.7614245416
121176,160731.51111111112
121179,127312.7082251082
121180,124756.94523809524
121187,103084.0
121190,113630.5
121191,113712.92
121192,106218.08666666666
121194,95280.76595238096
121195,121155.46148619958
121201,77427.48143607298
121202,101630.67598845599
121204,114058.61789054512
121208,69440.0
121307,81415.0
121310,119759.39
121321,102251.0
121330,227268.6133333333
121331,148576.85714285716
121335,204280.72666666665
121339,164263.86935881103
121340,139790.21777777778
121341,170868.0
121344,130000.09559549764
121349,98000.07626702238
121350,90862.10144481828
121351,206751.90666666665
121352,127640.0
121353,122000.08778446718
121401,171913.7
121404,217168.02
121405,110077.9335
121408,97786.710740412
121434,99469.79823462765
121435,106906.0
121437,97272.90420053701
121439,114917.2
121440,150433.38666666666
121457,148659.05452229298
121459,157163.87818181817
121461,99851.22164497008
121462,102991.09637821886
121463,106364.0198828576
121464,121294.6005153949
121465,115257.06983014288
121466,109152.58039215686
121467,158499.5288888889
121470,106364.0198828576
121471,143848.23710144928
121509,119871.19583864119
121510,119871.19583864119
121514,109338.0
121515,176681.82619957536
121516,118112.66666666669
121517,129833.58095238097
121565,130626.556
121566,108921.88372738373
121739,297207.0
121749,199500.09273436692
121750,218271.53994069845
121751,165883.02000000002
121754,121404.41111111111
121755,141089.59063691724
121765,145631.3333333333
121768,281550.0047058824
121771,264500.0
121773,160699.85365168029
121774,204959.62358230006
121796,135450.0
121800,457227.62640692637
121823,326740.0
121824,205860.00272727275
121829,155668.0
121831,158401.1921918109
121832,195500.0
121836,228437.01939393938
121837,212343.14626984127
121838,241550.17959660295
121840,250283.98
121841,210461.24670096356
121859,168488.7246087246
121865,185915.48
121866,137120.0
121867,148234.29333333333
121886,154883.94057142857
121887,165340.0
121953,119458.16666666666
122074,415359.62666666665
122078,198000.0
122079,224483.1571954885
122085,230000.08150842396
122087,183926.1784993051
122088,172500.06986263578
122095,199000.0
122096,232870.82194805195
122100,355580.0
122101,416888.01
122105,225397.68635916573
122115,499680.0
122116,256248.63333333333
122118,432682.42
122122,329045.0
122124,490399.5604395604
122127,449413.53104365227
122129,242460.0
122130,239270.0
122136,346948.33333333326
122166,177470.0
122170,285364.3074548983
122242,304940.0
122274,446432.44
122563,64670.539393939405
122564,78104.96666666667
123271,94000.0
123272,90051.215
123273,68784.93988248768
123274,124973.0
123275,124521.00750689645
123276,124521.00750689645
123277,90000.0
123278,66129.13570416934
123282,102677.90963225829
123283,111499.9
123284,102677.90963225829
123312,159540.0
123316,149160.0
123317,132654.0
123319,184870.0
123320,131802.09523809524
123327,152000.0
123329,118351.97601618656
123331,78866.47510961862
123332,85000.0
123343,184521.8822781728
123344,213700.40335606353
123347,197064.14996097173
123351,271124.0
123352,205898.0
123354,280000.1304349584
123355,188340.0
123367,115000.0
123369,117136.57493711842
123373,137000.0
123386,195000.0
123387,560859.0952380953
123389,230000.0
123390,183999.98069244478
123392,220596.05660306898
123394,189994.66032062523
123402,379319.38095238106
123404,536471.8095238096
123408,568808.2619047619
126533,369503.42
126601,153166.50815850816
126825,116235.86000000002
126828,105000.0
126830,90358.34674157303
126832,79544.05508102442
126833,67472.6528301653
126834,79544.05508102442
126835,79544.05508102442
126837,98000.0
126847,109261.57714285715
126849,123166.13333333332
126850,202628.95652173914
126851,155156.0
126852,115878.47047619047
126853,155156.0
126858,123250.19915009104
126859,140000.11686956775
126863,123250.19915009104
126864,123403.12821980249
126925,56965.991635854334
126927,77427.48143607298
126932,76364.77716810966
126934,105138.76578228535
126935,345468.94305194804
126936,77400.5812816628
126938,94552.24603174602
126995,124994.66666666666
127008,117609.4
127046,78309.68458598727
127062,163800.0
127073,100411.74882848246
127080,119772.0
127083,135802.12856587852
127084,208000.0
127086,99695.33571428571
127088,141811.75138448083
127095,520000.0
127138,152384.78
127141,170301.13
127162,76474.40238290445
127163,125633.3144589366
127164,125633.3144589366
127165,125633.3144589366
127166,125633.3144589366
127168,90160.0
127176,75656.12314285715
127177,92870.5342857143
127178,167850.0
127179,142113.9481266772
127181,142113.9481266772
127208,129076.66666666669
127216,125678.96429865713
127217,119947.28
127218,125678.96429865713
127219,68427.6608946609
127337,80086.94444444444
127339,98714.25
127342,133697.56027306028
127343,190960.0
127362,145660.0
127392,169732.85238777244
127411,228998.65738853504
127419,215080.0
127431,255240.0
127439,246973.71339577518
127451,275520.64
127476,270566.54
127482,139999.94946752666
127483,150884.0
127487,141696.4711111111
127497,197308.72271867708
127498,265070.56000000006
127521,179350.0
127528,189231.23809523802
127530,156430.0
127531,148118.4
127587,227015.57142857142
127603,143923.28571428574
127612,563523.6433333333
127637,290260.0
127638,269913.3691498734
127639,217845.79562379763
127651,312849.4
127681,290000.1236504435
127686,479830.36
127687,437585.0
127725,185000.0
127726,190652.07070707067
127727,240000.11301677942
127790,787898.0
127813,574280.0580678001
127814,1274964.99
127817,605500.0
132609,135316.0
132615,118000.0
132619,67472.6528301653
132620,118696.03694381138
132621,118000.0
132626,65000.0
132641,529388.6083333334
132642,168793.0
132646,111580.0
132651,77427.48143607298
132652,77427.48143607298
132653,77427.48143607298
132654,73192.34211240563
132655,73192.34211240563
132656,73192.34211240563
132657,73192.34211240563
132658,77427.48143607298
132659,77427.48143607298
132672,89663.56
132675,118000.0
132688,93162.39847619047
132824,90842.24
132825,65326.0
132856,149349.9789950059
132857,160000.0
132859,190000.0
132864,93771.2365645935
132870,190000.0
132919,141860.0
132920,157943.98
132921,105563.83374065672
132922,139968.67333333334
132923,154238.204
132924,146788.29847133756
132925,141860.0
132926,139283.49624911536
132933,99000.0
132951,65439.0
132953,111831.53724386725
132955,75970.5268767507
132956,119000.0
133022,103505.33333333334
133193,213376.03
133194,220000.0
133195,187402.68766880664
133196,190000.0
133197,187402.68766880664
133198,205000.0
133199,131203.17493503314
133205,220000.0
133208,185082.09947407967
133232,241683.53333333333
133245,228437.01939393938
133258,220000.0
133260,131818.0
133262,340000.240749031
133263,149000.0
133264,139999.89349223324
133266,190000.0
133450,261000.0984970569
133451,259993.24708763737
133455,259993.24708763737
133457,273000.0
133458,259993.24708763737
133462,364554.32
133478,308800.0
133493,249000.0
133575,379319.38095238106
143844,107853.06
143873,76411.0
143895,89984.93782832878
143899,141892.0
143960,134233.33333333334
143987,107853.06
143990,113454.91674603174
144029,114648.59227272727
144030,97884.0
144031,97884.0
144289,71748.01333333334
144291,151474.59100432898
144292,163866.66
144293,145245.99333333335
144428,349741.6666666666
144484,424170.0
144570,947583.6
161005,87152.3
161015,94000.0
161020,119206.85730383238
161021,83922.59173961572
161023,165907.2857142857
161025,94000.0
161026,110242.95285381285
161027,117765.32623626373
161028,116320.73847868798
161029,110482.57081701631
161030,133790.27733333333
161032,117765.32623626373
161033,116320.73847868798
161034,116320.73847868798
161036,105460.32197354497
161037,150845.4
161038,96420.24733333335
161039,117765.32623626373
161040,110482.57081701631
161041,110242.95285381285
161042,149530.34
161043,107949.24947619048
161044,117765.32623626373
161045,118696.03694381138
161049,110482.57081701631
161054,159769.34942675158
161055,105460.32197354497
161056,110242.95285381285
161057,121032.97133333333
161059,117765.32623626373
161060,117765.32623626373
161061,164624.0
161063,124134.674
161064,116320.73847868798
161066,110242.95285381285
161067,110242.95285381285
161069,110242.95285381285
161070,116320.73847868798
161071,116320.73847868798
161072,142424.64
161073,116320.73847868798
161074,116320.73847868798
161075,110242.95285381285
161076,104734.04733333332
161078,110242.95285381285
161079,116320.73847868798
161081,104734.04733333332
161082,105460.32197354497
161083,117765.32623626373
161222,391911.60317460314
161224,289197.65333333326
161230,365952.56
161232,312733.02
161234,264000.56
161236,109963.29533333333
161249,104991.46920173337
161251,104991.46920173337
161259,73192.34211240563
161290,74407.92968832249
161292,119065.75516377161
161294,74407.92968832249
161307,165017.3933333333
161320,166857.65847133755
161478,68288.14105422908
161481,75118.0
161483,144038.0
161484,90112.38095238095
161486,171827.0
161493,152077.81818181818
161494,95000.0
161495,123536.66666666666
161499,138640.0
161503,242700.0
161504,152077.81818181818
161546,114070.0
161548,110970.0
161561,135000.0
161562,108106.13333333335
161576,167930.0
161579,118351.97601618656
161581,148621.30877018732
161584,86426.2941658015
161586,95466.0
161682,85653.75433424328
161806,252000.0
161807,184000.0
161809,240000.0
161858,137000.0
161859,210324.25642857142
161921,96918.0
162066,235000.0
162078,384814.7114281651
162080,491800.0
162090,825000.0
162094,485500.0
162096,486061.8085714286
162101,140527.0538276668
162102,420000.0
162104,478640.0
162106,309900.0
162108,201867.4236711001
162204,320000.0
170745,121983.82
170748,117510.77714285714
170750,184016.6666666667
170751,269355.4
170779,112287.11333333333
170781,99215.90845010616
170798,151078.50370370373
170809,304886.04
170913,150855.61904761905
170926,125484.0
170932,94344.0
170933,245984.00799999997
170934,114470.30191082804
170935,114470.30191082804
170936,124690.0
170937,124941.48
170938,88201.91666666669
170939,124941.48
170940,208138.2746666667
170942,124941.48
170943,114470.30191082804
170944,264450.74184713373
170945,208138.2746666667
171681,170926.66
172151,160624.6382165605
172155,294936.61202464206
172472,230084.52107263103
172474,366402.48
173952,89104.84
173953,89104.84
175046,249949.1253968254
175055,110332.24507273086
175099,420600.0
175597,101360.0
176350,85482.51882756682
176351,108058.0
176352,115042.15238095236
176354,114076.23055560028
176355,119555.09547295496
176356,119555.09547295496
176358,114076.23055560028
176359,114076.23055560028
176360,114076.23055560028
176361,119555.09547295496
176362,114076.23055560028
176364,114076.23055560028
176365,114076.23055560028
176366,119555.09547295496
176367,119555.09547295496
176368,119555.09547295496
176369,114076.23055560028
176370,119555.09547295496
176372,114076.23055560028
176373,106477.51984126987
176374,106050.0
176375,95000.0
176376,130000.0
176378,115000.0
176380,108718.26666666668
176389,80000.0
176392,95232.3532072428
176429,142150.0
176431,149859.06581740978
176432,163931.4524709316
176434,89745.00045308484
176435,163931.4524709316
176436,163931.4524709316
176438,163931.4524709316
176440,163931.4524709316
176441,163931.4524709316
176443,163931.4524709316
176446,165000.0
176452,128724.69489186275
176468,163908.0
176471,206545.9
176472,169487.88866666667
176473,145390.76
176475,137860.54
176476,125324.91
176482,124451.2
176483,108328.86
176495,90978.0
176500,142113.9481266772
176501,142113.9481266772
176508,87000.0
176509,109913.06786546785
176512,158000.15082343013
176553,207948.97799495977
176554,184131.8822781728
176559,213700.40335606353
176568,169609.90652943548
176572,140729.09035606871
176579,199000.0
176597,173358.7790611786
176598,167331.98170680355
176608,184910.0
176611,190000.0
176612,233163.13068465173
176649,206353.5559022826
176651,228627.02460765935
176654,544340.0
176655,183926.1784993051
176656,235794.08
176661,200957.36132082946
176666,477337.9841269841
176670,456728.96292993636
176675,327600.2788094259
176678,230000.19581532548
176679,517100.14
176703,936380.14
176708,271500.19259487366
177828,409520.0
177872,736180.0
177874,327370.0
177875,422761.41333333333
177876,280568.5
177877,202503.0285714286
177878,169858.7619047619
177881,74260.0
177886,408121.6666666666
177891,123412.61666666665
177893,158680.76200265234
177897,82000.0
177899,90860.66
177919,211312.0
177925,284872.85333333333
177943,100479.33333333334
178529,204330.0
178822,345320.0
178833,269678.5333333334
178846,233098.0
179811,375380.0
180267,117958.66666666663
180271,165508.70539682542
180295,95485.42
180435,120500.0
180436,121550.66133333332
180438,125048.27692307692
180439,108275.52727272727
180440,80491.57911111113
180444,126419.0
180446,110896.0
180447,106520.8439715569
180472,156400.43523809523
180476,78956.0
180477,124994.33333333334
180485,89953.66666666669
180491,73841.5475219897
180495,73192.34211240563
180497,73192.34211240563
180498,73192.34211240563
180501,73192.34211240563
180504,73192.34211240563
180508,122449.14854700855
180509,73192.34211240563
180517,68866.37538461538
180520,134533.62
180523,107909.0
180533,79027.17
180535,150720.0
180623,82249.67948717948
180625,105678.83333333331
180639,114562.94733333334
180641,220709.58666666664
180642,226459.6666666667
180652,98765.0
180653,191910.14285714284
180655,84627.21428571429
180661,180223.33333333337
180663,230000.0
180675,199955.0
180677,128000.0
180678,214828.41470028012
180679,141811.75138448083
180680,98483.0
180717,106695.69428571429
180719,122516.95396825398
180724,81138.0
180725,106695.69428571429
180734,169790.86736842102
180735,108889.19333333334
180737,94029.96
180739,94030.6206793207
180745,99738.9361958158
180751,122265.77777777777
180754,149821.19656197357
180756,149821.19656197357
180758,136901.6666666667
180760,142113.9481266772
180761,87760.5
180766,123124.23416248531
180784,119748.90666666666
180788,108930.0
180792,102991.09637821886
180794,106364.0198828576
180803,97034.8
181119,169667.6
181131,150000.0
181133,254581.1645378274
181134,288398.95243156026
181138,254581.1645378274
181141,265000.4026992453
181144,254581.1645378274
181145,254581.1645378274
181146,254581.1645378274
181147,256107.7748318348
181186,160681.33333333337
181187,254920.0
181189,248892.0
181199,157698.65333333335
181202,266108.10746031743
181203,207258.6666666667
181204,158161.99352869354
181205,164778.0
181208,154308.69333333333
181210,170100.0
181219,200420.98259259257
181222,153480.0
181247,264025.4666666667
181248,187056.5364705882
181249,146683.65286175814
181252,172498.66630993332
181253,194317.7210550887
181267,152527.292
181269,169067.48571428572
181330,131704.64285714284
181482,313510.0
181490,236700.0
181495,185580.8248880338
181497,230000.0
181500,318544.38095238095
181515,360344.0
181524,308800.0
181541,156576.00533333333
181542,198214.8484848485
181543,250000.09398199414
181545,197977.02285714285
181555,199600.0
181557,375000.0
181558,229319.29004329004
181559,199000.0
181676,541518.0344444445
181682,1226000.0
181686,375000.0
181687,681710.0
181700,375000.0
181742,705600.0
181743,705600.0
181759,1213944.4444444445
182707,132566.0
182710,143994.66666666666
182712,158210.9666666667
182731,121642.99999999999
182742,105504.66666666669
182759,91885.86133333333
182807,97991.96
182815,158644.42
182885,115420.0
182902,196442.82
182985,173673.33333333337
183014,115678.9090909091
183151,401280.0
183152,442098.0
183153,195000.0
183155,393047.14285714284
183166,338897.3333333334
183173,256460.0
183250,547908.1146496815
187367,88958.23333333332
187730,84357.04
187810,173760.0
187811,90334.26190476192
187854,90334.26190476192
187910,112357.42323976608
188009,102119.44
188024,67216.71428571429
188026,77666.13333333335
188060,90334.26190476192
188093,177755.0
188322,147751.91666666666
188768,270349.12
190151,68984.90811833068
190186,52363.15662592962
190187,102835.20857573795
190205,102000.19861245477
190212,87500.0
190213,87500.0
190218,89000.0
190219,108781.86816125052
190220,246581.0
190221,119667.0
190355,79124.93566820901
190414,83000.22315711557
190417,100000.0
190418,94844.97977562364
190422,98000.14825906968
190451,111823.76
190479,107661.50886658515
190481,102991.09637821886
190484,102991.09637821886
190486,126280.42
190487,107661.50886658515
190789,215000.13773554217
190791,120100.0
190792,166484.5323076923
190794,149825.07142857145
190797,187556.05616605617
190798,165000.04076848223
190801,174000.0
190815,317702.92
190816,377075.14
190817,357253.32
190820,260000.2622043608
190846,220000.0
190848,150188.36148654844
190849,120200.0
190914,120000.0
190915,137000.0
191020,217845.79562379763
191022,386900.64057142864
191025,235000.0
191026,325000.0
191036,417090.0
191043,420000.26884106646
191045,231428.05383331262
191062,339052.4464527895
191133,330000.0
191134,329000.0
191144,389520.0
191151,201344.67347256176
191193,626962.8205128204
191399,108035.42
191417,119962.01333333332
191456,92851.33333333331
191980,126761.86666666664
191982,144514.84216666667
192279,155835.13095238095
192304,117710.73821595125
192307,150964.70045495906
192542,258477.30800000002
192769,106520.8439715569
192770,129879.33333333331
192772,120257.47619047617
192779,124877.67700806243
192780,95000.0
192789,103536.0
192792,100500.0
192793,93108.28074866309
192797,73192.34211240563
192800,89990.0
192805,100293.32
192829,212577.1719745223
192830,74502.86109611717
192831,150000.0
192833,100000.0
192834,99988.85714285713
192836,135000.0
192837,160084.36
192846,95951.22031280557
192860,117812.00666666665
192872,144780.0
192875,159159.94
192876,155982.6253130248
192892,97100.0
192909,207948.97799495977
192910,190000.0
192916,264500.0
192917,286763.25449060736
192922,174500.0
192923,174140.0
192932,252340.0
192947,211331.08590387716
192949,184156.9226683787
192960,186229.0
192963,169161.43116958902
192976,370000.0
192978,284047.40422975714
192979,200000.0
192984,317254.2404817405
192992,200000.0
192993,310118.0
192994,408514.80952380947
193006,360000.0
193013,580000.0
193014,980160.0
193016,1327108.7634587635
195376,139130.48237871676
195386,112263.92777395254
195388,87271.0
195389,145558.0
195400,145558.0
195446,73857.91491841494
195457,71000.0
195458,76225.7898089172
195462,142675.7614245416
195463,142675.7614245416
195468,114703.33333333331
195470,114760.0
195472,112634.48
195474,91122.66666666669
195476,91122.66666666669
195477,91122.66666666669
195478,91122.66666666669
195479,91122.66666666669
195480,91122.66666666669
195481,91122.66666666669
195482,91122.66666666669
195483,91122.66666666669
195485,91122.66666666669
195486,91122.66666666669
195489,91122.66666666669
195490,91122.66666666669
195491,91122.66666666669
195492,91122.66666666669
195494,91122.66666666669
195514,102000.19861245477
195517,137600.0
195518,127816.03111111112
195529,115334.0
195532,50596.0
195535,77427.48143607298
195539,77427.48143607298
195547,114058.61789054512
195556,70373.415
195573,115302.24
195581,143372.0
195584,143372.0
195585,143372.0
195591,143372.0
195593,162299.3
195600,147377.03391941392
195605,143372.0
195661,89147.01890221737
195668,90862.10144481828
195672,130000.09559549764
195674,118530.56
195679,98000.07626702238
195682,106362.0619047619
195683,109706.3819047619
195684,109706.3819047619
195685,109706.3819047619
195686,109706.3819047619
195687,109706.3819047619
195688,106362.0619047619
195689,109706.3819047619
195690,109706.3819047619
195691,106362.0619047619
195692,106362.0619047619
195695,109706.3819047619
195697,106362.0619047619
195698,106362.0619047619
195700,106362.0619047619
195701,106362.0619047619
195702,109706.3819047619
195703,109706.3819047619
195704,109706.3819047619
195706,109706.3819047619
195707,106362.0619047619
195708,106362.0619047619
195709,106362.0619047619
195710,109706.3819047619
195711,106362.0619047619
195736,105140.28
195741,332799.49067232833
195749,97786.710740412
195750,97786.710740412
195765,97272.90420053701
195768,190373.84
195769,150652.24666666667
195772,178027.74333333332
195788,195000.0
195792,85000.0
195795,102991.09637821886
195796,157163.87818181817
195797,106364.0198828576
195798,121294.6005153949
195800,99851.22164497008
195801,158499.5288888889
195807,175726.61998230714
195808,160678.00942675158
195844,129833.58095238097
195853,150339.5092508341
195854,151814.48
195855,155547.62
195857,155547.62
195858,155547.62
195859,108921.88372738373
195953,324544.8742923743
195955,204959.62358230006
195956,160699.85365168029
195960,206329.29156137977
195962,264500.0
195993,298032.8
196006,359180.0
196007,158401.1921918109
196021,247131.01333333337
196024,297151.6676923077
196025,168488.7246087246
196026,205981.78155822508
196027,173603.3333333333
196124,285154.98614680814
196127,224483.1571954885
196129,198000.0
196132,230000.08150842396
196138,333612.0
196139,517570.0
196141,333612.0
196143,309588.6666666666
196145,334038.0
196147,199000.0
196167,449413.53104365227
196175,251110.58420202025
196188,285364.3074548983
196190,230000.0872397119
196233,440200.0
196241,557970.0
200179,91506.56181818181
200276,112249.86666666665
200277,94000.0
200283,119206.85730383238
200284,83922.59173961572
200285,94758.0
200286,110890.34952380953
200288,191191.7527536232
200292,123379.0
200294,116560.0
200295,118696.03694381138
200296,113400.35523809525
200309,154169.0
200310,87859.02
200311,114808.58815286626
200312,95480.65428571429
200313,156400.43523809523
200314,124574.97333333334
200315,116249.89
200317,374182.4
200318,84969.85655677653
200319,115753.19630573249
200320,111199.6
200324,288150.0
200326,161967.7754562878
200335,55878.443333333336
200348,104991.46920173337
200349,239290.0075
200350,104991.46920173337
200352,279967.10285714286
200353,649549.3333333334
200394,73192.34211240563
200432,119065.75516377161
200436,74407.92968832249
200447,260993.2
200460,235626.6
200461,197024.0
200462,197024.0
200463,123913.67692307691
200464,135542.75991142192
200465,197024.0
200466,137085.30666666667
200467,137085.30666666667
200501,122852.66666666669
200502,205694.82394904457
200503,113756.8974551764
200608,68288.14105422908
200609,144038.0
200613,171827.0
200614,140502.98534042493
200616,152449.98
200617,128220.0
200620,133011.96874509804
200621,95000.0
200628,125749.53333333334
200629,121316.56666666668
200630,242700.0
200631,206467.48
200632,133011.96874509804
200634,204270.98039215684
200636,146114.17657237587
200638,122610.85523809522
200639,90283.40666666668
200640,92213.33333333334
200641,177189.768
200642,113975.88882013952
200643,133011.96874509804
200644,113975.88882013952
200645,132829.96
200646,133011.96874509804
200670,149503.68857142856
200671,111755.72
200682,179989.47896848596
200683,179989.47896848596
200686,179989.47896848596
200687,165652.0
200689,179989.47896848596
200693,97272.90420053701
200698,65784.6
200699,92619.13
200704,80630.0
200712,172322.67517552973
200713,172322.67517552973
200715,87340.0
200716,172322.67517552973
200717,196485.475
200727,86426.2941658015
200728,122092.0
200732,118351.97601618656
200736,136132.9993405445
200806,123608.66666666666
200807,99036.43333333332
200935,252000.0
200936,240000.0
200937,240000.0
200940,184000.0
200941,255294.66771929828
200943,126580.0
200944,160556.5235768291
200945,265000.0
200946,552220.0
200950,265000.0
200967,325710.0
200973,265000.0
200978,221532.2222222222
200979,221300.0
200980,152766.1429813225
200981,215000.0
200982,120932.23809523809
200983,149000.0
200992,129940.796
200993,140000.0
200996,137000.0
201016,209301.39666666664
201017,271567.7428571428
201018,271567.7428571428
201032,152766.1429813225
201185,235000.0
201187,444632.81910828024
201193,877986.6666666665
201208,140527.0538276668
201209,420000.0
201211,201867.4236711001
201278,379986.90666666673
201954,47689.66666666666
201956,143867.77333333335
202016,228727.8
202029,108104.0
202040,76166.15221708073
202042,129025.56333333332
202046,116848.46
202047,124206.0
202048,105706.87833333334
202063,97420.78616849818
202068,72957.94088854003
202075,72438.70194805195
202088,102923.33333333331
202099,108875.0
202161,92722.03035775713
202171,198044.98
202172,172986.725
202182,231252.91232531195
202187,215850.44
202188,117730.0
202231,66448.0
202239,96428.2580952381
202241,124391.1819607843
202250,197126.06666666668
202284,115739.2
202287,119293.6
202418,185240.0
202435,273810.06
202436,223255.37714285712
202437,172344.0
202458,202701.43333333335
202462,208394.71436324783
202466,303774.7142857143
202468,303774.7142857143
202469,303774.7142857143
202500,202961.0
202513,205310.1405128205
202585,529372.6153609024
202601,518140.0
202659,1218266.6666666665
213689,127265.28571428571
213690,124860.28571428571
213710,89365.66
213712,136764.54
213787,190743.74098124102
213849,87546.13333333332
214383,119143.9
214521,86531.66271174118
214604,94427.5961904762
214694,219523.13333333336
214695,175113.0
214919,202739.72199999998
214928,172978.4476190476
215077,283868.2
215946,94000.0
215948,84260.14285714286
215949,124973.0
215950,124521.00750689645
215951,68784.93988248768
215953,124521.00750689645
215957,90000.0
215971,102677.90963225829
215972,102677.90963225829
215989,145000.21826827724
215990,149489.51785950546
215993,159540.0
215996,149160.0
216014,124227.33333333334
216017,95581.06
216018,152000.0
216027,78866.47510961862
216028,85000.0
216029,84102.13685126655
216031,118351.97601618656
216055,184521.8822781728
216056,197064.14996097173
216058,280000.1304349584
216063,313048.0
216072,162295.0
216075,115000.0
216076,117136.57493711842
216084,241278.0
216086,137000.0
216099,195000.0
216108,220596.05660306898
216109,230000.0
216151,94420.0
216152,93913.33333333331
216156,93139.98
216893,84396.1
216965,73857.91491841494
216971,71000.0
216973,142675.7614245416
216974,142675.7614245416
216975,130000.0
216978,133539.5466666667
217010,77427.48143607298
217011,77427.48143607298
217014,114058.61789054512
217015,88368.36666666668
217021,84000.08692419183
217022,70373.415
217074,78309.68458598727
217094,89147.01890221737
217102,130000.09559549764
217103,90862.10144481828
217141,97786.710740412
217181,97272.90420053701
217186,195000.0
217188,85000.0
217189,106364.0198828576
217190,115257.06983014288
217194,102991.09637821886
217196,109913.06786546785
217198,157163.87818181817
217211,129833.58095238097
217274,108921.88372738373
217361,149208.83150183153
217362,199500.09273436692
217371,160699.85365168029
217374,264500.0
217377,204959.62358230006
217378,206329.29156137977
217415,158401.1921918109
217416,228437.01939393938
217431,205981.78155822508
217558,172500.06986263578
217559,198000.0
217561,283000.0
217562,183926.1784993051
217565,224483.1571954885
217566,285154.98614680814
217567,230000.08150842396
217570,225397.68635916573
217571,199000.0
217585,449413.53104365227
217601,285364.3074548983
217634,440200.0
226632,235084.85
226635,100744.88833333332
226636,114677.92519047619
226638,117908.02904761903
226639,161757.5
226678,105798.84888888888
226681,90296.33333333331
226682,85790.0
226949,81588.74125
226954,231675.51
226955,228091.3333333333
226956,168762.62242424244
226957,94000.0
226958,52363.15662592962
226959,122952.0
226968,108962.56239339609
226969,110573.55123809524
226973,111592.0
226976,133269.954
227048,94431.83333333331
227050,124981.33333333331
227051,96833.0
227053,121311.99134199134
227054,116924.52961038963
227057,108854.99999999999
227060,82449.6609090909
227073,98689.32666666668
227074,105138.76578228535
227075,124090.66666666666
227113,104758.02
227114,142957.29239915076
227115,142957.29239915076
227138,113756.8974551764
227142,69809.33333333333
227269,149587.86666666667
227276,89305.0
227277,136618.57874652604
227279,120000.1699972609
227292,183599.99420677364
227303,115000.0
227306,193131.32611111112
227308,141811.75138448083
227365,210000.0
227367,202938.26751164213
227369,218881.1195567913
227387,127929.28
227388,67960.71592775043
227394,142113.9481266772
227395,142113.9481266772
227408,194700.0
227411,130000.0
227413,118528.0
227415,117125.91372549022
227469,101489.9
227470,94668.3640108225
227527,109780.0
227535,69348.0
227749,192712.5832321273
227772,215930.0
227776,184000.0
227777,169090.1122393259
227778,192946.82400932402
227779,149680.0
227794,200000.0
227801,200000.0
227803,264500.0
227823,362696.66666666674
227842,240346.28550534433
227844,192712.5832321273
227849,195420.0
227856,194084.0
227862,179935.71260457416
227864,155000.0
227865,110100.0
227884,204897.28056257463
227920,143617.49127483077
227921,235083.2
228062,261378.46646817244
228066,573940.005
228069,238000.0
228071,240000.0
228073,240000.0
228086,305010.0
228091,256820.0
228104,249000.0
228107,245515.00472899727
228109,199000.0
228138,370000.0
228220,516340.14
228221,444758.29836829833
228276,1213944.4444444445
228466,130523.84
228591,73857.91491841494
228594,71000.0
228595,130000.0
228596,142675.7614245416
228602,102000.19861245477
228630,77427.48143607298
228634,93411.73492063493
229014,114353.02445859872
229127,141230.27949044586
229129,123345.11595093796
229130,97319.62619071975
229131,180169.31048832275
229397,110180.03999999998
229398,85774.22666666665
229401,129221.39099787686
229427,94793.72857142857
229429,206711.3333333333
229661,166987.52380952382
229724,164263.86935881103
229727,89147.01890221737
229735,214737.76313131314
229737,98000.07626702238
229738,130000.09559549764
229742,90862.10144481828
229745,171788.01095238098
229750,214146.70857142858
229753,97567.7261904762
229763,97567.7261904762
229764,97567.7261904762
229766,97567.7261904762
229768,159602.1822222222
229770,97786.710740412
229773,99469.79823462765
229777,138048.3333333333
229778,131708.00000000003
229779,97272.90420053701
229790,195000.0
229791,131708.00000000003
229794,85000.0
229795,115257.06983014288
229796,88350.21223042438
229797,106364.0198828576
229799,99851.22164497008
229801,121294.6005153949
229803,106364.0198828576
229806,157163.87818181817
229812,159912.42176157172
229815,129833.58095238097
229816,181732.7
229819,159912.42176157172
229820,159912.42176157172
229826,108921.88372738373
230083,117062.26666666666
230092,107138.0
230093,80820.0
230184,201804.0
230234,252449.1988747346
230235,212157.11055555556
230241,141089.59063691724
230251,204959.62358230006
230256,160699.85365168029
230261,264500.0
230262,119580.0
230263,170575.82936507938
230266,362696.66666666674
230267,170575.82936507938
230268,170575.82936507938
230274,240346.28550534433
230278,158401.1921918109
230286,399080.00000000006
230293,168488.7246087246
230601,312640.0
230692,351184.5133333333
230695,315000.0
230696,172500.06986263578
230699,224483.1571954885
230700,283000.0
230701,285154.98614680814
230702,183926.1784993051
230703,198000.0
230707,230000.08150842396
230708,238000.0
230713,199000.0
230719,225397.68635916573
230721,412422.03357142856
230723,302751.04761904763
230724,240000.0
230727,240000.0
230729,366780.0
230731,237960.44014245982
230737,449413.53104365227
230739,1057245.4761904762
230747,230000.0872397119
230749,285364.3074548983
231006,392882.39666666667
231007,1213944.4444444445
231012,611020.0
231013,621920.0
231015,444758.29836829833
232205,102593.31042349461
232206,193342.78
232210,97500.46325541123
232211,123955.34872220915
232217,237503.2
232218,195516.1
232221,168956.92476190478
232224,76000.0
232227,80588.56571804646
232228,77427.48143607298
232229,73192.34211240563
232230,77427.48143607298
232235,102677.90963225829
232236,102677.90963225829
232237,55712.697126403014
232238,91984.54345779322
232239,102677.90963225829
232241,62440.00606060606
232304,83303.0
232306,95000.0
232307,90000.0
232309,80000.1491012294
232310,110000.0
232312,134076.2502613229
232313,90000.0
232314,123520.0
232316,205000.0
232319,161080.90601059486
232332,148621.30877018732
232333,155982.6253130248
232335,132461.3338536796
232337,109086.14704155494
232385,113427.64666666667
232386,85000.16172901308
232451,160000.0
232454,317055.95592617913
232455,178000.069329141
232473,145422.73626074803
232475,184156.9226683787
232550,290000.1722672302
232551,143406.6713947674
232553,199140.0
232588,568699.1985083388
233566,97213.20378640965
233572,139064.9032990974
233578,97872.28309762133
233580,170414.20916666664
233582,128972.06
233583,166704.33333333334
233585,417034.518487679
233586,84008.17
233587,86420.0
233588,356654.0466666667
233593,91122.66666666669
233594,91122.66666666669
233597,91122.66666666669
233598,91122.66666666669
233599,91122.66666666669
233600,91122.66666666669
233601,91122.66666666669
233602,91122.66666666669
233603,91122.66666666669
233604,91122.66666666669
233605,91122.66666666669
233606,91122.66666666669
233607,91122.66666666669
233608,91122.66666666669
233609,91122.66666666669
233610,91122.66666666669
233651,140003.56996576407
233652,101791.4
233653,101791.4
233654,140003.56996576407
233670,232280.0
233673,1049256.6666666667
233675,96956.4
233676,83181.33333333333
233679,95000.0
233681,73296.82051282052
233683,227534.28
233685,78939.64285714286
233686,159143.0
233694,71380.0
233698,48214.60666666667
233705,137322.8
233715,85217.27269301697
233716,114634.0
233717,89298.91333333334
233718,90147.59768115942
233826,102989.86666666668
233829,96529.5892671218
233845,160937.0
233850,108071.8
233852,195000.0
233877,57740.0
233880,99000.0
233886,103935.08636363635
233888,121092.0032
233889,103629.54
233950,158499.5288888889
233951,129862.48917748917
234214,223997.68039492366
234218,249300.0
234226,241659.50668254241
234227,215000.0
234228,166023.33333333334
234229,215000.0
234240,240800.0
234242,273180.0
234244,211398.0
234246,257958.58
234264,150641.4342857143
234265,185319.9
234269,235500.0
234270,153420.1182151182
234273,265000.0
234274,223592.07301685243
234326,149000.0
234327,215000.0
234328,222466.15181387242
234458,360000.0
234459,388352.407388535
234460,325000.0
234466,325000.23673809523
234476,259820.0
234486,334240.0
234487,308780.0
234490,845318.0
234491,312557.1666666667
234503,304920.0
234506,342160.0
234510,155000.0
234597,666943.3626373627
234598,662171.9340659342
234599,608234.253968254
234600,608234.253968254
234602,590168.0000000001
234603,626799.6507936508
234629,1388800.0
237578,113351.94733333334
237725,90000.0
237726,90000.0
237731,105093.16833333333
237733,97500.46325541123
237735,129404.82
237736,124304.0
237739,167978.505
237740,123955.34872220915
237787,125553.98
237788,114372.65656565657
237789,122292.13012820514
237802,76000.0
237804,99571.20333333334
237805,94164.66666666669
237810,73192.34211240563
237813,77427.48143607298
237858,88457.70707070708
237859,94139.03142857141
237860,55712.697126403014
237861,102677.90963225829
237862,102677.90963225829
237864,94139.03142857141
237865,94139.03142857141
237866,102677.90963225829
237867,91984.54345779322
237868,95239.09701298703
237882,58032.33333333334
237884,98679.31333333332
237885,109673.52
237898,77901.3905254777
237899,95182.83365079363
237901,95665.52857142856
237903,52306.02780952381
237966,80755.78
237993,90000.0
237995,118243.66666666666
237997,110000.0
238009,127640.0
238010,127640.0
238014,205000.0
238015,161080.90601059486
238099,137649.98
238102,170680.0
238103,107098.0
238118,138449.3424242424
238122,152083.07885714286
238126,151965.50181818183
238134,174130.0
238138,726922.06
238140,135436.63126984128
238154,118442.61221865145
238157,148621.30877018732
238159,132085.21714285712
238160,135469.6636944965
238161,155982.6253130248
238168,112900.0
238169,109086.14704155494
238173,148621.30877018732
238175,148621.30877018732
238176,151358.4
238276,85000.16172901308
238277,113000.0
238458,135603.7857142857
238462,180490.0
238466,160000.0
238469,219360.0
238471,246037.2
238472,324544.8742923743
238473,363162.81333333335
238476,178000.069329141
238483,257916.67
238536,405360.0
238539,271426.92122825346
238550,175005.07523809522
238551,296083.23734607216
238554,195020.0
238568,179709.66666666663
238576,169340.64263840736
238582,168328.33350877193
238583,215610.84666666668
238613,181839.33333333337
238614,319416.0
238615,173563.0
238616,181297.25714285715
238675,142760.0
238676,177364.68
238677,195610.0
238833,228627.02460765935
238835,143406.6713947674
238839,290000.1722672302
238840,199140.0
238841,228097.72
238844,226400.0
238883,506320.0
238884,235520.0
238885,553920.5465419809
238887,479221.6666666666
238890,249671.3333333333
238893,215538.76190476186
238910,296117.687388535
238914,287405.58
238915,473186.52
238916,196371.43040293045
238917,188243.26809523813
238918,287405.58
238919,184014.49566596575
239044,568699.1985083388
239088,782033.5866666667
255840,116931.20166666666
255842,90296.33333333331
255861,118000.0
255862,119206.85730383238
255863,112687.37904761905
255864,67472.6528301653
255865,118000.0
255867,178792.0
255868,118000.0
255870,118696.03694381138
255876,137375.33333333334
255880,77427.48143607298
255881,77427.48143607298
255882,77427.48143607298
255883,77427.48143607298
255884,73192.34211240563
255885,73192.34211240563
255886,73192.34211240563
255887,77427.48143607298
255888,73192.34211240563
255892,86467.87072904802
255893,119065.75516377161
255894,118000.0
255896,150756.66666666666
255897,131006.08142857142
255899,156504.92
255912,190000.0
255913,83000.0
255914,149349.9789950059
255916,160000.0
255918,93771.2365645935
255919,190000.0
255935,79000.0
255936,77559.0
255938,99000.0
255945,111831.53724386725
255947,119000.0
255949,190000.0
255954,247525.0819745223
255955,198801.34610447683
255993,205000.0
255995,187402.68766880664
255997,187402.68766880664
255998,190000.0
255999,220000.0
256001,187402.68766880664
256002,220000.0
256003,265000.0
256004,185082.09947407967
256009,167779.3578643579
256022,195000.0
256026,139999.89349223324
256027,205000.0
256029,340000.240749031
256030,190000.0
256056,259993.24708763737
256057,342000.4610456623
256058,259993.24708763737
256059,259993.24708763737
256060,273000.0
256062,261000.0984970569
256064,259993.24708763737
256068,845660.0
256069,327734.0
256070,200744.80350029137
256072,249000.0
260293,128483.40476190476
260419,135838.2
260422,90051.215
260423,59790.44333333333
260425,124521.00750689645
260428,92560.90666666666
260429,68784.93988248768
260430,124973.0
260431,94372.38095238095
260433,126419.0
260436,109437.67007092199
260437,90000.0
260439,90000.0
260442,66129.13570416934
260469,142548.46
260480,106894.0
260483,96482.25
260486,125604.0
260499,33919.26
260509,130739.06635167464
260513,164329.0
260521,71277.54
260522,85308.04761904762
260523,101320.0
260525,102677.90963225829
260526,102677.90963225829
260528,80468.57142857142
260549,81891.38326972349
260550,110129.8
260571,80257.60145083675
260663,95677.33333333331
260684,149489.51785950546
260687,96529.5892671218
260694,106382.7080744733
260697,145000.21826827724
260698,159540.0
260706,95560.0
260707,184870.0
260708,146114.17657237587
260742,128633.87
260745,143215.33333333334
260746,100180.0
260749,168842.46
260763,113286.0
260768,131114.15714285715
260769,113980.0
260770,149022.0
260775,99920.74309978768
260777,96648.1568627451
260778,107952.91666666666
260781,112353.33333333331
260804,99688.4637791932
260805,118901.11952380954
260806,157457.26
260810,132322.6666666667
260814,118351.97601618656
260815,84102.13685126655
260816,122114.12
260818,85000.0
260860,123134.0
260861,159912.42176157172
260863,176436.33333333337
260864,122986.33333333334
260865,151664.5
260871,116276.90573870575
260890,117370.77
260891,146940.0
260894,204223.0
261053,184521.8822781728
261055,197064.14996097173
261057,290000.2403270032
261058,213700.40335606353
261062,182702.74763059165
261066,464628.0
261080,414360.0
261081,198476.4
261104,150138.0
261105,202280.0
261107,282755.46311811934
261108,178292.0
261110,370789.261904762
261128,136339.99180467092
261130,256354.66666666663
261134,95954.0
261139,217200.0
261140,208514.98
261146,166549.26333333334
261149,154854.29138004247
261162,251000.0
261163,251000.0
261175,115000.0
261177,148118.4
261197,221488.0
261216,137000.0
261365,544920.0
261379,451710.0
261394,369364.0
261402,457771.4285714286
261404,403420.0
261405,142363.05732484077
261408,238863.5311184939
261409,266557.42878980894
261410,294028.6666666667
261420,661134.0
261422,220596.05660306898
261423,172448.1746031746
261426,230000.0
261442,412070.82
261444,247900.6911976912
261525,255680.0
261558,623914.0
261562,528510.0
271665,320320.8
271666,104922.0
271667,139780.0
271675,238506.25197452228
271676,123785.0
271682,91122.66666666669
271684,91122.66666666669
271685,91122.66666666669
271687,91122.66666666669
271688,91122.66666666669
271689,91122.66666666669
271690,91122.66666666669
271691,91122.66666666669
271694,91122.66666666669
271695,91122.66666666669
271710,109270.99142857143
271711,152509.83333333334
271712,152509.83333333334
271713,109270.99142857143
271715,109270.99142857143
271716,152509.83333333334
271717,152509.83333333334
271718,109270.99142857143
271719,109270.99142857143
271721,82104.85333333333
271722,196685.9088888889
271723,82104.85333333333
271770,105759.21443736732
271782,139908.66
271783,124928.78
271806,139849.00333333333
271808,119734.4705882353
271816,150339.5092508341
272218,118442.0
272228,146890.0
272235,63738.0
272250,73350.0
272252,116843.33333333331
272253,134002.7976190476
272254,178933.3333333333
272309,177498.47619047618
272314,92956.08
272320,177353.55555555556
272333,61597.33333333333
272368,125400.0
272372,128500.0
272381,129921.01065051687
272422,165167.41555555555
272424,119133.33333333331
272445,85946.04761904763
272523,89012.39770700637
272723,173926.50810457516
272729,173926.50810457516
272743,283173.4666666666
272748,229733.3333333333
272750,134418.30666666667
272752,277140.0
272762,280270.0
272763,229733.3333333333
272766,254900.0
272796,121560.0
272801,218200.0
272830,327206.8066666667
272831,216500.0
272832,189428.47619047618
272833,340276.6666666666
272878,293205.0
272880,277140.0
272881,263008.63636363635
272882,217740.0
272883,189428.47619047618
272884,264983.72
272886,216500.0
272887,240880.0
272889,131602.5
272928,119898.0
272954,164738.0
273317,232126.6666666667
273321,709633.3333333333
273325,423720.0
273326,397393.4053333333
273342,357014.1818181818
273346,357014.1818181818
273351,940000.0
273354,420797.20376623375
273360,267795.7137254902
273374,240880.0
273377,297100.0
273380,624573.3333333334
273584,940000.0
273588,790800.0
273633,868600.0
273634,774000.0
274560,104489.82476190476
274561,123044.61904761905
274572,119358.8880952381
274648,103309.1
274649,137724.0
274657,122294.98
274658,157796.53736073198
274659,162849.44191082803
274660,104566.23726754385
274661,104566.23726754385
274678,146789.568
274679,389713.33333333326
275126,342812.0
284082,215182.23166666663
284087,72186.3427128427
284094,308560.0
284096,115000.0
284131,76377.82666666666
284147,137399.61904761905
284148,153952.2333333333
284154,117000.0
284155,142640.0
284158,157243.0
284159,186052.305
284163,204897.28056257463
284287,78999.92885105133
284292,79300.99999999999
284293,79300.99999999999
284294,79300.99999999999
284304,163931.4524709316
284306,111820.43894993895
284316,112719.28066378066
284320,181518.61142857146
284324,195000.0
284326,183599.99420677364
284327,128000.0
284328,118558.0
284329,103475.32777777778
284356,202938.26751164213
284359,210000.0
284360,218881.1195567913
284364,132260.0
284373,127929.28
284374,127929.28
284375,97230.32666666668
284376,142213.08666666667
284380,118000.0
284387,127041.86666666665
284389,127041.86666666665
284390,146198.46029723992
284391,140282.88857142854
284393,95710.14666666668
284397,75297.1904009324
284402,79912.29333333333
284403,63617.6
284417,165272.0
284418,112430.76234876238
284426,94622.0
284427,111447.35
284446,158258.6
284448,123720.58857142858
284449,92708.0
284450,123720.58857142858
284451,158258.6
284452,159912.42176157172
284453,92708.0
284454,123720.58857142858
284455,123720.58857142858
284456,158258.6
284457,159912.42176157172
284459,123720.58857142858
284460,92708.0
284543,153796.87550960016
284544,139272.17740976647
284664,136377.18573345288
284684,136131.51554001553
284686,155946.80268218194
284687,223997.68039492366
284689,200000.0
284693,190000.0
284694,190000.0
284695,171931.0
284698,233000.26085422322
284708,362696.66666666674
284714,223400.0
284717,240346.28550534433
284718,314585.22222222225
284719,136377.18573345288
284730,216550.0
284731,399080.00000000006
284733,190000.0
284741,261847.96525252526
284924,224483.1571954885
284926,238000.0
284931,230298.54775900792
284934,240000.0
284942,237960.44014245982
284944,629868.0952380951
284956,199420.71273905918
285020,443270.9548312026
285027,444758.29836829833
286303,127680.1
286304,129444.39114845937
286598,102720.0
286669,93816.0
286670,107099.76666666668
286673,106520.8439715569
286675,187127.35142857142
286729,104661.28165605097
286755,112243.5
286803,73192.34211240563
286804,73192.34211240563
286805,73192.34211240563
286807,73192.34211240563
286808,73192.34211240563
286809,73192.34211240563
286810,73192.34211240563
286811,73192.34211240563
286909,185302.0
286916,98765.0
286924,107613.46511111112
286926,100659.72
286931,230000.0
286932,210140.0
286934,161080.90601059486
286935,199955.0
286936,141811.75138448083
287053,99738.9361958158
287101,149821.19656197357
287102,149821.19656197357
287103,142113.9481266772
287104,149821.19656197357
287105,149821.19656197357
287106,149821.19656197357
287107,123124.23416248531
287128,108930.0
287137,158000.1564592094
287141,102991.09637821886
287188,174891.90476190476
287285,140646.44
287287,99621.181639396
287292,178532.57142857142
287295,288398.95243156026
287298,254581.1645378274
287299,150000.0
287301,254581.1645378274
287304,254581.1645378274
287307,254581.1645378274
287313,286763.25449060736
287420,173729.05333333334
287422,374143.6
287424,256531.93406593404
287431,410034.5
287433,410034.5
287495,259471.0769230769
287506,146683.65286175814
287507,187056.5364705882
287622,185580.8248880338
287623,230000.0
287625,375000.0
287687,402285.0
287692,376809.6666666666
287706,520685.3846153846
287718,403114.0
287719,403114.0
287720,403114.0
287721,250000.09398199414
287722,250000.09398199414
287776,199000.0
287777,375000.0
287833,375000.0
287858,537670.6985645932
287864,503100.0
287896,375000.0
287941,732593.142857143
293283,68984.90811833068
293297,90000.0
293298,90000.0
293299,214110.52798301485
293300,52363.15662592962
293301,84427.92543859649
293302,118460.0
293304,139262.30999999997
293308,114580.23790476192
293339,156447.0
293342,111886.41665524017
293343,102000.19861245477
293345,118198.33333333331
293346,104499.22857142858
293347,109616.34444444445
293365,168888.1285714286
293366,93980.24
293368,66845.44152399324
293371,87500.0
293372,87500.0
293373,77800.5
293376,79931.97161290323
293389,112064.19443301795
293390,128704.68666666668
293391,91049.97999999998
293399,119667.0
293400,89000.0
293401,246581.0
293405,159704.76595238096
293407,99646.14285714286
293408,102014.56666666668
293409,100025.37054263566
293422,76488.5
293424,115176.56
293433,80257.60145083675
293554,177044.92
293556,149530.0
293557,115060.0
293560,94294.8
293562,94844.97977562364
293565,104764.60480952382
293567,101460.80000000002
293569,130000.0
293586,127640.0
293588,130116.8119047619
293589,98000.14825906968
293591,95560.0
293592,127640.0
293629,140256.36476190476
293631,97524.15375189565
293669,94025.80111111113
293671,120042.0
293672,132288.00400000002
293678,69902.98166666666
293684,104949.17588410039
293690,75656.12314285715
293699,88517.77
293713,78990.0
293716,102991.09637821886
293718,126280.42
293719,102991.09637821886
293721,107661.50886658515
293748,61093.69230769231
293750,67412.86040219838
293753,118202.48727272726
293755,140033.27833333335
293756,142947.57142857145
293759,157255.26666666666
293884,169732.85238777244
293889,178390.809477707
293891,231782.39999999997
293892,166484.5323076923
293893,120100.0
293894,215000.13773554217
293898,316715.26
293902,174000.0
293904,258275.08658008662
293914,165000.04076848223
293943,192290.0
293944,418825.1642038216
293945,418825.1642038216
293946,299946.0
293948,268327.2595398616
293953,260000.2622043608
293957,136339.99180467092
293967,184666.46444444443
293970,127954.0
293972,138250.12403100773
293993,159000.0
293994,123432.5
293998,135270.82
293999,220000.0
294000,120200.0
294012,185532.0
294013,203052.02
294014,215101.24952380953
294024,184000.0
294025,137000.0
294145,263205.68
294146,217845.79562379763
294147,193500.0
294154,325000.0
294169,308800.0
294182,238596.6666666667
294183,310420.0
294186,227443.70257997938
294189,338369.33333333326
294195,420000.26884106646
294197,312740.0
294198,231428.05383331262
294212,339052.4464527895
294263,330000.0
294264,329000.0
294266,659277.7777777776
294271,386260.0
294272,498020.0
300754,158233.33333333334
300755,87284.0
300757,158233.33333333334
300758,158233.33333333334
300759,87284.0
300765,189728.82
300803,123560.02222222222
300806,132619.4
300807,437651.94
300809,305196.6666666667
300810,197508.24
300823,168357.3664374841
300830,131097.65545454546
300831,86496.0
301086,100924.88095238095
301114,186367.2879830149
301118,152087.37892433186
301176,95221.29578947369
301203,93158.91044585987
301236,111052.77825874128
301243,113755.41443736732
301342,58319.82905982906
301516,115778.5
301538,132590.1
301546,189508.0416666667
301549,119187.35294117648
301618,442770.0
301629,176786.52407407406
301641,238850.84615384616
301647,442770.0
301655,207997.5
301662,250220.57333333333
301700,189660.91507936508
301982,314978.4
302005,244260.0
302018,249726.66666666663
302172,308663.3333333334
302965,90000.0
302966,115000.0
302969,72186.3427128427
302970,231619.66
302971,93059.30505926581
302974,90000.0
303024,115000.0
303028,110943.88166666668
303090,84926.16666666666
303136,93302.4090909091
303137,96552.22222222222
303160,73192.34211240563
303218,104508.73666666666
303346,78999.92885105133
303366,210712.13333333336
303367,190286.6666666667
303369,85236.0
303370,72206.97896547896
303372,111820.43894993895
303373,163931.4524709316
303374,96806.0527850593
303375,84390.6257142857
303380,244464.04
303388,112719.28066378066
303390,195000.0
303392,159654.00000000003
303393,128000.0
303396,127640.0
303400,120804.0
303417,111507.4
303453,132866.8550750361
303454,94592.0
303455,93989.20208293373
303457,93989.20208293373
303473,112430.76234876238
303476,151018.4427350427
303511,126351.46269841271
303573,125000.0
303574,131699.46666666667
303575,125000.0
303599,136377.18573345288
303628,136131.51554001553
303633,171280.0
303638,233000.26085422322
303641,190000.0
303642,190000.0
303643,190000.0
303693,319393.3333333333
303702,136377.18573345288
303707,115211.0
303712,128589.03017162472
303713,129309.36350495805
303732,230118.0
303734,159000.0
303738,233163.13068465173
303847,141252.0
303924,224483.1571954885
303980,1250999.98
303981,314480.0
303984,366173.8095238095
303986,334240.0
304008,342160.0
304127,314135.0
304139,280806.6666666667
309497,313052.04
309512,85482.51882756682
309515,119555.09547295496
309517,114076.23055560028
309518,119555.09547295496
309519,178673.6
309520,119555.09547295496
309521,114076.23055560028
309522,119555.09547295496
309523,119555.09547295496
309525,114076.23055560028
309526,119555.09547295496
309527,119555.09547295496
309529,114076.23055560028
309530,114076.23055560028
309531,114076.23055560028
309532,114076.23055560028
309533,119555.09547295496
309538,78285.0
309539,115000.0
309540,106019.61760461758
309541,106050.0
309543,95000.0
309545,106477.51984126987
309546,124247.49990476189
309558,107928.85714285714
309559,79640.029004329
309560,56676.0
309567,92587.65666666666
309571,59470.6789886472
309575,116475.2
309584,79802.51333333334
309587,107331.27999999998
309596,83095.42906568646
309598,98245.95238095237
309599,95232.3532072428
309621,84634.63333333335
309623,106502.46666666666
309625,89745.00045308484
309627,163931.4524709316
309630,163931.4524709316
309631,163931.4524709316
309635,163931.4524709316
309636,163931.4524709316
309638,163931.4524709316
309641,165000.0
309645,128724.69489186275
309647,165000.0
309648,103124.26923076923
309666,179355.33333333337
309670,154425.5
309671,133341.3333333333
309679,105625.04307692307
309680,99469.79823462765
309681,98246.63222222222
309684,90978.0
309685,125718.82
309688,123712.18
309689,143148.60133757963
309691,142113.9481266772
309713,64312.73004773003
309716,145710.0
309717,158000.15082343013
309719,109913.06786546785
309730,106408.95784313725
309734,138060.0
309752,232974.55904761903
309755,181040.0
309756,213700.40335606353
309762,184131.8822781728
309764,157510.77402597404
309767,187152.0
309770,169609.90652943548
309773,199000.0
309775,141430.79499095675
309778,190840.74725274727
309793,205026.5
309794,299946.0
309804,374143.6
309807,329100.0
309809,167331.98170680355
309821,152701.96
309823,169475.45666666667
309824,184472.0
309829,134173.33333333334
309831,184910.0
309833,233163.13068465173
309842,227780.0
309850,158410.92211101
309857,183926.1784993051
309863,200957.36132082946
309865,368201.9635854342
309873,308800.0
309874,273686.6666666667
309883,403226.0
309888,230000.19581532548
309890,215000.0
309897,366216.0
309906,304860.0
309907,557640.0
311197,125958.59333333334
311200,102593.31042349461
311202,79548.04761904762
311205,132278.57142857145
311247,162635.97714285715
311249,168300.23333333337
311270,279163.46857142856
311271,76000.0
311272,92510.34755838642
311277,84545.39316239316
311279,88491.48
311280,85958.16831210192
311281,133009.5186904762
311284,73192.34211240563
311285,76201.32495238095
311286,77427.48143607298
311308,102677.90963225829
311309,102677.90963225829
311312,94139.03142857141
311313,102677.90963225829
311338,186546.4866666667
311339,179559.88
311354,88681.09333333334
311355,52306.02780952381
311356,204223.0
311501,149530.0
311505,134076.2502613229
311512,80000.1491012294
311521,161080.90601059486
311526,142135.21743127872
311527,111308.5217142857
311533,205000.0
311536,286763.25449060736
311539,157685.80068494414
311604,54276.0
311606,129714.66666666669
311608,141716.8
311614,101047.73333333334
311618,75135.72
311619,90872.66666666666
311620,132196.98
311621,104070.66666666666
311624,76421.74666666667
311626,87610.45
311631,131854.44242424244
311632,136192.2119155844
311653,136754.0
311655,87368.0
311656,81488.04166666666
311664,108616.0
311669,153529.58
311672,148621.30877018732
311673,155982.6253130248
311676,148621.30877018732
311677,137915.1850461917
311681,118442.61221865145
311684,151358.4
311685,96608.2564102564
311737,78979.18666666668
311740,130000.0
311741,140429.5
311743,100484.08
311744,119293.6
311745,149025.28
311782,88607.89520059558
311783,113000.0
311784,85000.16172901308
311785,153796.87550960016
311944,229180.0
311950,135603.7857142857
311951,160000.0
311956,237074.09285714294
311957,237074.09285714294
311968,331740.0028571428
311970,178000.069329141
311972,170731.65974025973
311996,303420.0
312000,149710.0
312003,398389.44
312004,249095.53333333335
312005,178560.0
312012,108970.0
312013,102676.0
312020,240496.0
312026,112693.8064516129
312027,116613.21166666668
312034,110807.40800000001
312051,199000.0
312054,232010.0
312056,121005.1893923214
312057,184156.9226683787
312059,169340.64263840736
312062,145422.73626074803
312063,187403.64476190478
312067,215610.84666666668
312069,198797.77777777775
312071,108965.98
312127,181641.90476190476
312335,215000.0
312337,143406.6713947674
312338,290000.1722672302
312347,199140.0
312362,402258.45214032964
312366,504850.8
312371,474000.0
312376,474000.0
312383,139894.29299363057
312396,196371.43040293045
312400,184014.49566596575
312402,287405.58
312404,287405.58
312419,211163.33333333337
312429,247900.6911976912
312431,247900.6911976912
312433,247900.6911976912
312550,568699.1985083388
312551,1327108.7634587635
312557,493657.49469214433
315289,104421.27471428571
315370,114191.66666666666
315371,95000.0
315372,111353.93012987012
315373,204500.3333333333
315375,178979.32
315378,106520.8439715569
315423,76095.50649350649
315426,120384.76
315429,151693.96
315434,73192.34211240563
315442,78201.66666666666
315480,109451.15333333332
315481,78920.0
315482,47534.04571428571
315551,106763.0
315553,100000.0
315554,150000.0
315556,130000.0
315557,99988.85714285713
315567,135000.0
315569,142620.0
315610,246483.3333333333
315619,276847.39333333337
315621,170198.53405099484
315624,416201.5
315625,109288.73611111112
315640,119130.0
315642,448167.2727272727
315651,144780.0
315685,235626.6
315688,245031.34
315704,97100.0
315801,190000.0
315804,233378.0
315806,300000.0
315807,207948.97799495977
315815,200000.0
315818,174140.0
315821,335300.0
315824,174500.0
315876,211331.08590387716
315906,208221.74708569158
315907,169161.43116958902
315997,523936.36363636365
315999,284047.40422975714
316001,317254.2404817405
316006,200000.0
316029,622960.14
316032,408514.80952380947
316116,360000.0
316124,568699.1985083388
316129,580000.0
327739,85880.44240960314
327755,114078.92
327757,99323.6
327766,84477.01165069467
327946,91270.06736842103
327952,146093.8
327954,119206.85730383238
327955,94000.0
327957,105706.87833333334
327958,129879.18666666666
327959,118696.03694381138
327966,144821.4096969697
327968,104030.975
327984,139468.0
327987,118037.65238095236
327996,104991.46920173337
327999,104991.46920173337
328000,107166.33393939394
328001,104991.46920173337
328003,73192.34211240563
328022,74407.92968832249
328028,74407.92968832249
328069,101838.15384615384
328071,56000.0
328176,68288.14105422908
328177,144038.0
328182,140502.98534042493
328188,196046.59
328189,146114.17657237587
328190,224400.37268292683
328195,95000.0
328196,242700.0
328200,138640.0
328240,97272.90420053701
328244,168422.0
328245,135000.0
328248,159565.11
328265,95052.3890692641
328268,118351.97601618656
328270,95466.0
328272,136132.9993405445
328275,148621.30877018732
328554,252000.0
328555,240000.0
328556,184000.0
328560,240000.0
328565,424351.04
328571,265000.0
328575,265000.0
328578,381320.89
328615,265000.0
328616,201082.6419610114
328620,215000.0
328645,137000.0
328648,210324.25642857142
328663,203740.0
328705,195409.6468591649
328851,236482.18158730157
328852,564436.5594055202
328858,384814.7114281651
328875,315565.0
328877,627640.0
328883,140527.0538276668
328885,279951.0
328886,420000.0
329004,320000.0
330409,108383.79576098848
330439,85898.84857142858
330654,52674.0
330655,63331.761904761916
330656,92493.94
330695,138731.0
330696,138731.0
330699,65622.16666666666
330701,141930.08
330703,76536.66666666669
330704,106100.4
330706,82455.25095238094
330708,87150.38095238095
330711,101460.80000000002
330719,100854.38095238095
330720,66150.94235294117
330721,94000.0
330723,71408.0
330727,111266.12666666668
330729,96858.24
330730,77469.94151708164
330731,87150.38095238095
330735,76746.31713514979
330736,52363.15662592962
330741,78285.0
330742,157405.1120401338
330744,92904.0
330745,107267.18833333334
330751,111210.4883116883
330752,141737.3333333333
330755,108185.39333333334
330821,159552.4533333333
330823,194007.04
330828,136878.0
330829,109270.99142857143
330830,83500.02
330831,110421.03666666668
330840,109356.0
330841,106670.0
330846,122260.276
330847,94649.0
330850,63431.6494117647
330851,63431.6494117647
330857,114325.55333333334
330859,93891.73
330863,115005.23333333334
330864,180002.0
330865,95581.24761904762
330866,95581.24761904762
330867,95581.24761904762
330871,62348.53333333334
330874,97372.57761904762
330875,97372.57761904762
330898,110613.33333333334
330900,78140.3261904762
330908,62590.0
330911,110558.92460317462
330913,114562.59248594541
330914,72771.11155511155
330915,114562.59248594541
330916,72771.11155511155
330917,110558.92460317462
330918,72771.11155511155
330919,100451.33645021645
330922,72771.11155511155
330924,110558.92460317462
330925,114562.59248594541
330926,72771.11155511155
330928,72771.11155511155
330929,123252.93506493505
330956,84314.0
330961,110622.44
330962,99816.02
331145,91530.0
331151,112935.85333333336
331189,79207.0776984127
331190,79207.0776984127
331195,116026.0
331238,128220.0
331242,128220.0
331247,86950.83333333334
331252,136618.57874652604
331253,195148.0
331254,119467.2
331258,137166.3
331259,195148.0
331260,98921.8534509129
331264,120779.34126984127
331266,121935.0
331268,98921.8534509129
331272,107060.18181818182
331276,131196.6666666667
331278,141811.75138448083
331284,72428.0
331286,72428.0
331291,142000.0
331295,72428.0
331297,115000.0
331302,196500.0
331304,142000.0
331305,108720.0
331306,143200.0
331368,129200.0
331370,191785.47
331371,163639.75
331373,139829.98
331374,130100.0
331376,207039.2
331379,136700.0
331380,117145.0
331398,104911.0
331399,95934.0
331416,108752.91666666669
331417,108752.91666666669
331418,108752.91666666669
331419,108752.91666666669
331420,108752.91666666669
331436,128628.0
331437,128628.0
331439,84702.66666666669
331447,95000.0
331450,71718.0
331451,78207.66666666666
331452,80710.66666666666
331454,83468.52
331458,321793.3333333333
331459,168316.2
331460,166660.0
331461,143500.0
331463,103688.0
331466,149670.0
331468,193590.0
331469,143500.0
331473,79629.32539682538
331474,321793.3333333333
331477,105135.0
331479,98664.4
331485,91480.0
331487,142113.9481266772
331490,103211.16
331491,103211.16
331544,162666.55333333334
331545,107432.85714285714
331550,124283.33333333331
331555,155118.0
331556,168630.0
331560,100662.66666666666
331565,110000.0
331568,130000.0
331569,137758.33333333334
331609,105246.66666666669
331610,154340.0
331611,121086.46269841268
331612,156801.02
331617,156801.02
331620,136192.0
331622,128473.8
331623,156801.02
331626,136192.0
331627,197348.7142857143
331628,154740.0
331630,120739.69323627543
331714,100790.0
331716,137441.1
331718,112603.9
331719,128818.0
331722,112603.9
331723,112603.9
331724,111865.55333333332
331725,111716.0
331727,109780.0
331991,146784.075
331992,169732.85238777244
331997,96444.0
332018,183410.6666666667
332021,190254.0
332039,150476.66666666666
332043,170100.0
332044,153418.0
332046,186688.59064559295
332048,169090.1122393259
332049,174511.3333333333
332053,131203.17493503314
332055,151360.0
332056,184000.0
332059,192946.82400932402
332060,133378.2
332061,191240.0
332062,151360.0
332063,149680.0
332072,308631.6666666666
332073,273130.00363636366
332075,212627.72322580643
332079,236800.66666666663
332080,183412.0
332083,226580.0
332084,207915.0
332086,236800.66666666663
332087,192295.64
332097,236800.66666666663
332098,188340.0
332100,205898.0
332101,236800.66666666663
332102,187700.0
332132,421755.0
332133,222820.0
332134,169093.5309840658
332140,167860.0
332141,169093.5309840658
332143,222820.0
332144,243866.76666666663
332151,222820.0
332154,271280.0
332155,167860.0
332166,104508.0
332170,166916.0
332175,335590.0
332179,201280.0
332183,247000.0
332184,211065.19555555555
332185,211065.19555555555
332187,164240.0
332190,151260.0
332191,188000.0
332193,188000.0
332194,192712.5832321273
332196,188000.0
332200,133856.01125
332205,124696.0
332207,133856.01125
332209,276176.0
332224,175610.0
332225,179335.98
332226,237258.0
332231,145394.4
332235,118646.66666666669
332236,163740.0
332237,170100.0
332281,233956.14666666664
332283,243484.0
332284,280495.0
332285,147236.6684848485
332286,323150.8466666666
332288,119920.00480000001
332293,110100.0
332298,213841.831002331
332299,190000.0
332301,179935.71260457416
332302,155000.0
332303,143682.91452218228
332308,228337.44208333333
332310,179710.7619047619
332315,106298.0
332355,174948.0
332357,272370.0
332358,162063.00000000003
332359,271114.38
332360,272370.0
332361,183540.0
332362,272370.0
332363,216243.2289177489
332365,184126.2380952381
332367,168193.0
332369,216243.2289177489
332371,272370.0
332373,173252.25
332374,267563.12
332375,272370.0
332376,236820.0
332378,173252.25
332381,216243.2289177489
332382,272370.0
332421,140108.2
332423,140108.2
332427,140108.2
332434,235083.2
332435,245500.0
332633,242733.3333333333
332638,261378.46646817244
332639,184746.66666666663
332642,228240.0
332648,167878.0
332653,400142.0
332656,264106.1587012987
332660,264106.1587012987
332661,193146.12345871178
332666,357480.00533333333
332670,357480.00533333333
332671,357480.00533333333
332678,331100.0
332688,366020.0
332693,291320.0
332695,308800.0
332697,400097.33333333326
332703,366020.0
332710,320060.0
332727,320434.39671957673
332730,444140.0
332731,173190.2380952381
332732,130650.0
332739,260270.8538011696
332742,345240.0
332744,255133.0
332745,330000.0
332754,208294.6717171718
332755,208294.6717171718
332756,208294.6717171718
332770,189216.6666666667
332771,303420.0
332772,465886.12799999997
332774,154940.0
332777,197660.0
332780,154940.0
332784,199000.0
332786,309146.6676666667
332788,352960.0
332789,352960.0
332790,352960.0
332799,424440.0
332801,424440.0
332806,213769.24
332813,370000.0
332934,291820.0
332938,564400.0
332942,548300.0
332949,215564.85714285716
332951,235926.65157349897
332952,369491.0
332953,369491.0
332955,369491.0
332956,369491.0
332960,513150.0
332961,513150.0
332962,271552.4033333333
332963,271552.4033333333
332965,271552.4033333333
332966,271552.4033333333
332968,271552.4033333333
332970,257760.0
332972,430080.0
332975,160592.0
333031,587224.0
345027,530732.619047619
345477,83110.0
345479,124127.30666666669
345497,82760.1749129712
345501,91908.0
345502,101955.58333333331
345803,89081.66666666669
345804,94000.0
345806,83922.59173961572
345808,110896.0
345812,152392.8
345813,118696.03694381138
345844,73143.0
345853,89478.75692307691
345856,137121.91333333333
345857,104991.46920173337
345858,104991.46920173337
345859,104991.46920173337
345861,104991.46920173337
345863,73192.34211240563
345876,74407.92968832249
345877,74407.92968832249
345880,119065.75516377161
345881,96880.0
345889,89144.0
345913,82848.0
345914,106093.33333333331
345916,106093.33333333331
345938,56000.0
346100,82249.67948717948
346120,68288.14105422908
346124,144038.0
346125,119988.98
346128,120848.98
346129,171827.0
346131,80313.94
346134,152368.0
346139,95000.0
346140,146114.17657237587
346142,283710.18666666665
346143,109413.57947103195
346145,115944.99999999999
346149,289241.30666666664
346153,242700.0
346159,214771.97333333333
346203,178694.25333333333
346208,170620.44
346228,121973.19666666666
346229,155900.0
346232,122295.77333333332
346236,101343.82974358974
346237,89699.0
346238,97272.90420053701
346248,135000.0
346249,188195.625
346252,123712.18
346253,123712.18
346257,137374.0
346282,95466.0
346285,118351.97601618656
346288,136132.9993405445
346291,95052.3890692641
346298,119276.77761904761
346334,144317.13239915075
346336,166274.76
346683,169157.0
346686,252000.0
346689,240000.0
346690,184000.0
346694,192490.6
346700,214903.76000000004
346705,265000.0
346708,265000.0
346709,193895.0
346711,359728.8
346712,248180.0
346718,296125.6171428571
346720,127233.05790476192
346747,177397.34666666665
346752,175253.0
346767,322260.0
346769,265000.0
346771,247000.0
346774,187811.90666666665
346776,148740.0
346780,146938.0
346781,130000.0
346786,170100.0
346788,153917.77138004248
346817,290510.9971428571
346827,137000.0
346831,169000.0
346859,255610.0
346861,255610.0
347092,235000.0
347105,355902.0
347132,308800.0
347134,332700.0
347136,510878.66
347137,727140.0
347149,272137.8571428571
347150,257163.09523809524
347154,323308.253968254
347155,343855.5644444445
347159,140527.0538276668
347164,420000.0
347166,247266.4
347176,335189.64
347321,339441.4285714286
347322,482000.0
347327,353046.8831168831
347329,320000.0
379660,76000.0
379682,95000.0
379683,106520.8439715569
379739,61141.93619047618
379746,73192.34211240563
379747,73192.34211240563
379748,163288.73163481953
379749,163288.73163481953
379893,128250.0
379894,150000.0
379895,100000.0
379896,130000.0
379897,60634.6
379898,75286.845
379900,123634.0
379901,194670.0
379904,142620.0
379905,135000.0
379906,239184.52
379908,95951.22031280557
379909,152634.52159594122
379921,181190.73679653683
379922,113135.90533333336
379936,100023.23333333332
379939,170935.92
379940,101481.0
379946,93543.6058966193
379947,135946.92
379951,160494.29847619048
379961,59741.82008827773
379962,84120.01585185184
379967,106364.0198828576
379968,90281.2491037851
379982,125212.0
379983,152412.48
379985,125488.89333333334
380054,97100.0
380071,190000.0
380072,300000.0
380073,233378.0
380074,207948.97799495977
380077,174500.0
380078,200000.0
380079,174140.0
380080,264500.0
380081,206450.0
380089,294272.0
380095,157311.3333333333
380114,177737.2380952381
380115,183197.35999999996
380116,229315.72184704186
380118,180034.50666666665
380133,184156.9226683787
380135,211331.08590387716
380142,209703.9
380143,208606.81066666666
380147,172165.2333333333
380233,149892.21783439492
380234,208221.74708569158
380267,284047.40422975714
380268,370000.0
380269,265860.4415584415
380286,412571.7
380293,421246.66666666674
380294,366657.4603174603
380296,408514.80952380947
380298,319420.0
380312,319800.0
380315,259692.69333333333
380387,298340.0
380392,568699.1985083388
380400,580000.0
380401,310660.0033333333
381171,68984.90811833068
381179,102835.20857573795
381180,52363.15662592962
381195,102000.19861245477
381200,87500.0
381211,94139.03142857141
381213,94139.03142857141
381214,108781.86816125052
381215,94139.03142857141
381216,89000.0
381217,178637.4060494655
381219,108509.0
381358,79124.93566820901
381391,94844.97977562364
381392,83000.22315711557
381395,100000.0
381398,189336.0
381440,148000.24126751226
381441,104949.17588410039
381456,153529.58
381458,190398.76266666665
381460,107661.50886658515
381462,102991.09637821886
381463,126280.42
381464,107661.50886658515
381465,137915.1850461917
381466,102991.09637821886
381657,215000.13773554217
381658,149825.07142857145
381664,174000.0
381665,189000.23914286614
381668,187556.05616605617
381669,165000.04076848223
381688,260000.2622043608
381708,220000.0
381709,187403.64476190478
381712,150188.36148654844
381713,215610.84666666668
381841,217845.79562379763
381843,325000.0
381851,257163.09523809524
381863,420000.26884106646
381867,188243.26809523813
381868,296117.687388535
381869,287405.58
381870,231428.05383331262
381872,287405.58
381873,287405.58
381881,339052.4464527895
381930,330000.0
381931,329000.0
381935,201344.67347256176
405835,83392.35333333333
405845,172727.66666666663
405846,68111.93322717623
405851,97793.78
405852,97007.16110599079
405854,133541.50333333333
405855,71000.0
405858,116485.54279609279
405859,109102.0
405860,83517.5099628823
405861,137726.0
405862,142675.7614245416
405863,201443.82
405865,315017.98
405866,130000.0
405867,137263.9038095238
405870,138915.57047619048
405886,169432.0
405887,225156.00000000003
405892,146172.04
405893,251689.8933333333
405894,116932.0
405919,115796.66666666669
405921,120960.0
405922,89276.73
405924,147738.0
405926,211040.0
405928,65979.0
405929,84110.85
405930,141094.97333333333
405936,138501.98
405937,97050.87333333332
405940,92142.04952380952
405941,182629.0
405945,77427.48143607298
405946,77427.48143607298
405947,196997.12
405968,114058.61789054512
405973,153038.61714285714
405976,92002.69224089636
405977,99077.98
405978,114697.96666666666
405979,142065.46496815287
405989,84688.5
405990,91625.2
405995,96365.33333333334
405996,228077.08424242423
406009,86762.68548229549
406016,141094.97333333333
406017,94676.0409090909
406178,109652.07333333332
406191,177044.92
406193,123763.6
406198,164169.1960254777
406201,84966.38946256127
406207,129711.6
406209,143100.31970276008
406218,217031.64181818184
406219,131452.7184126984
406231,130000.09559549764
406232,90862.10144481828
406234,208657.35714285713
406253,152032.16
406255,109641.8
406257,114365.89783549783
406258,97786.710740412
406259,97786.710740412
406271,99469.79823462765
406277,376256.9
406279,175737.28200493954
406280,103397.2
406285,97272.90420053701
406287,171596.2
406288,132011.08783882787
406290,95251.95166666668
406291,89572.19595698132
406293,165522.32696390658
406296,142657.15
406304,74206.7619047619
406327,53741.24
406328,63891.0
406330,157163.87818181817
406332,106364.0198828576
406334,85000.0
406335,115257.06983014288
406337,96242.83333333334
406339,109913.06786546785
406342,102991.09637821886
406343,121294.6005153949
406346,92860.89682539683
406347,158342.16190476195
406381,133670.0
406382,189726.1066666667
406383,171026.6666666667
406385,105641.0
406387,101192.66666666666
406388,127494.0
406389,127549.0
406390,154583.7
406391,136192.0
406432,108921.88372738373
406552,127884.33333333331
406568,269592.7582051282
406579,141089.59063691724
406584,204959.62358230006
406586,264500.0
406587,206329.29156137977
406588,160699.85365168029
406613,296304.6666666667
406614,273675.0
406616,352760.38
406618,176002.4
406641,234893.33333333337
406644,199358.7517117117
406646,116589.23809523809
406648,127954.0
406652,158401.1921918109
406659,315643.13333333336
406685,168488.7246087246
406686,205981.78155822508
406687,193085.38735438418
406718,256131.62222222224
406719,220160.00000000003
406721,199288.93333333335
406928,248395.3333333333
406932,172500.06986263578
406933,198000.0
406934,283000.0
406935,285154.98614680814
406936,315000.0
406937,183926.1784993051
406939,211117.52217371963
406942,230000.08150842396
406947,225397.68635916573
406948,220870.0
406949,325642.0
406951,846061.0866666667
406952,612371.9813768115
406953,199000.0
406954,271280.0
406955,249225.65666666668
406961,224471.06666666665
406964,430324.0
406968,259926.0
406974,508160.14
406976,357821.9007936508
406977,437304.76190476195
406984,418921.96
406990,191918.0
406998,1030142.8571428572
407013,237673.06
407030,285364.3074548983
407032,230000.0872397119
407102,440200.0
407104,643674.025974026
407145,905780.7533333333
413239,119100.03333333334
413240,119100.03333333334
413241,147514.56
413242,115000.0
413243,90000.0
413244,72186.3427128427
413245,90000.0
413249,91990.14
413251,115000.0
413260,135586.89732489735
413263,149632.8
413273,78578.0
413274,143583.15151515152
413275,73192.34211240563
413283,60970.98
413284,117000.0
413525,78999.92885105133
413537,108878.66666666666
413538,144775.13
413540,163931.4524709316
413542,96806.0527850593
413543,111820.43894993895
413544,72206.97896547896
413547,102000.0
413548,130000.0
413551,195000.0
413553,115770.67112882467
413557,127640.0
413561,128000.0
413563,114510.1409564017
413567,105540.4
413598,112674.04761904762
413603,93989.20208293373
413604,93989.20208293373
413606,118000.0
413615,112430.76234876238
413623,103867.66666666666
413626,158342.16190476195
413637,156801.02
413822,141082.8
413830,123178.33333333334
413833,136131.51554001553
413835,190000.0
413838,223997.68039492366
413839,233000.26085422322
413846,190000.0
413849,267864.88666666666
413868,194200.6
413869,136377.18573345288
413871,149872.9230769231
413872,102936.0
413874,263865.07
413878,270140.0
413882,159000.0
413883,159000.0
413884,159000.0
413886,155659.40666666668
413890,233163.13068465173
413901,162063.00000000003
413904,216243.2289177489
414015,224483.1571954885
414022,249700.0
414025,304860.0
414028,299978.4
414034,172448.1746031746
414036,289630.0
414037,336707.9994805195
414038,249275.18750980392
414039,264209.02
414103,333558.6666666666
414116,768013.3333333335
417626,664980.0
418015,97213.20378640965
418017,435994.331210191
418019,110588.0
418024,192282.97893842886
418025,243373.36666666664
418026,186029.66666666663
418028,97872.28309762133
418031,158233.33333333334
418033,105791.205
418034,90479.00476190475
418036,133037.36666666667
418076,218228.0
418077,274238.00375
418079,164961.02857142856
418080,237547.26666666663
418081,339998.0
418082,171416.0
418084,115039.42666666668
418086,188841.0
418090,179080.90652229302
418091,246125.66666666663
418146,99212.22222222222
418150,95000.0
418153,83375.16
418155,62913.919393939395
418157,77427.48143607298
418168,183078.7
418169,73905.0
418193,103478.0
418233,183217.32264957263
418234,85217.27269301697
418434,125816.12666666666
418446,114141.47047619044
418450,156133.26
418456,92484.0
418457,124208.77238095239
418463,181518.61142857146
418470,174017.7
418473,124640.64166666666
418531,210000.0
418533,218881.1195567913
418536,184615.19705294707
418539,90872.66666666666
418549,71128.9
418555,179610.0
418556,104086.48
418561,127929.28
418565,90849.35333333332
418567,99000.0
418573,58742.07982751751
418574,107211.33703463203
418577,75046.0
418578,80697.11333333333
418600,88681.66666666666
418602,100933.16666666669
418603,92905.3806756588
418605,119144.03131487248
418606,129862.48917748917
418607,158499.5288888889
418609,148805.4
418610,91010.83333333334
418611,169091.6982802548
418612,74171.66666666667
418654,121190.65666666666
418729,86492.80952380951
418730,153796.87550960016
418732,87367.33333333331
418897,195223.26666666663
418898,223247.39946113396
418900,138316.54285714286
418901,218271.53994069845
418906,319480.12666666665
418910,215000.0
418912,215000.0
418914,160556.5235768291
418915,200000.0
418917,266020.0
418918,226550.9523809523
418920,177090.2265855816
418923,223997.68039492366
418928,132873.39624657508
418954,238152.0
418972,425231.6666666666
418974,244059.98
418975,474320.06
418976,183543.0769230769
418978,389170.56
418979,245774.70588235292
418980,240346.28550534433
418985,169246.91199999998
418990,420148.94420382165
419001,240000.0
419002,170455.0
419006,153420.1182151182
419008,248000.0
419009,223592.07301685243
419011,235500.0
419041,173798.21600000001
419042,227795.47619047618
419072,122320.0
419073,124802.94
419076,222466.15181387242
419077,215000.0
419251,263205.68
419257,360000.0
419258,360000.0
419265,610196.0
419270,325000.23673809523
419281,179060.0
419291,232774.6066666667
419296,421030.0
419297,201831.5
419298,155000.0
419396,1458520.0
442636,154576.4
442638,88076.0
442639,134746.21607100544
442646,97193.6
442647,110662.56571428572
442650,166726.0
442653,308437.4169230769
442669,170907.53333333335
442671,166372.5638888889
442672,83616.42
442673,100719.26666666665
442674,248855.46
442685,238109.01142857142
442686,302014.58
442691,150921.11847133757
442702,134456.7666666667
442706,127760.42045454547
442810,93476.25
442813,132345.33248407644
442826,229755.57333333336
442827,150278.83286624204
443085,109017.13333333332
467469,256230.98
467473,248979.08
467505,280486.6666666666
467512,85217.27269301697
467514,140064.56666666668
467516,88210.0
467562,111815.42857142858
467689,101000.0
467690,108987.31633333332
467695,96806.0527850593
467696,230000.0
467698,135654.83198174377
467707,230000.0
467801,224864.56666666665
467803,87063.78
467806,138325.0
467820,77914.64340887869
467821,104725.15384615384
467822,99000.0
467875,228170.06
467931,85000.16172901308
468041,298387.98906278436
468042,274222.5333333334
468044,131203.17493503314
468045,279010.28
468046,153000.0
468055,183591.92701032475
468056,165000.04076848223
468058,316466.6666666667
468059,208458.44499790977
468063,253087.0
468102,172826.10606060605
468104,306617.06666666665
468110,258326.42309097556
468111,140000.0
468112,179170.17018795077
468113,179170.17018795077
468115,179170.17018795077
468117,179170.17018795077
468132,172614.0579586466
468134,134895.46963860386
468222,139119.00080031913
468227,169161.43116958902
468429,293020.0
468430,329653.3333333333
468431,329653.3333333333
468432,368650.3343485814
468439,359415.24901960784
468440,582640.14
468441,378928.05078560975
468442,380000.0
468444,225397.68635916573
468472,428700.0
468474,344149.31261146493
468482,350000.0
471390,74433.70792454679
471391,78720.05533333334
471394,64610.0
471416,216120.44166666668
471423,113604.87333333332
471424,79205.7
471450,108664.21467421897
474470,118517.0
474491,98563.12
474943,189769.70229299364
474948,149819.08
474950,145985.4
474954,113370.26666666666
474994,88537.3070054945
474995,85792.56
475009,71484.0
475013,95914.00133333333
475014,132560.0
475015,55299.84210526315
475028,78830.0
475030,130861.755
475191,115000.0
475192,72186.3427128427
475193,90000.0
475196,115000.0
475202,73192.34211240563
475205,106931.13333333332
475207,81300.99356967541
475208,106931.13333333332
475209,117000.0
475210,106931.13333333332
475745,114416.0
475782,101047.73333333334
475797,88704.04953238953
475846,80940.0
475856,147370.0
475858,72206.97896547896
475862,163931.4524709316
475863,111820.43894993895
475864,96806.0527850593
475865,109610.86
475867,132031.42
475870,109986.0
475871,101629.3472655999
475873,101629.3472655999
475875,107206.0
475877,115140.74923076924
475880,128000.0
475881,93344.0
475888,101629.3472655999
475896,179610.0
475897,115573.25333333333
475898,118000.0
475912,95299.18853695325
475914,128005.16526984127
475915,134932.34526984126
475916,106366.16666666666
475920,108448.0
475923,154583.7
476113,181829.20827586207
476281,249500.57333333333
476332,141038.6666666667
476333,167999.58333333337
476335,158435.4516129032
476339,251317.9866666667
476341,371873.8
476342,273387.1800541309
476343,190000.0
476344,394020.0
476346,190000.0
476347,190000.0
476349,233000.26085422322
476351,155946.80268218194
476356,279242.9905
476357,223997.68039492366
476378,133294.86666666667
476379,146866.26423076924
476381,190000.0
476389,204200.42020382162
476391,202478.0
476739,224483.1571954885
476744,556243.3333333333
476746,448350.0
476753,373798.0333333334
476960,931860.0
477981,90000.0
477984,90000.0
477986,79000.0
477993,88701.14285714286
478001,106019.61760461758
478048,77427.48143607298
478049,77427.48143607298
478058,79601.14285714287
478060,86359.01577425843
478081,76000.0
478145,90843.84109252498
478151,102000.0
478169,171827.0
478172,107042.24727272727
478176,103275.6
478180,90210.0
478183,130000.0
478190,182636.4183202753
478261,96000.0
478265,122197.45554140123
478266,96000.0
478269,95483.59235668783
478280,108930.0
478288,102720.7829092207
478289,118351.97601618656
478291,101000.0
478448,197064.14996097173
478450,185967.85880785887
478460,184580.91687612355
478521,184490.7901860307
478524,117460.0
478529,176430.593418259
478531,215000.0
478539,184490.7901860307
478542,159000.0
478543,245861.53882513812
478544,135375.10173160175
478545,160222.4842990515
478547,129576.63852665707
478653,198999.79526046175
478683,270000.0
478690,334308.0495786164
478699,184567.4
490871,90737.42284946085
490875,94000.0
490881,118670.19999999998
490882,120773.0
490883,119206.85730383238
490884,83922.59173961572
490885,94000.0
490889,91990.14
490892,118696.03694381138
490920,121308.0
490922,104991.46920173337
490924,452500.0
490925,104991.46920173337
490929,73192.34211240563
490937,74407.92968832249
490947,74407.92968832249
490948,119065.75516377161
490953,72299.47
490961,93003.92857142858
490962,56000.0
490963,85830.99666666667
491006,171827.0
491007,68288.14105422908
491011,144038.0
491017,95000.0
491018,146114.17657237587
491020,131089.0
491021,138640.0
491023,126707.14285714286
491025,242700.0
491050,97272.90420053701
491056,120073.11333333333
491058,106260.0
491061,118351.97601618656
491063,95052.3890692641
491066,138267.76295261853
491069,148621.30877018732
491071,95466.0
491072,136132.9993405445
491073,86426.2941658015
491088,80940.0
491089,128802.41889596604
491145,240000.0
491148,240000.0
491153,205898.0
491155,265000.0
491158,160556.5235768291
491160,188340.0
491181,254023.97727272726
491182,149000.0
491185,273114.36
491187,170100.0
491191,216460.0
491193,210324.25642857142
491195,140000.0
491196,169000.0
491216,188492.0
491217,225834.67266666668
491297,235000.0
491298,552860.0
491301,788400.0
491302,384814.7114281651
491307,270796.6666666667
491316,519030.0
491317,140527.0538276668
491318,307294.68
491319,420000.0
491320,437903.33333333326
491361,1015900.0
493949,106520.8439715569
493954,95000.0
493971,99883.57761904763
493993,73192.34211240563
493995,73192.34211240563
494237,130000.0
494239,150000.0
494243,191140.0
494244,95951.22031280557
494245,124207.86
494249,135000.0
494251,103170.0
494256,82281.3
494336,144780.0
494341,106364.0198828576
494342,155982.6253130248
494343,102991.09637821886
494393,79807.0
494449,99770.66666666666
494455,97100.0
494589,233378.0
494590,190000.0
494592,129841.42857142855
494595,300000.0
494596,207948.97799495977
494601,174500.0
494604,264500.0
494605,184531.33333333337
494606,183710.0
494608,200000.0
494626,87167.61904761905
494669,211331.08590387716
494671,184156.9226683787
494751,208221.74708569158
494753,169161.43116958902
494897,200000.0
494901,317254.2404817405
494911,332859.13333333336
494917,408514.80952380947
495052,360000.0
495057,568699.1985083388
495059,580000.0
515660,87685.02776190474
515661,128987.56666666667
515662,167142.7746666667
515667,140080.0
515690,168434.1
515696,105122.35
515713,273978.4285714285
515718,129740.88
515757,218960.0
515857,551601.2121212122
516158,112296.25333333333
516159,112296.25333333333
516160,114948.81904761904
516161,108664.66666666666
516162,128595.2272857143
516163,56000.0
516164,52363.15662592962
516170,94000.0
516171,96375.0
516177,108288.88982259571
516187,112056.25333333333
516188,74622.372
516189,115303.15238095236
516190,128139.2272857143
516194,67236.0
516195,85217.27269301697
516196,77513.944
516199,88210.0
516201,79000.0
516202,344540.55578282825
516267,96806.0527850593
516270,124409.13333333335
516271,120000.1699972609
516272,112947.12865497077
516277,230000.0
516285,142000.0
516286,230000.0
516289,105964.87999081038
516290,115000.0
516297,228696.21866666668
516298,132162.61038961037
516308,196500.0
516312,150349.31176673475
516313,142000.0
516320,150445.73248407643
516321,77957.85714285714
516335,87063.78
516344,90651.0
516345,142113.9481266772
516352,99000.0
516355,130000.0
516356,104725.15384615384
516358,77914.64340887869
516364,101360.0
516365,111128.0
516366,117240.0
516371,88581.2
516372,95657.6
516373,109780.0
516405,192712.5832321273
516407,169732.85238777244
516426,138623.34557320774
516427,149680.0
516428,153000.0
516429,218271.53994069845
516430,131203.17493503314
516431,131203.17493503314
516434,169090.1122393259
516436,184000.0
516442,264500.0
516444,183591.92701032475
516456,208458.44499790977
516457,324544.8742923743
516458,208458.44499790977
516469,271426.92122825346
516471,140000.0
516472,192712.5832321273
516473,167552.19784652712
516474,229067.64363904076
516477,191596.0
516478,152127.3333333333
516481,153409.22666666665
516484,134895.46963860386
516486,115000.0
516491,155000.0
516492,172614.0579586466
516493,110100.0
516496,190000.0
516502,237961.32
516506,208221.74708569158
516507,139119.00080031913
516508,143617.49127483077
516509,235083.2
516564,261378.46646817244
516572,193146.12345871178
516573,270169.69646040234
516576,378928.05078560975
516581,225397.68635916573
516588,421800.0
516589,499680.0
516590,365411.46
516592,423641.66666666674
516597,265280.0
516598,668200.0
516600,296966.6666666667
516601,389002.18
516602,440410.52
516603,438812.0
516607,199000.0
516609,350000.0
516610,381380.0
516611,263304.6666666667
516615,370000.0
516659,955369.3066666668
516660,1172910.0
524743,629640.08
524744,760754.22
524748,149902.0
524749,184016.6666666667
524751,269355.4
524756,90000.0
524757,124521.00750689645
524758,124973.0
524759,68784.93988248768
524760,90000.0
524761,90051.215
524762,124521.00750689645
524766,90000.0
524767,217956.95117647058
524781,182551.4638888889
524782,195582.6666666667
524785,66221.0
524786,145651.73517338993
524787,113166.94811355311
524847,87198.6325
524851,135961.7542857143
524852,103920.33333333331
524853,99847.74905052265
524858,397138.28
524872,197126.06666666668
524874,181204.075
524878,100761.33728581679
524879,102677.90963225829
524880,106272.94
524882,131045.5239837562
524883,359360.0
524884,195164.66666666663
524889,135402.75991142192
524891,187611.33333333337
524893,191820.12833333333
524894,149715.855
524895,247493.41333333336
524896,100491.33333333336
524898,211172.0
524900,74753.69426751594
524901,268048.62
524904,125751.86666666665
524910,109261.33333333331
524912,196035.82
525089,102000.0
525092,95985.22
525099,140377.33333333334
525100,115221.06666666667
525101,113021.76400000001
525102,140377.33333333334
525104,111192.13850340137
525109,149489.51785950546
525113,102000.0
525117,127640.0
525121,184870.0
525123,127640.0
525124,146114.17657237587
525125,174681.11584304587
525126,114834.85714285714
525127,128256.8
525158,49320.0
525164,161077.0
525170,58369.0
525172,131634.44339285712
525175,101420.97333333334
525177,111624.9090909091
525178,96916.01130209815
525179,142762.08503024763
525181,101602.99153023746
525182,88018.93450187818
525197,118351.97601618656
525198,78866.47510961862
525201,84102.13685126655
525219,154583.7
525380,345193.0
525383,197064.14996097173
525384,184521.8822781728
525390,209350.45952380955
525394,280000.1304349584
525413,360442.01333333337
525421,234893.33333333337
525423,345060.0
525424,246644.6666666667
525427,186137.5
525433,236200.0
525443,267670.00000000006
525455,117136.57493711842
525479,137000.0
525655,461997.2
525656,444632.81910828024
525658,270259.31333333335
525667,317100.0
525673,825000.0
525680,232716.0
525682,510100.0
525685,248100.0
525688,666580.0
525689,239338.1818181818
525690,167389.31333333335
525691,378928.0
525696,359865.31746031746
525697,244230.52380952382
525698,220596.05660306898
525700,183999.98069244478
525711,137913.6
539753,101069.4
539777,115173.38773406947
539778,108383.79576098848
539779,132188.6
539953,90274.62
539954,101791.4
539955,140003.56996576407
539956,140003.56996576407
539957,140003.56996576407
539961,140003.56996576407
539962,140003.56996576407
539963,81320.89333333333
539964,81320.89333333333
539965,113098.58142857146
539966,113098.58142857146
539967,113098.58142857146
539968,113098.58142857146
539969,113098.58142857146
539971,152018.03333333333
539972,152018.03333333333
539973,152018.03333333333
539974,152018.03333333333
540081,121921.90803418803
540090,63318.0
540110,130721.6
540254,280527.76
541463,105345.06666666667
541599,147448.6857142857
541853,108579.2
541877,121092.0032
541878,121092.0032
541879,121092.0032
541880,121092.0032
541885,171550.47599999997
541886,171550.47599999997
542909,185971.90958441558
543093,321430.0
543710,235190.3333333333
544210,189251.98
544215,235040.0
544327,501140.0
558074,101324.80666666666
558075,109324.66666666669
558077,73495.56271061455
558083,73495.56271061455
558085,119391.85333333332
558086,116554.91142857142
558087,119391.85333333332
558090,140090.0819047619
558091,102162.88621245422
558093,109028.01933333333
558094,134310.53
558095,173380.42857142858
558098,125304.36
558099,102162.88621245422
558100,159985.84
558101,114826.56117099569
558103,106520.8439715569
558104,254524.58
558105,106420.0588734229
558106,104197.11550000001
558108,96841.94995885267
558110,195605.51864209262
558111,115204.46095238095
558112,151745.23333333334
558113,135613.44
558114,113674.4
558115,380039.68799999997
558118,107944.23
558119,114826.56117099569
558121,150314.64
558127,113574.5
558129,101844.81904761905
558130,113574.5
558131,108595.85238095239
558134,113574.5
558136,108595.85238095239
558137,108595.85238095239
558140,107536.49466666667
558148,188762.6666666667
558152,85232.36
558153,188462.6666666667
558156,128065.02
558157,128065.02
558158,187687.33333333337
558159,128065.02
558161,187687.33333333337
558165,93855.24
558166,115698.43333333333
558167,134034.0
558168,154648.71333333335
558172,152779.90144373672
558173,108682.13146496816
558174,93855.24
558175,221758.88380952383
558177,113831.04
558178,148001.1494267516
558179,132044.0057142857
558180,112240.70666666667
558182,82955.12663901616
558183,152271.2694267516
558184,104054.68533333333
558185,103468.99666666666
558187,96060.48666666666
558188,120624.62
558190,132044.0057142857
558191,82955.12663901616
558194,96726.0
558195,141684.23142857142
558197,70664.87931034483
558199,119293.8815
558200,101696.28253968255
558201,121101.58
558202,111131.36363636363
558203,83804.50230769231
558204,125443.69999999998
558206,59568.0
558212,72656.88
558213,71277.2096031746
558216,73192.34211240563
558217,73192.34211240563
558219,73192.34211240563
558221,79340.0
558223,73192.34211240563
558225,73192.34211240563
558229,76045.7098989899
558237,153930.4876433121
558238,129625.06
558244,189460.99773693256
558245,150989.6
558246,120584.66666666666
558258,108207.2
558260,111241.07619047619
558261,159106.4668789809
558315,152127.6557142857
558319,98765.0
558324,201632.75691234454
558326,201632.75691234454
558327,250304.34375
558328,201632.75691234454
558329,201632.75691234454
558332,177860.0
558334,141811.75138448083
558336,121932.19733333334
558341,210140.0
558342,128000.0
558345,199955.0
558351,158375.56666666665
558361,217629.33333333337
558362,249970.55864118892
558363,194351.1
558366,89699.0
558367,192072.33523809526
558368,198244.86636363636
558369,185661.475
558370,181481.675
558371,186559.28666666668
558372,203634.395
558373,207042.38
558375,166435.465
558376,145478.9739945405
558377,192638.39658477402
558379,208853.74114285715
558380,192638.39658477402
558381,202086.4380952381
558382,187028.97523809527
558383,194253.6830152201
558384,154508.61781740977
558389,149821.19656197357
558390,149821.19656197357
558391,131656.84141025643
558392,123124.23416248531
558393,149821.19656197357
558395,196380.0
558396,149821.19656197357
558404,270968.0133333333
558405,189637.33333333337
558412,154748.7503030303
558413,102991.09637821886
558415,157369.78933333335
558417,188603.06666666668
558419,134594.03918436405
558420,188603.06666666668
558423,158000.1564592094
558482,105911.37633333333
558487,95000.0
558575,152758.0
558579,287565.952
558580,256348.10585987262
558582,265000.4026992453
558586,150000.0
558587,451840.47866666666
558588,254581.1645378274
558589,288398.95243156026
558590,386520.0
558592,254581.1645378274
558596,288398.95243156026
558598,254581.1645378274
558599,215906.74
558600,254581.1645378274
558601,185000.0
558602,254581.1645378274
558612,307824.86
558616,524500.0
558618,186148.65209835485
558619,294212.5333333334
558621,205838.0
558623,237926.76554112558
558624,255042.03076923077
558626,255042.03076923077
558627,360954.1546638358
558628,262388.72738853504
558642,328473.3333333333
558643,328473.3333333333
558645,328473.3333333333
558646,328473.3333333333
558744,375000.0
558745,185580.8248880338
558746,230000.0
558749,312027.0
558752,308800.0
558757,364571.0
558758,250000.09398199414
558759,250000.09398199414
558767,229319.29004329004
558769,272831.03428571427
558771,375000.0
558811,375000.0
558813,375000.0
568428,200790.0
568488,112725.50354564756
568493,104711.5
568513,124134.305
568514,100568.83333333331
568678,338766.24
568737,164288.0
569283,110747.63
569291,112667.5
569296,447537.87
569297,223458.03333333335
569577,148309.2562770563
569590,60998.0
569721,94108.94578674267
569782,164647.6980952381
569784,75737.51228389445
570328,73857.91491841494
570329,82484.96887473465
570331,71000.0
570337,142675.7614245416
570339,142675.7614245416
570340,122839.38
570343,102000.19861245477
570345,154924.7
570347,125167.98
570349,107040.93999999999
570350,154924.7
570351,154999.9549633112
570354,126273.52380952385
570356,144896.5978556263
570358,158447.56686868687
570359,149073.87333333335
570360,154924.7
570361,149073.87333333335
570362,154999.9549633112
570363,154999.9549633112
570364,154999.9549633112
570365,85374.728
570366,85374.728
570368,85374.728
570370,77427.48143607298
570373,158447.56686868687
570374,158447.56686868687
570375,155053.28829664455
570376,155053.28829664455
570377,155053.28829664455
570378,158447.56686868687
570380,144142.54136439823
570382,155053.28829664455
570404,116069.40476190478
570406,164263.86935881103
570408,89147.01890221737
570414,98000.07626702238
570415,122000.08778446718
570417,130000.09559549764
570419,90862.10144481828
570427,127068.0
570429,97786.710740412
570437,100929.97647619047
570439,100929.97647619047
570440,100929.97647619047
570450,195000.0
570458,129560.42045454547
570459,106364.0198828576
570461,115257.06983014288
570462,99851.22164497008
570464,158499.5288888889
570466,106364.0198828576
570468,121294.6005153949
570473,129833.58095238097
570497,141089.59063691724
570500,199500.09273436692
570504,264500.0
570506,206329.29156137977
570507,204959.62358230006
570509,160699.85365168029
570519,158401.1921918109
570520,228437.01939393938
570523,268554.6666666667
570528,168488.7246087246
570537,197097.96
570538,178883.16
570555,172500.06986263578
570556,224483.1571954885
570557,283000.0
570561,183926.1784993051
570562,198000.0
570563,285154.98614680814
570569,199000.0
570573,514350.0
570578,308268.3466666667
570585,230000.0872397119
570586,285364.3074548983
570594,440200.0
570596,465306.66666666674
570598,444248.0
593356,129254.0
593382,96752.04400000001
593448,416442.9266666667
593531,355998.6168686869
593551,144051.21333333332
593561,203788.47
593615,1607200.0
594359,86508.60413793103
594365,123985.57902335457
594367,169590.0
594402,133387.80952380953
594574,125892.68
594609,290280.0
594610,262605.0
594613,293250.0
594628,74660.0
594631,116568.66666666669
595047,352400.0
595289,140246.5
595420,52140.0
595423,102593.31042349461
595425,90000.0
595442,106019.61760461758
595448,76000.0
595450,116298.52
595451,93891.73
595452,84438.0
595453,73192.34211240563
595455,77427.48143607298
595456,77427.48143607298
595458,77427.48143607298
595461,94139.03142857141
595462,94139.03142857141
595465,102677.90963225829
595466,91984.54345779322
595468,94139.03142857141
595470,102677.90963225829
595471,94139.03142857141
595475,102677.90963225829
595477,55712.697126403014
595478,95000.0
595482,76000.0
595488,52306.02780952381
595523,90843.84109252498
595535,90000.0
595537,80000.1491012294
595540,112353.80666666666
595541,110000.0
595542,134076.2502613229
595543,171827.0
595546,90000.0
595547,104472.212010919
595548,103275.6
595549,102000.0
595552,134518.29333333333
595557,95000.0
595560,165416.0
595565,161080.90601059486
595582,182636.4183202753
595591,164230.0
595598,96000.0
595600,105100.0
595620,107178.14285714284
595626,148621.30877018732
595628,153529.58
595633,101000.0
595635,118351.97601618656
595636,151358.4
595638,102720.7829092207
595641,109086.14704155494
595643,148621.30877018732
595644,148621.30877018732
595647,107661.50886658515
595648,112900.0
595658,85000.16172901308
595660,113000.0
595685,139999.94946752666
595688,197064.14996097173
595689,185967.85880785887
595695,184580.91687612355
595696,178000.069329141
595697,239410.0
595698,183956.41247641243
595700,250000.0
595703,288398.95243156026
595706,184580.91687612355
595714,184490.7901860307
595718,173382.4758086771
595725,199000.0
595732,129576.63852665707
595734,169340.64263840736
595736,215610.84666666668
595737,145422.73626074803
595739,135375.10173160175
595740,160222.4842990515
595741,184156.9226683787
595742,245861.53882513812
595796,270000.0
595797,143406.6713947674
595799,290000.1722672302
595801,215000.0
595802,198999.79526046175
595829,188243.26809523813
595830,287405.58
595831,196371.43040293045
595832,287405.58
595838,334308.0495786164
595840,296117.687388535
595841,184014.49566596575
595864,568699.1985083388
595866,291150.0
595867,285393.3333333333
595871,271166.6666666667
595872,279298.62
595873,285589.99999999994
695664,47150.9
695713,105442.46666666666
695740,84920.0
695980,141230.27949044586
695982,203874.6
695988,51750.0
695990,227032.00000000003
695991,419073.33333333326
695992,277072.74532484077
695997,73439.78795329087
696003,147973.74
696004,136412.72283333333
696286,108390.0
696293,120257.47619047617
696305,109935.2064602065
696307,85217.27269301697
696308,88210.0
696311,344540.55578282825
696315,107369.66452123725
696350,116362.93392857142
696869,101000.0
696873,131284.52
696877,230000.0
696878,105000.0
696884,105964.87999081038
696886,135654.83198174377
696899,221148.46
696907,103301.75210281636
696915,105000.0
696916,77310.07743589744
696919,87063.78
696920,120000.0
696924,77914.64340887869
696929,99000.0
696939,130000.0
696940,125000.0
696942,125000.0
696943,85000.16172901308
697271,131203.17493503314
697273,153000.0
697274,138623.34557320774
697275,290217.3183065413
697280,207735.7017982017
697281,183591.92701032475
697283,208458.44499790977
697286,208458.44499790977
697287,165000.04076848223
697296,191212.0
697297,268737.6666666666
697303,140000.0
697305,229067.64363904076
697309,115000.0
697311,135000.0
697319,139119.00080031913
697320,169161.43116958902
697552,505912.12
697710,342000.4610456623
697712,225397.68635916573
697715,284713.342
697717,380000.0
697723,308800.0
697726,282608.06
697729,441185.38
697732,350000.0
697874,1457600.0
698220,128351.0
698327,240025.36
698446,614944.2007843137
700159,234080.0
700179,235280.0
700194,412590.0
700545,119967.22327763899
700552,123830.45222222221
700625,65312.0
700675,87862.77647058824
700716,158734.675
700901,239838.28260869562
741348,505747.1068376069
742385,97872.28309762133
742389,131980.0
742393,148340.22222222222
742423,143745.1
742425,546802.535
742446,187846.78333333333
742449,501485.0
742450,187846.78333333333
742458,95000.0
742464,49190.0
742467,77427.48143607298
742468,77427.48143607298
742531,104716.62673911119
742533,104716.62673911119
742571,106181.8
742573,128674.90802547772
742929,159900.0
742930,151025.5
742939,96529.5892671218
742964,122580.0
742971,118226.0
742973,58301.71190476191
742974,165416.0
743033,164230.0
743034,129545.2
743038,173434.0
743063,175533.17333333337
743065,175533.17333333337
743070,155024.69180541646
743073,118203.33333333331
743076,74631.16
743084,79696.49171974522
743086,160000.0
743088,99000.0
743089,100912.93827609281
743094,75046.0
743100,101787.10380952382
743113,114016.0
743117,244393.34
743119,99334.25
743135,151612.33088868667
743136,151612.33088868667
743139,121224.90435244162
743140,121224.90435244162
743190,65017.5
743192,148079.06
743194,149782.4
743369,100708.62
743690,204163.53333333335
743695,171353.24
743699,223247.39946113396
743701,132873.39624657508
743705,160556.5235768291
743711,215000.0
743712,223997.68039492366
743717,215000.0
743760,240660.0
743761,250034.0202020202
743762,134252.92222222223
743772,167279.99
743779,263038.88
743782,111612.192
743795,241580.0
743796,240000.0
743801,265000.0
743802,153420.1182151182
743804,265000.0
743805,235500.0
743806,223592.07301685243
743808,135433.33333333334
743810,248000.0
743814,164706.28229299362
743817,238472.88
743842,297922.5
743994,222466.15181387242
744663,325000.0
744679,243738.63822567288
744680,308664.12698412704
744694,325000.23673809523
744695,693521.98
744736,155723.02380952382
744752,155000.0
899301,108324.66666666666
899306,131800.68
899324,94000.0
899326,186504.96399999998
899337,53758.87666666667
899339,105138.76578228535
899340,98206.21269841268
899343,91209.53333333333
899352,144179.6
899354,120000.1699972609
899355,136618.57874652604
899359,259723.97666666665
899360,141811.75138448083
899368,142000.0
899370,150349.31176673475
899372,210343.6666666667
899373,154227.45333333334
899374,95212.0
899375,199278.4
899376,67960.71592775043
899377,64323.48
899378,140643.40881583453
899379,123712.18
899381,142113.9481266772
899382,142113.9481266772
899388,130000.0
899391,166006.33736818738
899392,109780.0
899399,169732.85238777244
899400,192712.5832321273
899401,140000.0
899404,191240.0
899405,192946.82400932402
899406,159500.40833333335
899408,169090.1122393259
899409,184000.0
899413,329524.245
899414,537580.0
899417,192712.5832321273
899419,184532.41411764704
899421,179170.17018795077
899425,143682.91452218228
899426,110100.0
899427,151196.058008658
899428,123585.29337181337
899430,190000.0
899431,167863.0
899432,155000.0
899433,179935.71260457416
899437,235083.2
899438,143617.49127483077
899451,261378.46646817244
899461,471840.02
899463,375846.1111111111
899465,379240.0
899467,293292.08
899468,155380.0
899469,235200.0
899472,199000.0
899474,370000.0
899475,449413.53104365227
899480,386665.3333333334
899481,465772.9411764706
955997,80338.25222222222
955998,171036.0
955999,146633.81333333332
956000,88362.87333333334
956005,181864.72993630572
956006,196506.66666666663
956007,189566.0
956010,127796.66
956013,200608.1811730013
956017,162699.08666666667
956024,101594.18
956025,104553.16
956034,89338.94
956037,370560.0
956043,192772.32833333337
956052,109437.67007092199
956053,279038.66
956055,93218.13333333332
956057,192772.32833333337
956058,110841.595
956069,85602.83333333334
956070,98738.87333333334
956072,97314.87333333334
956073,97314.87333333334
956074,97314.87333333334
956075,98738.87333333334
956076,98738.87333333334
956080,98738.87333333334
956081,98738.87333333334
956082,85602.83333333334
956083,98738.87333333334
956084,85602.83333333334
956085,98738.87333333334
956086,97314.87333333334
956087,97314.87333333334
956088,85602.83333333334
956089,85602.83333333334
956090,85602.83333333334
956091,97314.87333333334
956092,97314.87333333334
956093,97314.87333333334
956095,85602.83333333334
956096,97314.87333333334
956097,98738.87333333334
956098,97314.87333333334
956100,98738.87333333334
956101,98738.87333333334
956102,85602.83333333334
956104,85602.83333333334
956105,97314.87333333334
956106,98738.87333333334
956107,98738.87333333334
956109,85602.83333333334
956110,98738.87333333334
956111,98738.87333333334
956112,97314.87333333334
956113,85602.83333333334
956127,93200.0
956136,137034.9866666667
956137,116950.0
956139,140003.56996576407
956140,370709.46666666673
956147,173816.56
956148,57978.0
956150,72987.53
956154,133513.59828571428
956155,125406.62666666666
956156,93634.6218487395
956165,156847.0
956171,177020.0
956174,141909.99541634836
956175,157711.92
956176,96374.4319345506
956177,144662.65333333332
956178,169290.23333333337
956179,158266.24
956180,121012.0
956182,121012.0
956183,120229.99333333335
956184,121012.0
956187,107698.23333333332
956199,65596.28571428571
956200,79815.27272727272
956203,118838.33111111113
956206,217932.34
956207,194060.0
956215,174844.34
956216,350957.65
956219,100294.20618212197
956260,204453.3333333333
956263,101777.2
956265,106643.88888888888
956278,138871.11866666665
956282,155964.59153846154
956284,146380.84000000003
956286,125393.17633699633
956287,112481.45846153847
956296,144597.02
956299,87053.67135531135
956300,78296.9653113553
956301,211717.6666666667
956302,212370.2894642857
956303,89824.0
956304,107640.0
956305,115494.66666666666
956306,249686.87959922434
956308,129406.48416666668
956314,93567.0
956448,89436.95333333334
956593,102712.84523809524
956658,113204.33333333334
956809,141811.6977777778
956858,177894.0
956897,185793.33333333337
956898,202108.54341307812
956901,200560.0
957097,291720.0
957206,404260.0
957298,112824.37327651214
957343,171312.1133333333
957367,173445.46666666667
957390,83367.9987898089
957447,72616.35
957458,230790.5329950924
957494,224047.07904761907
957534,290058.24
957542,257800.0
957549,284733.3333333334
957560,96286.0
957577,116760.0
957604,319925.7142857143
957607,405500.00000000006
957925,121381.77777777778
958055,95636.0
958085,97686.28571428571
958089,164705.28
958108,248857.08
958114,209796.0
958138,649549.3333333334
958139,239290.0075
958215,108433.8
958216,105752.73333333332
960013,67472.6528301653
960014,118000.0
960015,118000.0
960016,119206.85730383238
960018,118696.03694381138
960019,65000.0
960022,118000.0
960023,99134.50111111112
960024,128434.75933333335
960025,112489.54978354981
960030,108096.23
960031,127795.72165605096
960032,108096.23
960033,127795.72165605096
960035,73192.34211240563
960036,73192.34211240563
960037,73192.34211240563
960038,73192.34211240563
960039,77427.48143607298
960040,77427.48143607298
960041,77427.48143607298
960042,77427.48143607298
960046,79601.14285714287
960048,82000.0
960049,119065.75516377161
960050,118000.0
960052,86467.87072904802
960053,92150.66666666666
960066,121312.0
960069,160000.0
960071,149349.9789950059
960077,190000.0
960078,112604.51058333332
960080,148584.0
960092,110859.2
960093,140854.71066666668
960095,97011.76898550725
960096,136448.96
960101,121055.6
960102,122295.77333333332
960103,122295.77333333332
960105,94030.6206793207
960109,70813.33333333334
960115,111831.53724386725
960117,190000.0
960120,119000.0
960122,115572.82051282052
960150,187402.68766880664
960151,190000.0
960152,131203.17493503314
960154,205000.0
960155,187402.68766880664
960157,187402.68766880664
960159,220000.0
960161,185082.09947407967
960166,265000.0
960172,201597.4271794872
960177,253761.65333333335
960180,130000.0
960182,167779.3578643579
960185,167648.0
960186,220000.0
960187,205000.0
960188,195000.0
960189,139999.89349223324
960198,247320.0
960199,247320.0
960212,259993.24708763737
960213,273000.0
960214,261000.0984970569
960215,259993.24708763737
960216,342000.4610456623
960217,259993.24708763737
960218,261000.0984970569
960220,317100.0
960226,825000.0
960227,200744.80350029137
960229,249000.0
1068,476633.6857514879
1069,790000.0
1073,205852.74931578655
1082,390589.52106197795
1091,256715.7032811401
1363,113051.57777777775
1535,218485.64755043428
11023,356544.6891914222
13114,680000.1251752884
13121,980000.0
13122,476633.6857514879
13123,980000.0
13129,549437.6680786882
13135,475253.6786481381
13136,599830.3514035088
13859,245839.1225296443
14120,341997.21222222224
17962,362282.04285714286
18023,166264.76808802306
18026,277122.60912814364
18031,135011.13296589666
18033,406174.67644106963
18055,169106.34142900002
18056,190370.2569466383
18641,176721.64464285717
18952,790119.3751524533
24270,499571.1666666666
24300,242847.73543123543
24962,237834.88712046936
29513,790119.3751524533
30487,474436.4298645039
30496,650000.1345253275
30986,334062.506006006
32487,395914.24019607843
32497,575858.3333333334
34223,680000.1251752884
34228,980000.0
34229,476633.6857514879
34241,599830.3514035088
34447,196959.0763263764
34556,117835.46441960102
34560,298012.714375
35408,680000.1251752884
36283,476633.6857514879
36297,549437.6680786882
36313,475253.6786481381
36503,599830.3514035088
36593,980000.0
36594,980000.0
43990,119589.61471861473
44484,187376.31308086868
44522,173014.1666666667
44541,182128.6666666667
44795,244936.78983957216
44810,256838.96330684278
44921,349231.057045807
44941,347938.2851646904
48130,322549.7715584416
48906,790119.3751524533
61506,474436.4298645039
61520,475253.6786481381
61635,521838.7096064552
63611,759959.0007142855
63615,2887123.611875
63616,247858.7763233307
63654,361884.8136778681
64454,334074.04761904763
64458,166897.49
64687,476633.6857514879
64693,353733.74
64694,222168.33333333337
64707,484352.76803144225
64711,142941.36240601505
64714,181721.49
64864,132426.5290726817
76712,169554.26228070178
107512,351456.74056888855
107617,460000.0662109814
107648,520700.0
121692,180099.18333333332
121693,187276.43333333335
123342,351456.74056888855
123378,460000.0662109814
123380,520700.0
126492,680000.1251752884
126525,980000.0
126530,980000.0
126531,476633.6857514879
126602,549437.6680786882
126708,475253.6786481381
127160,135846.35219168907
127755,387314.4923592587
133612,1484784.5205601198
144042,307428.01470588235
144080,98843.47302623623
144429,265719.93
170404,234502.7411764706
172269,255313.66843137256
173866,138999.0
173868,90017.32224453056
174902,119434.70995595049
177586,100241.0
179914,222469.10550278018
179924,580828.7254412255
179963,650000.1345253275
179977,296039.32982520264
181779,1645198.1482142857
187943,177967.11989795917
189578,538016.003930137
189587,580102.3346323107
189588,1200000.116612688
189589,580005.0521727038
191430,126609.83333333334
191965,87474.46574144812
191966,81331.33766233765
191967,74752.83333333334
192661,476633.6857514879
195919,157536.4972222222
196103,175873.51220355954
196105,175873.51220355954
196106,175873.51220355954
199867,200808.2172935803
199881,167725.38638637084
201115,390788.5764411028
201277,300022.810712072
201303,512770.08994986454
201766,114842.025
202123,144885.88787878788
202124,128877.9261904762
202125,115712.5238095238
202129,168320.57649930727
202354,268564.04761904763
202355,237457.26098901097
202358,202998.55555555553
213982,369997.05330086575
215836,460000.0662109814
215846,520700.0
215857,351456.74056888855
226279,395987.6149026413
226280,901527.07
226291,771004.9016935973
226292,520225.2728595282
226309,434939.6873793011
226325,515784.11291090323
227218,137859.43579090523
227616,179347.8235788952
227714,195216.99952153108
227730,277113.75770150905
227985,300286.07886980876
231004,434939.6873793011
231095,400151.31162464985
232092,536231.1797852278
232097,156410.13902819064
232099,205073.32353156645
232101,313601.7758412588
232102,195356.2060346814
232103,142384.6094947717
232417,214329.125
232525,474436.4298645039
232527,475253.6786481381
232529,169165.0
232575,521838.7096064552
233259,860700.0
233270,142173.04551820728
234636,790119.3751524533
237179,474436.4298645039
237225,475253.6786481381
237228,521838.7096064552
237651,358836.0
237944,415237.1996
238337,242990.02333631675
238366,195147.30673980643
238758,416634.545
238767,280979.8085901027
238986,436972.6515151515
239068,409275.4803366568
239080,243876.95031417854
255774,1484784.5205601198
259949,520700.0
259961,351456.74056888855
259962,253873.05888637505
259975,480970.51942492696
261283,383913.1768359518
261349,268726.9945664392
261464,292359.49809341086
261552,569350.9083608353
261555,346707.52777777775
261577,269163.2821483237
271287,195461.8350349715
271289,195461.8350349715
283783,354739.56373305054
283802,754280.8561034388
285000,434939.6873793011
285036,400151.31162464985
286226,193642.33340234327
286298,474436.4298645039
292949,538016.003930137
292957,105350.998
292994,220872.3563604405
293001,190614.8371184371
294088,367030.0
294239,580102.3346323107
294242,580005.0521727038
294302,1200000.116612688
300375,221849.0416666667
310846,1439690.0449266261
310857,187266.53060863024
310861,111977.22222222222
312221,474436.4298645039
312242,261960.87363095238
312286,475253.6786481381
312525,384870.39606197795
314881,476633.6857514879
315338,97364.32191993276
315772,155369.70628815627
316101,516924.44446115283
330009,803003.8833333334
330069,450836.68376068375
330080,771004.9016935973
330082,520225.2728595282
330083,660437.2208333333
330097,350763.563021978
330114,480267.25606837607
331958,384781.26086956525
332547,169049.76923076925
345112,200234.58611111107
346026,219637.6590909091
346028,171390.77666666664
347071,227563.3845713884
347256,324835.9145691974
347275,345043.1045094197
380265,384684.8698443898
380274,476633.6857514879
380434,790000.0
380988,538016.003930137
381755,181755.27639751552
381902,580102.3346323107
381963,1200000.116612688
405457,104690.67854229959
405458,102998.22132384127
405459,154029.08007409258
405487,290777.85773365124
405495,147181.83878787878
405496,320110.5972112675
405500,630791.6666666667
405513,624259.0569109104
405514,205170.62990196078
405520,210438.71323529416
405521,628780.8921993719
405523,272257.0757575758
405525,217505.17515082954
405526,447884.30779848166
405528,297147.69468428026
405529,333963.96403198654
406834,342200.5595238095
406880,352636.16108564637
406909,373889.89130434784
406916,320525.35588907514
407071,436972.6515151515
407136,929017.1295334776
414078,390589.52106197795
417678,293246.0
417709,260018.8246587146
419177,332149.1119488
419215,357294.0463920138
419338,292000.6870212078
419415,437981.8418357319
419437,326009.5203516404
419443,790119.3751524533
419445,1193125.7142857143
442375,315475.0
467192,194058.57687965225
474797,223592.9965536129
474799,115136.1682691205
490742,184656.77151961648
493377,790000.0
494808,476633.6857514879
495047,384870.39606197795
514606,793373.5656661359
516544,520225.2728595282
516545,771004.9016935973
516547,168307.39476190478
516644,339602.3310321529
516676,457814.8657882354
524391,231224.01271480534
524399,428703.89132846316
525351,351456.74056888855
525352,207127.18852255598
525359,260102.4603679893
525580,460000.0662109814
525606,520700.0
525626,324164.7234969511
525638,305577.25541831716
557785,650000.1345253275
557990,138838.37857142856
558284,241853.3125
558285,116815.57352941178
558288,143912.13995567925
558300,191630.67658730157
558301,182608.91666666663
558553,204866.38594748397
558702,295259.25
593271,375381.60714285716
594432,430487.75
594440,131334.258147514
595788,475253.6786481381
595859,521838.7096064552
695594,74459.58142857143
695928,234608.76119991473
697939,339602.3310321529
700851,1014397.92
744025,156937.87443064182
744527,287708.73329611664
745088,366100.35909704334
745212,790119.3751524533
899274,771004.9016935973
899275,520225.2728595282
955557,179432.04790049276
955558,149698.69336845507
955584,298649.0
955585,148645.09433369036
955591,1293332.4442459894
955603,140189.68062558357
955633,196574.4376599215
955654,409201.4453785941
955660,347570.2194989204
959906,1484784.5205601198
18186,95100.0
24465,18900.0
24469,30045.0
24470,17125.81679663349
24473,20560.0
24477,29600.0
24478,23700.0
24479,31500.0
24481,19980.0
24487,18400.0
24491,41800.0
24493,24955.0
24495,33600.0
24500,28890.0
24501,29740.0
24502,25300.0
24504,26600.0
24505,23600.0
24509,19050.0
24510,25500.0
43824,19100.0
63797,16763.333333333332
63805,20500.0
63806,20500.0
63807,26200.0
63809,30000.0
120976,25150.0
126494,19500.0
143965,20600.0
144028,29640.0
160946,27500.0
160947,27500.0
160955,28246.666666666668
177755,23180.0
180197,20240.0
180198,20240.0
180199,74600.0
180204,22914.666666666664
180208,25300.0
182583,17792.307692307695
182585,17792.307692307695
182595,18990.0
182602,21804.285714285714
195340,21490.0
201925,24600.0
214341,24800.0
226560,20100.0
233510,13400.0
233511,27994.64285714286
237508,17125.81679663349
260231,14800.0
260234,21000.0
274481,15433.333333333332
283991,28400.0
283995,122500.0
284001,26780.0
293222,17125.81679663349
300684,26089.0
300685,28016.666666666664
302972,17125.81679663349
315192,19350.0
327700,21500.0
327705,15603.333333333334
327706,15603.333333333334
330362,21790.0
405777,24300.0
405783,19870.0
417959,16629.0
417960,23250.0
417964,16083.333333333334
417965,16200.0
467425,21250.0
477906,17125.81679663349
516102,22850.0
524657,17125.81679663349
524666,24450.0
524667,19366.666666666668
557901,16450.0
557902,19008.333333333336
557905,18110.0
557907,24333.333333333332
594352,19290.0
595361,20810.89826839827
595362,20810.89826839827
595363,20500.0
595364,20500.0
595365,30000.0
955950,22106.190476190473
955951,21646.190476190473
